0 0 2.500000000000000000e+00
1 1 1.500000000000000000e+00
1 2 1.000000000000000000e+00
1 512 1.000000000000000000e+00
2 1 1.000000000000000000e+00
2 2 1.500000000000000000e+00
2 4 1.000000000000000000e+00
3 3 1.500000000000000000e+00
3 5 1.000000000000000000e+00
3 514 1.000000000000000000e+00
4 2 1.000000000000000000e+00
4 4 1.500000000000000000e+00
4 8 1.000000000000000000e+00
5 3 1.000000000000000000e+00
5 5 5.000000000000000000e-01
5 6 1.000000000000000000e+00
5 9 1.000000000000000000e+00
5 516 1.000000000000000000e+00
6 5 1.000000000000000000e+00
6 6 1.500000000000000000e+00
6 10 1.000000000000000000e+00
7 7 1.500000000000000000e+00
7 11 1.000000000000000000e+00
7 518 1.000000000000000000e+00
8 4 1.000000000000000000e+00
8 8 1.500000000000000000e+00
8 16 1.000000000000000000e+00
9 5 1.000000000000000000e+00
9 9 5.000000000000000000e-01
9 10 1.000000000000000000e+00
9 17 1.000000000000000000e+00
9 520 1.000000000000000000e+00
10 6 1.000000000000000000e+00
10 9 1.000000000000000000e+00
10 10 5.000000000000000000e-01
10 12 1.000000000000000000e+00
10 18 1.000000000000000000e+00
11 7 1.000000000000000000e+00
11 11 5.000000000000000000e-01
11 13 1.000000000000000000e+00
11 19 1.000000000000000000e+00
11 522 1.000000000000000000e+00
12 10 1.000000000000000000e+00
12 12 1.500000000000000000e+00
12 20 1.000000000000000000e+00
13 11 1.000000000000000000e+00
13 13 5.000000000000000000e-01
13 14 1.000000000000000000e+00
13 21 1.000000000000000000e+00
13 524 1.000000000000000000e+00
14 13 1.000000000000000000e+00
14 14 1.500000000000000000e+00
14 22 1.000000000000000000e+00
15 15 1.500000000000000000e+00
15 23 1.000000000000000000e+00
15 526 1.000000000000000000e+00
16 8 1.000000000000000000e+00
16 16 1.500000000000000000e+00
16 32 1.000000000000000000e+00
17 9 1.000000000000000000e+00
17 17 5.000000000000000000e-01
17 18 1.000000000000000000e+00
17 33 1.000000000000000000e+00
17 528 1.000000000000000000e+00
18 10 1.000000000000000000e+00
18 17 1.000000000000000000e+00
18 18 5.000000000000000000e-01
18 20 1.000000000000000000e+00
18 34 1.000000000000000000e+00
19 11 1.000000000000000000e+00
19 19 5.000000000000000000e-01
19 21 1.000000000000000000e+00
19 35 1.000000000000000000e+00
19 530 1.000000000000000000e+00
20 12 1.000000000000000000e+00
20 18 1.000000000000000000e+00
20 20 5.000000000000000000e-01
20 24 1.000000000000000000e+00
20 36 1.000000000000000000e+00
21 13 1.000000000000000000e+00
21 19 1.000000000000000000e+00
21 21 -5.000000000000000000e-01
21 22 1.000000000000000000e+00
21 25 1.000000000000000000e+00
21 37 1.000000000000000000e+00
21 532 1.000000000000000000e+00
22 14 1.000000000000000000e+00
22 21 1.000000000000000000e+00
22 22 5.000000000000000000e-01
22 26 1.000000000000000000e+00
22 38 1.000000000000000000e+00
23 15 1.000000000000000000e+00
23 23 5.000000000000000000e-01
23 27 1.000000000000000000e+00
23 39 1.000000000000000000e+00
23 534 1.000000000000000000e+00
24 20 1.000000000000000000e+00
24 24 1.500000000000000000e+00
24 40 1.000000000000000000e+00
25 21 1.000000000000000000e+00
25 25 5.000000000000000000e-01
25 26 1.000000000000000000e+00
25 41 1.000000000000000000e+00
25 536 1.000000000000000000e+00
26 22 1.000000000000000000e+00
26 25 1.000000000000000000e+00
26 26 5.000000000000000000e-01
26 28 1.000000000000000000e+00
26 42 1.000000000000000000e+00
27 23 1.000000000000000000e+00
27 27 5.000000000000000000e-01
27 29 1.000000000000000000e+00
27 43 1.000000000000000000e+00
27 538 1.000000000000000000e+00
28 26 1.000000000000000000e+00
28 28 1.500000000000000000e+00
28 44 1.000000000000000000e+00
29 27 1.000000000000000000e+00
29 29 5.000000000000000000e-01
29 30 1.000000000000000000e+00
29 45 1.000000000000000000e+00
29 540 1.000000000000000000e+00
30 29 1.000000000000000000e+00
30 30 1.500000000000000000e+00
30 46 1.000000000000000000e+00
31 31 1.500000000000000000e+00
31 47 1.000000000000000000e+00
31 542 1.000000000000000000e+00
32 16 1.000000000000000000e+00
32 32 1.500000000000000000e+00
32 64 1.000000000000000000e+00
33 17 1.000000000000000000e+00
33 33 5.000000000000000000e-01
33 34 1.000000000000000000e+00
33 65 1.000000000000000000e+00
33 544 1.000000000000000000e+00
34 18 1.000000000000000000e+00
34 33 1.000000000000000000e+00
34 34 5.000000000000000000e-01
34 36 1.000000000000000000e+00
34 66 1.000000000000000000e+00
35 19 1.000000000000000000e+00
35 35 5.000000000000000000e-01
35 37 1.000000000000000000e+00
35 67 1.000000000000000000e+00
35 546 1.000000000000000000e+00
36 20 1.000000000000000000e+00
36 34 1.000000000000000000e+00
36 36 5.000000000000000000e-01
36 40 1.000000000000000000e+00
36 68 1.000000000000000000e+00
37 21 1.000000000000000000e+00
37 35 1.000000000000000000e+00
37 37 -5.000000000000000000e-01
37 38 1.000000000000000000e+00
37 41 1.000000000000000000e+00
37 69 1.000000000000000000e+00
37 548 1.000000000000000000e+00
38 22 1.000000000000000000e+00
38 37 1.000000000000000000e+00
38 38 5.000000000000000000e-01
38 42 1.000000000000000000e+00
38 70 1.000000000000000000e+00
39 23 1.000000000000000000e+00
39 39 5.000000000000000000e-01
39 43 1.000000000000000000e+00
39 71 1.000000000000000000e+00
39 550 1.000000000000000000e+00
40 24 1.000000000000000000e+00
40 36 1.000000000000000000e+00
40 40 5.000000000000000000e-01
40 48 1.000000000000000000e+00
40 72 1.000000000000000000e+00
41 25 1.000000000000000000e+00
41 37 1.000000000000000000e+00
41 41 -5.000000000000000000e-01
41 42 1.000000000000000000e+00
41 49 1.000000000000000000e+00
41 73 1.000000000000000000e+00
41 552 1.000000000000000000e+00
42 26 1.000000000000000000e+00
42 38 1.000000000000000000e+00
42 41 1.000000000000000000e+00
42 42 -5.000000000000000000e-01
42 44 1.000000000000000000e+00
42 50 1.000000000000000000e+00
42 74 1.000000000000000000e+00
43 27 1.000000000000000000e+00
43 39 1.000000000000000000e+00
43 43 -5.000000000000000000e-01
43 45 1.000000000000000000e+00
43 51 1.000000000000000000e+00
43 75 1.000000000000000000e+00
43 554 1.000000000000000000e+00
44 28 1.000000000000000000e+00
44 42 1.000000000000000000e+00
44 44 5.000000000000000000e-01
44 52 1.000000000000000000e+00
44 76 1.000000000000000000e+00
45 29 1.000000000000000000e+00
45 43 1.000000000000000000e+00
45 45 -5.000000000000000000e-01
45 46 1.000000000000000000e+00
45 53 1.000000000000000000e+00
45 77 1.000000000000000000e+00
45 556 1.000000000000000000e+00
46 30 1.000000000000000000e+00
46 45 1.000000000000000000e+00
46 46 5.000000000000000000e-01
46 54 1.000000000000000000e+00
46 78 1.000000000000000000e+00
47 31 1.000000000000000000e+00
47 47 5.000000000000000000e-01
47 55 1.000000000000000000e+00
47 79 1.000000000000000000e+00
47 558 1.000000000000000000e+00
48 40 1.000000000000000000e+00
48 48 1.500000000000000000e+00
48 80 1.000000000000000000e+00
49 41 1.000000000000000000e+00
49 49 5.000000000000000000e-01
49 50 1.000000000000000000e+00
49 81 1.000000000000000000e+00
49 560 1.000000000000000000e+00
50 42 1.000000000000000000e+00
50 49 1.000000000000000000e+00
50 50 5.000000000000000000e-01
50 52 1.000000000000000000e+00
50 82 1.000000000000000000e+00
51 43 1.000000000000000000e+00
51 51 5.000000000000000000e-01
51 53 1.000000000000000000e+00
51 83 1.000000000000000000e+00
51 562 1.000000000000000000e+00
52 44 1.000000000000000000e+00
52 50 1.000000000000000000e+00
52 52 5.000000000000000000e-01
52 56 1.000000000000000000e+00
52 84 1.000000000000000000e+00
53 45 1.000000000000000000e+00
53 51 1.000000000000000000e+00
53 53 -5.000000000000000000e-01
53 54 1.000000000000000000e+00
53 57 1.000000000000000000e+00
53 85 1.000000000000000000e+00
53 564 1.000000000000000000e+00
54 46 1.000000000000000000e+00
54 53 1.000000000000000000e+00
54 54 5.000000000000000000e-01
54 58 1.000000000000000000e+00
54 86 1.000000000000000000e+00
55 47 1.000000000000000000e+00
55 55 5.000000000000000000e-01
55 59 1.000000000000000000e+00
55 87 1.000000000000000000e+00
55 566 1.000000000000000000e+00
56 52 1.000000000000000000e+00
56 56 1.500000000000000000e+00
56 88 1.000000000000000000e+00
57 53 1.000000000000000000e+00
57 57 5.000000000000000000e-01
57 58 1.000000000000000000e+00
57 89 1.000000000000000000e+00
57 568 1.000000000000000000e+00
58 54 1.000000000000000000e+00
58 57 1.000000000000000000e+00
58 58 5.000000000000000000e-01
58 60 1.000000000000000000e+00
58 90 1.000000000000000000e+00
59 55 1.000000000000000000e+00
59 59 5.000000000000000000e-01
59 61 1.000000000000000000e+00
59 91 1.000000000000000000e+00
59 570 1.000000000000000000e+00
60 58 1.000000000000000000e+00
60 60 1.500000000000000000e+00
60 92 1.000000000000000000e+00
61 59 1.000000000000000000e+00
61 61 5.000000000000000000e-01
61 62 1.000000000000000000e+00
61 93 1.000000000000000000e+00
61 572 1.000000000000000000e+00
62 61 1.000000000000000000e+00
62 62 1.500000000000000000e+00
62 94 1.000000000000000000e+00
63 63 1.500000000000000000e+00
63 95 1.000000000000000000e+00
63 574 1.000000000000000000e+00
64 32 1.000000000000000000e+00
64 64 1.500000000000000000e+00
64 128 1.000000000000000000e+00
65 33 1.000000000000000000e+00
65 65 5.000000000000000000e-01
65 66 1.000000000000000000e+00
65 129 1.000000000000000000e+00
65 576 1.000000000000000000e+00
66 34 1.000000000000000000e+00
66 65 1.000000000000000000e+00
66 66 5.000000000000000000e-01
66 68 1.000000000000000000e+00
66 130 1.000000000000000000e+00
67 35 1.000000000000000000e+00
67 67 5.000000000000000000e-01
67 69 1.000000000000000000e+00
67 131 1.000000000000000000e+00
67 578 1.000000000000000000e+00
68 36 1.000000000000000000e+00
68 66 1.000000000000000000e+00
68 68 5.000000000000000000e-01
68 72 1.000000000000000000e+00
68 132 1.000000000000000000e+00
69 37 1.000000000000000000e+00
69 67 1.000000000000000000e+00
69 69 -5.000000000000000000e-01
69 70 1.000000000000000000e+00
69 73 1.000000000000000000e+00
69 133 1.000000000000000000e+00
69 580 1.000000000000000000e+00
70 38 1.000000000000000000e+00
70 69 1.000000000000000000e+00
70 70 5.000000000000000000e-01
70 74 1.000000000000000000e+00
70 134 1.000000000000000000e+00
71 39 1.000000000000000000e+00
71 71 5.000000000000000000e-01
71 75 1.000000000000000000e+00
71 135 1.000000000000000000e+00
71 582 1.000000000000000000e+00
72 40 1.000000000000000000e+00
72 68 1.000000000000000000e+00
72 72 5.000000000000000000e-01
72 80 1.000000000000000000e+00
72 136 1.000000000000000000e+00
73 41 1.000000000000000000e+00
73 69 1.000000000000000000e+00
73 73 -5.000000000000000000e-01
73 74 1.000000000000000000e+00
73 81 1.000000000000000000e+00
73 137 1.000000000000000000e+00
73 584 1.000000000000000000e+00
74 42 1.000000000000000000e+00
74 70 1.000000000000000000e+00
74 73 1.000000000000000000e+00
74 74 -5.000000000000000000e-01
74 76 1.000000000000000000e+00
74 82 1.000000000000000000e+00
74 138 1.000000000000000000e+00
75 43 1.000000000000000000e+00
75 71 1.000000000000000000e+00
75 75 -5.000000000000000000e-01
75 77 1.000000000000000000e+00
75 83 1.000000000000000000e+00
75 139 1.000000000000000000e+00
75 586 1.000000000000000000e+00
76 44 1.000000000000000000e+00
76 74 1.000000000000000000e+00
76 76 5.000000000000000000e-01
76 84 1.000000000000000000e+00
76 140 1.000000000000000000e+00
77 45 1.000000000000000000e+00
77 75 1.000000000000000000e+00
77 77 -5.000000000000000000e-01
77 78 1.000000000000000000e+00
77 85 1.000000000000000000e+00
77 141 1.000000000000000000e+00
77 588 1.000000000000000000e+00
78 46 1.000000000000000000e+00
78 77 1.000000000000000000e+00
78 78 5.000000000000000000e-01
78 86 1.000000000000000000e+00
78 142 1.000000000000000000e+00
79 47 1.000000000000000000e+00
79 79 5.000000000000000000e-01
79 87 1.000000000000000000e+00
79 143 1.000000000000000000e+00
79 590 1.000000000000000000e+00
80 48 1.000000000000000000e+00
80 72 1.000000000000000000e+00
80 80 5.000000000000000000e-01
80 96 1.000000000000000000e+00
80 144 1.000000000000000000e+00
81 49 1.000000000000000000e+00
81 73 1.000000000000000000e+00
81 81 -5.000000000000000000e-01
81 82 1.000000000000000000e+00
81 97 1.000000000000000000e+00
81 145 1.000000000000000000e+00
81 592 1.000000000000000000e+00
82 50 1.000000000000000000e+00
82 74 1.000000000000000000e+00
82 81 1.000000000000000000e+00
82 82 -5.000000000000000000e-01
82 84 1.000000000000000000e+00
82 98 1.000000000000000000e+00
82 146 1.000000000000000000e+00
83 51 1.000000000000000000e+00
83 75 1.000000000000000000e+00
83 83 -5.000000000000000000e-01
83 85 1.000000000000000000e+00
83 99 1.000000000000000000e+00
83 147 1.000000000000000000e+00
83 594 1.000000000000000000e+00
84 52 1.000000000000000000e+00
84 76 1.000000000000000000e+00
84 82 1.000000000000000000e+00
84 84 -5.000000000000000000e-01
84 88 1.000000000000000000e+00
84 100 1.000000000000000000e+00
84 148 1.000000000000000000e+00
85 53 1.000000000000000000e+00
85 77 1.000000000000000000e+00
85 83 1.000000000000000000e+00
85 85 -1.500000000000000000e+00
85 86 1.000000000000000000e+00
85 89 1.000000000000000000e+00
85 101 1.000000000000000000e+00
85 149 1.000000000000000000e+00
85 596 1.000000000000000000e+00
86 54 1.000000000000000000e+00
86 78 1.000000000000000000e+00
86 85 1.000000000000000000e+00
86 86 -5.000000000000000000e-01
86 90 1.000000000000000000e+00
86 102 1.000000000000000000e+00
86 150 1.000000000000000000e+00
87 55 1.000000000000000000e+00
87 79 1.000000000000000000e+00
87 87 -5.000000000000000000e-01
87 91 1.000000000000000000e+00
87 103 1.000000000000000000e+00
87 151 1.000000000000000000e+00
87 598 1.000000000000000000e+00
88 56 1.000000000000000000e+00
88 84 1.000000000000000000e+00
88 88 5.000000000000000000e-01
88 104 1.000000000000000000e+00
88 152 1.000000000000000000e+00
89 57 1.000000000000000000e+00
89 85 1.000000000000000000e+00
89 89 -5.000000000000000000e-01
89 90 1.000000000000000000e+00
89 105 1.000000000000000000e+00
89 153 1.000000000000000000e+00
89 600 1.000000000000000000e+00
90 58 1.000000000000000000e+00
90 86 1.000000000000000000e+00
90 89 1.000000000000000000e+00
90 90 -5.000000000000000000e-01
90 92 1.000000000000000000e+00
90 106 1.000000000000000000e+00
90 154 1.000000000000000000e+00
91 59 1.000000000000000000e+00
91 87 1.000000000000000000e+00
91 91 -5.000000000000000000e-01
91 93 1.000000000000000000e+00
91 107 1.000000000000000000e+00
91 155 1.000000000000000000e+00
91 602 1.000000000000000000e+00
92 60 1.000000000000000000e+00
92 90 1.000000000000000000e+00
92 92 5.000000000000000000e-01
92 108 1.000000000000000000e+00
92 156 1.000000000000000000e+00
93 61 1.000000000000000000e+00
93 91 1.000000000000000000e+00
93 93 -5.000000000000000000e-01
93 94 1.000000000000000000e+00
93 109 1.000000000000000000e+00
93 157 1.000000000000000000e+00
93 604 1.000000000000000000e+00
94 62 1.000000000000000000e+00
94 93 1.000000000000000000e+00
94 94 5.000000000000000000e-01
94 110 1.000000000000000000e+00
94 158 1.000000000000000000e+00
95 63 1.000000000000000000e+00
95 95 5.000000000000000000e-01
95 111 1.000000000000000000e+00
95 159 1.000000000000000000e+00
95 606 1.000000000000000000e+00
96 80 1.000000000000000000e+00
96 96 1.500000000000000000e+00
96 160 1.000000000000000000e+00
97 81 1.000000000000000000e+00
97 97 5.000000000000000000e-01
97 98 1.000000000000000000e+00
97 161 1.000000000000000000e+00
97 608 1.000000000000000000e+00
98 82 1.000000000000000000e+00
98 97 1.000000000000000000e+00
98 98 5.000000000000000000e-01
98 100 1.000000000000000000e+00
98 162 1.000000000000000000e+00
99 83 1.000000000000000000e+00
99 99 5.000000000000000000e-01
99 101 1.000000000000000000e+00
99 163 1.000000000000000000e+00
99 610 1.000000000000000000e+00
100 84 1.000000000000000000e+00
100 98 1.000000000000000000e+00
100 100 5.000000000000000000e-01
100 104 1.000000000000000000e+00
100 164 1.000000000000000000e+00
101 85 1.000000000000000000e+00
101 99 1.000000000000000000e+00
101 101 -5.000000000000000000e-01
101 102 1.000000000000000000e+00
101 105 1.000000000000000000e+00
101 165 1.000000000000000000e+00
101 612 1.000000000000000000e+00
102 86 1.000000000000000000e+00
102 101 1.000000000000000000e+00
102 102 5.000000000000000000e-01
102 106 1.000000000000000000e+00
102 166 1.000000000000000000e+00
103 87 1.000000000000000000e+00
103 103 5.000000000000000000e-01
103 107 1.000000000000000000e+00
103 167 1.000000000000000000e+00
103 614 1.000000000000000000e+00
104 88 1.000000000000000000e+00
104 100 1.000000000000000000e+00
104 104 5.000000000000000000e-01
104 112 1.000000000000000000e+00
104 168 1.000000000000000000e+00
105 89 1.000000000000000000e+00
105 101 1.000000000000000000e+00
105 105 -5.000000000000000000e-01
105 106 1.000000000000000000e+00
105 113 1.000000000000000000e+00
105 169 1.000000000000000000e+00
105 616 1.000000000000000000e+00
106 90 1.000000000000000000e+00
106 102 1.000000000000000000e+00
106 105 1.000000000000000000e+00
106 106 -5.000000000000000000e-01
106 108 1.000000000000000000e+00
106 114 1.000000000000000000e+00
106 170 1.000000000000000000e+00
107 91 1.000000000000000000e+00
107 103 1.000000000000000000e+00
107 107 -5.000000000000000000e-01
107 109 1.000000000000000000e+00
107 115 1.000000000000000000e+00
107 171 1.000000000000000000e+00
107 618 1.000000000000000000e+00
108 92 1.000000000000000000e+00
108 106 1.000000000000000000e+00
108 108 5.000000000000000000e-01
108 116 1.000000000000000000e+00
108 172 1.000000000000000000e+00
109 93 1.000000000000000000e+00
109 107 1.000000000000000000e+00
109 109 -5.000000000000000000e-01
109 110 1.000000000000000000e+00
109 117 1.000000000000000000e+00
109 173 1.000000000000000000e+00
109 620 1.000000000000000000e+00
110 94 1.000000000000000000e+00
110 109 1.000000000000000000e+00
110 110 5.000000000000000000e-01
110 118 1.000000000000000000e+00
110 174 1.000000000000000000e+00
111 95 1.000000000000000000e+00
111 111 5.000000000000000000e-01
111 119 1.000000000000000000e+00
111 175 1.000000000000000000e+00
111 622 1.000000000000000000e+00
112 104 1.000000000000000000e+00
112 112 1.500000000000000000e+00
112 176 1.000000000000000000e+00
113 105 1.000000000000000000e+00
113 113 5.000000000000000000e-01
113 114 1.000000000000000000e+00
113 177 1.000000000000000000e+00
113 624 1.000000000000000000e+00
114 106 1.000000000000000000e+00
114 113 1.000000000000000000e+00
114 114 5.000000000000000000e-01
114 116 1.000000000000000000e+00
114 178 1.000000000000000000e+00
115 107 1.000000000000000000e+00
115 115 5.000000000000000000e-01
115 117 1.000000000000000000e+00
115 179 1.000000000000000000e+00
115 626 1.000000000000000000e+00
116 108 1.000000000000000000e+00
116 114 1.000000000000000000e+00
116 116 5.000000000000000000e-01
116 120 1.000000000000000000e+00
116 180 1.000000000000000000e+00
117 109 1.000000000000000000e+00
117 115 1.000000000000000000e+00
117 117 -5.000000000000000000e-01
117 118 1.000000000000000000e+00
117 121 1.000000000000000000e+00
117 181 1.000000000000000000e+00
117 628 1.000000000000000000e+00
118 110 1.000000000000000000e+00
118 117 1.000000000000000000e+00
118 118 5.000000000000000000e-01
118 122 1.000000000000000000e+00
118 182 1.000000000000000000e+00
119 111 1.000000000000000000e+00
119 119 5.000000000000000000e-01
119 123 1.000000000000000000e+00
119 183 1.000000000000000000e+00
119 630 1.000000000000000000e+00
120 116 1.000000000000000000e+00
120 120 1.500000000000000000e+00
120 184 1.000000000000000000e+00
121 117 1.000000000000000000e+00
121 121 5.000000000000000000e-01
121 122 1.000000000000000000e+00
121 185 1.000000000000000000e+00
121 632 1.000000000000000000e+00
122 118 1.000000000000000000e+00
122 121 1.000000000000000000e+00
122 122 5.000000000000000000e-01
122 124 1.000000000000000000e+00
122 186 1.000000000000000000e+00
123 119 1.000000000000000000e+00
123 123 5.000000000000000000e-01
123 125 1.000000000000000000e+00
123 187 1.000000000000000000e+00
123 634 1.000000000000000000e+00
124 122 1.000000000000000000e+00
124 124 1.500000000000000000e+00
124 188 1.000000000000000000e+00
125 123 1.000000000000000000e+00
125 125 5.000000000000000000e-01
125 126 1.000000000000000000e+00
125 189 1.000000000000000000e+00
125 636 1.000000000000000000e+00
126 125 1.000000000000000000e+00
126 126 1.500000000000000000e+00
126 190 1.000000000000000000e+00
127 127 1.500000000000000000e+00
127 191 1.000000000000000000e+00
127 638 1.000000000000000000e+00
128 64 1.000000000000000000e+00
128 128 1.500000000000000000e+00
128 256 1.000000000000000000e+00
129 65 1.000000000000000000e+00
129 129 5.000000000000000000e-01
129 130 1.000000000000000000e+00
129 257 1.000000000000000000e+00
129 640 1.000000000000000000e+00
130 66 1.000000000000000000e+00
130 129 1.000000000000000000e+00
130 130 5.000000000000000000e-01
130 132 1.000000000000000000e+00
130 258 1.000000000000000000e+00
131 67 1.000000000000000000e+00
131 131 5.000000000000000000e-01
131 133 1.000000000000000000e+00
131 259 1.000000000000000000e+00
131 642 1.000000000000000000e+00
132 68 1.000000000000000000e+00
132 130 1.000000000000000000e+00
132 132 5.000000000000000000e-01
132 136 1.000000000000000000e+00
132 260 1.000000000000000000e+00
133 69 1.000000000000000000e+00
133 131 1.000000000000000000e+00
133 133 -5.000000000000000000e-01
133 134 1.000000000000000000e+00
133 137 1.000000000000000000e+00
133 261 1.000000000000000000e+00
133 644 1.000000000000000000e+00
134 70 1.000000000000000000e+00
134 133 1.000000000000000000e+00
134 134 5.000000000000000000e-01
134 138 1.000000000000000000e+00
134 262 1.000000000000000000e+00
135 71 1.000000000000000000e+00
135 135 5.000000000000000000e-01
135 139 1.000000000000000000e+00
135 263 1.000000000000000000e+00
135 646 1.000000000000000000e+00
136 72 1.000000000000000000e+00
136 132 1.000000000000000000e+00
136 136 5.000000000000000000e-01
136 144 1.000000000000000000e+00
136 264 1.000000000000000000e+00
137 73 1.000000000000000000e+00
137 133 1.000000000000000000e+00
137 137 -5.000000000000000000e-01
137 138 1.000000000000000000e+00
137 145 1.000000000000000000e+00
137 265 1.000000000000000000e+00
137 648 1.000000000000000000e+00
138 74 1.000000000000000000e+00
138 134 1.000000000000000000e+00
138 137 1.000000000000000000e+00
138 138 -5.000000000000000000e-01
138 140 1.000000000000000000e+00
138 146 1.000000000000000000e+00
138 266 1.000000000000000000e+00
139 75 1.000000000000000000e+00
139 135 1.000000000000000000e+00
139 139 -5.000000000000000000e-01
139 141 1.000000000000000000e+00
139 147 1.000000000000000000e+00
139 267 1.000000000000000000e+00
139 650 1.000000000000000000e+00
140 76 1.000000000000000000e+00
140 138 1.000000000000000000e+00
140 140 5.000000000000000000e-01
140 148 1.000000000000000000e+00
140 268 1.000000000000000000e+00
141 77 1.000000000000000000e+00
141 139 1.000000000000000000e+00
141 141 -5.000000000000000000e-01
141 142 1.000000000000000000e+00
141 149 1.000000000000000000e+00
141 269 1.000000000000000000e+00
141 652 1.000000000000000000e+00
142 78 1.000000000000000000e+00
142 141 1.000000000000000000e+00
142 142 5.000000000000000000e-01
142 150 1.000000000000000000e+00
142 270 1.000000000000000000e+00
143 79 1.000000000000000000e+00
143 143 5.000000000000000000e-01
143 151 1.000000000000000000e+00
143 271 1.000000000000000000e+00
143 654 1.000000000000000000e+00
144 80 1.000000000000000000e+00
144 136 1.000000000000000000e+00
144 144 5.000000000000000000e-01
144 160 1.000000000000000000e+00
144 272 1.000000000000000000e+00
145 81 1.000000000000000000e+00
145 137 1.000000000000000000e+00
145 145 -5.000000000000000000e-01
145 146 1.000000000000000000e+00
145 161 1.000000000000000000e+00
145 273 1.000000000000000000e+00
145 656 1.000000000000000000e+00
146 82 1.000000000000000000e+00
146 138 1.000000000000000000e+00
146 145 1.000000000000000000e+00
146 146 -5.000000000000000000e-01
146 148 1.000000000000000000e+00
146 162 1.000000000000000000e+00
146 274 1.000000000000000000e+00
147 83 1.000000000000000000e+00
147 139 1.000000000000000000e+00
147 147 -5.000000000000000000e-01
147 149 1.000000000000000000e+00
147 163 1.000000000000000000e+00
147 275 1.000000000000000000e+00
147 658 1.000000000000000000e+00
148 84 1.000000000000000000e+00
148 140 1.000000000000000000e+00
148 146 1.000000000000000000e+00
148 148 -5.000000000000000000e-01
148 152 1.000000000000000000e+00
148 164 1.000000000000000000e+00
148 276 1.000000000000000000e+00
149 85 1.000000000000000000e+00
149 141 1.000000000000000000e+00
149 147 1.000000000000000000e+00
149 149 -1.500000000000000000e+00
149 150 1.000000000000000000e+00
149 153 1.000000000000000000e+00
149 165 1.000000000000000000e+00
149 277 1.000000000000000000e+00
149 660 1.000000000000000000e+00
150 86 1.000000000000000000e+00
150 142 1.000000000000000000e+00
150 149 1.000000000000000000e+00
150 150 -5.000000000000000000e-01
150 154 1.000000000000000000e+00
150 166 1.000000000000000000e+00
150 278 1.000000000000000000e+00
151 87 1.000000000000000000e+00
151 143 1.000000000000000000e+00
151 151 -5.000000000000000000e-01
151 155 1.000000000000000000e+00
151 167 1.000000000000000000e+00
151 279 1.000000000000000000e+00
151 662 1.000000000000000000e+00
152 88 1.000000000000000000e+00
152 148 1.000000000000000000e+00
152 152 5.000000000000000000e-01
152 168 1.000000000000000000e+00
152 280 1.000000000000000000e+00
153 89 1.000000000000000000e+00
153 149 1.000000000000000000e+00
153 153 -5.000000000000000000e-01
153 154 1.000000000000000000e+00
153 169 1.000000000000000000e+00
153 281 1.000000000000000000e+00
153 664 1.000000000000000000e+00
154 90 1.000000000000000000e+00
154 150 1.000000000000000000e+00
154 153 1.000000000000000000e+00
154 154 -5.000000000000000000e-01
154 156 1.000000000000000000e+00
154 170 1.000000000000000000e+00
154 282 1.000000000000000000e+00
155 91 1.000000000000000000e+00
155 151 1.000000000000000000e+00
155 155 -5.000000000000000000e-01
155 157 1.000000000000000000e+00
155 171 1.000000000000000000e+00
155 283 1.000000000000000000e+00
155 666 1.000000000000000000e+00
156 92 1.000000000000000000e+00
156 154 1.000000000000000000e+00
156 156 5.000000000000000000e-01
156 172 1.000000000000000000e+00
156 284 1.000000000000000000e+00
157 93 1.000000000000000000e+00
157 155 1.000000000000000000e+00
157 157 -5.000000000000000000e-01
157 158 1.000000000000000000e+00
157 173 1.000000000000000000e+00
157 285 1.000000000000000000e+00
157 668 1.000000000000000000e+00
158 94 1.000000000000000000e+00
158 157 1.000000000000000000e+00
158 158 5.000000000000000000e-01
158 174 1.000000000000000000e+00
158 286 1.000000000000000000e+00
159 95 1.000000000000000000e+00
159 159 5.000000000000000000e-01
159 175 1.000000000000000000e+00
159 287 1.000000000000000000e+00
159 670 1.000000000000000000e+00
160 96 1.000000000000000000e+00
160 144 1.000000000000000000e+00
160 160 5.000000000000000000e-01
160 192 1.000000000000000000e+00
160 288 1.000000000000000000e+00
161 97 1.000000000000000000e+00
161 145 1.000000000000000000e+00
161 161 -5.000000000000000000e-01
161 162 1.000000000000000000e+00
161 193 1.000000000000000000e+00
161 289 1.000000000000000000e+00
161 672 1.000000000000000000e+00
162 98 1.000000000000000000e+00
162 146 1.000000000000000000e+00
162 161 1.000000000000000000e+00
162 162 -5.000000000000000000e-01
162 164 1.000000000000000000e+00
162 194 1.000000000000000000e+00
162 290 1.000000000000000000e+00
163 99 1.000000000000000000e+00
163 147 1.000000000000000000e+00
163 163 -5.000000000000000000e-01
163 165 1.000000000000000000e+00
163 195 1.000000000000000000e+00
163 291 1.000000000000000000e+00
163 674 1.000000000000000000e+00
164 100 1.000000000000000000e+00
164 148 1.000000000000000000e+00
164 162 1.000000000000000000e+00
164 164 -5.000000000000000000e-01
164 168 1.000000000000000000e+00
164 196 1.000000000000000000e+00
164 292 1.000000000000000000e+00
165 101 1.000000000000000000e+00
165 149 1.000000000000000000e+00
165 163 1.000000000000000000e+00
165 165 -1.500000000000000000e+00
165 166 1.000000000000000000e+00
165 169 1.000000000000000000e+00
165 197 1.000000000000000000e+00
165 293 1.000000000000000000e+00
165 676 1.000000000000000000e+00
166 102 1.000000000000000000e+00
166 150 1.000000000000000000e+00
166 165 1.000000000000000000e+00
166 166 -5.000000000000000000e-01
166 170 1.000000000000000000e+00
166 198 1.000000000000000000e+00
166 294 1.000000000000000000e+00
167 103 1.000000000000000000e+00
167 151 1.000000000000000000e+00
167 167 -5.000000000000000000e-01
167 171 1.000000000000000000e+00
167 199 1.000000000000000000e+00
167 295 1.000000000000000000e+00
167 678 1.000000000000000000e+00
168 104 1.000000000000000000e+00
168 152 1.000000000000000000e+00
168 164 1.000000000000000000e+00
168 168 -5.000000000000000000e-01
168 176 1.000000000000000000e+00
168 200 1.000000000000000000e+00
168 296 1.000000000000000000e+00
169 105 1.000000000000000000e+00
169 153 1.000000000000000000e+00
169 165 1.000000000000000000e+00
169 169 -1.500000000000000000e+00
169 170 1.000000000000000000e+00
169 177 1.000000000000000000e+00
169 201 1.000000000000000000e+00
169 297 1.000000000000000000e+00
169 680 1.000000000000000000e+00
170 106 1.000000000000000000e+00
170 154 1.000000000000000000e+00
170 166 1.000000000000000000e+00
170 169 1.000000000000000000e+00
170 170 -1.500000000000000000e+00
170 172 1.000000000000000000e+00
170 178 1.000000000000000000e+00
170 202 1.000000000000000000e+00
170 298 1.000000000000000000e+00
171 107 1.000000000000000000e+00
171 155 1.000000000000000000e+00
171 167 1.000000000000000000e+00
171 171 -1.500000000000000000e+00
171 173 1.000000000000000000e+00
171 179 1.000000000000000000e+00
171 203 1.000000000000000000e+00
171 299 1.000000000000000000e+00
171 682 1.000000000000000000e+00
172 108 1.000000000000000000e+00
172 156 1.000000000000000000e+00
172 170 1.000000000000000000e+00
172 172 -5.000000000000000000e-01
172 180 1.000000000000000000e+00
172 204 1.000000000000000000e+00
172 300 1.000000000000000000e+00
173 109 1.000000000000000000e+00
173 157 1.000000000000000000e+00
173 171 1.000000000000000000e+00
173 173 -1.500000000000000000e+00
173 174 1.000000000000000000e+00
173 181 1.000000000000000000e+00
173 205 1.000000000000000000e+00
173 301 1.000000000000000000e+00
173 684 1.000000000000000000e+00
174 110 1.000000000000000000e+00
174 158 1.000000000000000000e+00
174 173 1.000000000000000000e+00
174 174 -5.000000000000000000e-01
174 182 1.000000000000000000e+00
174 206 1.000000000000000000e+00
174 302 1.000000000000000000e+00
175 111 1.000000000000000000e+00
175 159 1.000000000000000000e+00
175 175 -5.000000000000000000e-01
175 183 1.000000000000000000e+00
175 207 1.000000000000000000e+00
175 303 1.000000000000000000e+00
175 686 1.000000000000000000e+00
176 112 1.000000000000000000e+00
176 168 1.000000000000000000e+00
176 176 5.000000000000000000e-01
176 208 1.000000000000000000e+00
176 304 1.000000000000000000e+00
177 113 1.000000000000000000e+00
177 169 1.000000000000000000e+00
177 177 -5.000000000000000000e-01
177 178 1.000000000000000000e+00
177 209 1.000000000000000000e+00
177 305 1.000000000000000000e+00
177 688 1.000000000000000000e+00
178 114 1.000000000000000000e+00
178 170 1.000000000000000000e+00
178 177 1.000000000000000000e+00
178 178 -5.000000000000000000e-01
178 180 1.000000000000000000e+00
178 210 1.000000000000000000e+00
178 306 1.000000000000000000e+00
179 115 1.000000000000000000e+00
179 171 1.000000000000000000e+00
179 179 -5.000000000000000000e-01
179 181 1.000000000000000000e+00
179 211 1.000000000000000000e+00
179 307 1.000000000000000000e+00
179 690 1.000000000000000000e+00
180 116 1.000000000000000000e+00
180 172 1.000000000000000000e+00
180 178 1.000000000000000000e+00
180 180 -5.000000000000000000e-01
180 184 1.000000000000000000e+00
180 212 1.000000000000000000e+00
180 308 1.000000000000000000e+00
181 117 1.000000000000000000e+00
181 173 1.000000000000000000e+00
181 179 1.000000000000000000e+00
181 181 -1.500000000000000000e+00
181 182 1.000000000000000000e+00
181 185 1.000000000000000000e+00
181 213 1.000000000000000000e+00
181 309 1.000000000000000000e+00
181 692 1.000000000000000000e+00
182 118 1.000000000000000000e+00
182 174 1.000000000000000000e+00
182 181 1.000000000000000000e+00
182 182 -5.000000000000000000e-01
182 186 1.000000000000000000e+00
182 214 1.000000000000000000e+00
182 310 1.000000000000000000e+00
183 119 1.000000000000000000e+00
183 175 1.000000000000000000e+00
183 183 -5.000000000000000000e-01
183 187 1.000000000000000000e+00
183 215 1.000000000000000000e+00
183 311 1.000000000000000000e+00
183 694 1.000000000000000000e+00
184 120 1.000000000000000000e+00
184 180 1.000000000000000000e+00
184 184 5.000000000000000000e-01
184 216 1.000000000000000000e+00
184 312 1.000000000000000000e+00
185 121 1.000000000000000000e+00
185 181 1.000000000000000000e+00
185 185 -5.000000000000000000e-01
185 186 1.000000000000000000e+00
185 217 1.000000000000000000e+00
185 313 1.000000000000000000e+00
185 696 1.000000000000000000e+00
186 122 1.000000000000000000e+00
186 182 1.000000000000000000e+00
186 185 1.000000000000000000e+00
186 186 -5.000000000000000000e-01
186 188 1.000000000000000000e+00
186 218 1.000000000000000000e+00
186 314 1.000000000000000000e+00
187 123 1.000000000000000000e+00
187 183 1.000000000000000000e+00
187 187 -5.000000000000000000e-01
187 189 1.000000000000000000e+00
187 219 1.000000000000000000e+00
187 315 1.000000000000000000e+00
187 698 1.000000000000000000e+00
188 124 1.000000000000000000e+00
188 186 1.000000000000000000e+00
188 188 5.000000000000000000e-01
188 220 1.000000000000000000e+00
188 316 1.000000000000000000e+00
189 125 1.000000000000000000e+00
189 187 1.000000000000000000e+00
189 189 -5.000000000000000000e-01
189 190 1.000000000000000000e+00
189 221 1.000000000000000000e+00
189 317 1.000000000000000000e+00
189 700 1.000000000000000000e+00
190 126 1.000000000000000000e+00
190 189 1.000000000000000000e+00
190 190 5.000000000000000000e-01
190 222 1.000000000000000000e+00
190 318 1.000000000000000000e+00
191 127 1.000000000000000000e+00
191 191 5.000000000000000000e-01
191 223 1.000000000000000000e+00
191 319 1.000000000000000000e+00
191 702 1.000000000000000000e+00
192 160 1.000000000000000000e+00
192 192 1.500000000000000000e+00
192 320 1.000000000000000000e+00
193 161 1.000000000000000000e+00
193 193 5.000000000000000000e-01
193 194 1.000000000000000000e+00
193 321 1.000000000000000000e+00
193 704 1.000000000000000000e+00
194 162 1.000000000000000000e+00
194 193 1.000000000000000000e+00
194 194 5.000000000000000000e-01
194 196 1.000000000000000000e+00
194 322 1.000000000000000000e+00
195 163 1.000000000000000000e+00
195 195 5.000000000000000000e-01
195 197 1.000000000000000000e+00
195 323 1.000000000000000000e+00
195 706 1.000000000000000000e+00
196 164 1.000000000000000000e+00
196 194 1.000000000000000000e+00
196 196 5.000000000000000000e-01
196 200 1.000000000000000000e+00
196 324 1.000000000000000000e+00
197 165 1.000000000000000000e+00
197 195 1.000000000000000000e+00
197 197 -5.000000000000000000e-01
197 198 1.000000000000000000e+00
197 201 1.000000000000000000e+00
197 325 1.000000000000000000e+00
197 708 1.000000000000000000e+00
198 166 1.000000000000000000e+00
198 197 1.000000000000000000e+00
198 198 5.000000000000000000e-01
198 202 1.000000000000000000e+00
198 326 1.000000000000000000e+00
199 167 1.000000000000000000e+00
199 199 5.000000000000000000e-01
199 203 1.000000000000000000e+00
199 327 1.000000000000000000e+00
199 710 1.000000000000000000e+00
200 168 1.000000000000000000e+00
200 196 1.000000000000000000e+00
200 200 5.000000000000000000e-01
200 208 1.000000000000000000e+00
200 328 1.000000000000000000e+00
201 169 1.000000000000000000e+00
201 197 1.000000000000000000e+00
201 201 -5.000000000000000000e-01
201 202 1.000000000000000000e+00
201 209 1.000000000000000000e+00
201 329 1.000000000000000000e+00
201 712 1.000000000000000000e+00
202 170 1.000000000000000000e+00
202 198 1.000000000000000000e+00
202 201 1.000000000000000000e+00
202 202 -5.000000000000000000e-01
202 204 1.000000000000000000e+00
202 210 1.000000000000000000e+00
202 330 1.000000000000000000e+00
203 171 1.000000000000000000e+00
203 199 1.000000000000000000e+00
203 203 -5.000000000000000000e-01
203 205 1.000000000000000000e+00
203 211 1.000000000000000000e+00
203 331 1.000000000000000000e+00
203 714 1.000000000000000000e+00
204 172 1.000000000000000000e+00
204 202 1.000000000000000000e+00
204 204 5.000000000000000000e-01
204 212 1.000000000000000000e+00
204 332 1.000000000000000000e+00
205 173 1.000000000000000000e+00
205 203 1.000000000000000000e+00
205 205 -5.000000000000000000e-01
205 206 1.000000000000000000e+00
205 213 1.000000000000000000e+00
205 333 1.000000000000000000e+00
205 716 1.000000000000000000e+00
206 174 1.000000000000000000e+00
206 205 1.000000000000000000e+00
206 206 5.000000000000000000e-01
206 214 1.000000000000000000e+00
206 334 1.000000000000000000e+00
207 175 1.000000000000000000e+00
207 207 5.000000000000000000e-01
207 215 1.000000000000000000e+00
207 335 1.000000000000000000e+00
207 718 1.000000000000000000e+00
208 176 1.000000000000000000e+00
208 200 1.000000000000000000e+00
208 208 5.000000000000000000e-01
208 224 1.000000000000000000e+00
208 336 1.000000000000000000e+00
209 177 1.000000000000000000e+00
209 201 1.000000000000000000e+00
209 209 -5.000000000000000000e-01
209 210 1.000000000000000000e+00
209 225 1.000000000000000000e+00
209 337 1.000000000000000000e+00
209 720 1.000000000000000000e+00
210 178 1.000000000000000000e+00
210 202 1.000000000000000000e+00
210 209 1.000000000000000000e+00
210 210 -5.000000000000000000e-01
210 212 1.000000000000000000e+00
210 226 1.000000000000000000e+00
210 338 1.000000000000000000e+00
211 179 1.000000000000000000e+00
211 203 1.000000000000000000e+00
211 211 -5.000000000000000000e-01
211 213 1.000000000000000000e+00
211 227 1.000000000000000000e+00
211 339 1.000000000000000000e+00
211 722 1.000000000000000000e+00
212 180 1.000000000000000000e+00
212 204 1.000000000000000000e+00
212 210 1.000000000000000000e+00
212 212 -5.000000000000000000e-01
212 216 1.000000000000000000e+00
212 228 1.000000000000000000e+00
212 340 1.000000000000000000e+00
213 181 1.000000000000000000e+00
213 205 1.000000000000000000e+00
213 211 1.000000000000000000e+00
213 213 -1.500000000000000000e+00
213 214 1.000000000000000000e+00
213 217 1.000000000000000000e+00
213 229 1.000000000000000000e+00
213 341 1.000000000000000000e+00
213 724 1.000000000000000000e+00
214 182 1.000000000000000000e+00
214 206 1.000000000000000000e+00
214 213 1.000000000000000000e+00
214 214 -5.000000000000000000e-01
214 218 1.000000000000000000e+00
214 230 1.000000000000000000e+00
214 342 1.000000000000000000e+00
215 183 1.000000000000000000e+00
215 207 1.000000000000000000e+00
215 215 -5.000000000000000000e-01
215 219 1.000000000000000000e+00
215 231 1.000000000000000000e+00
215 343 1.000000000000000000e+00
215 726 1.000000000000000000e+00
216 184 1.000000000000000000e+00
216 212 1.000000000000000000e+00
216 216 5.000000000000000000e-01
216 232 1.000000000000000000e+00
216 344 1.000000000000000000e+00
217 185 1.000000000000000000e+00
217 213 1.000000000000000000e+00
217 217 -5.000000000000000000e-01
217 218 1.000000000000000000e+00
217 233 1.000000000000000000e+00
217 345 1.000000000000000000e+00
217 728 1.000000000000000000e+00
218 186 1.000000000000000000e+00
218 214 1.000000000000000000e+00
218 217 1.000000000000000000e+00
218 218 -5.000000000000000000e-01
218 220 1.000000000000000000e+00
218 234 1.000000000000000000e+00
218 346 1.000000000000000000e+00
219 187 1.000000000000000000e+00
219 215 1.000000000000000000e+00
219 219 -5.000000000000000000e-01
219 221 1.000000000000000000e+00
219 235 1.000000000000000000e+00
219 347 1.000000000000000000e+00
219 730 1.000000000000000000e+00
220 188 1.000000000000000000e+00
220 218 1.000000000000000000e+00
220 220 5.000000000000000000e-01
220 236 1.000000000000000000e+00
220 348 1.000000000000000000e+00
221 189 1.000000000000000000e+00
221 219 1.000000000000000000e+00
221 221 -5.000000000000000000e-01
221 222 1.000000000000000000e+00
221 237 1.000000000000000000e+00
221 349 1.000000000000000000e+00
221 732 1.000000000000000000e+00
222 190 1.000000000000000000e+00
222 221 1.000000000000000000e+00
222 222 5.000000000000000000e-01
222 238 1.000000000000000000e+00
222 350 1.000000000000000000e+00
223 191 1.000000000000000000e+00
223 223 5.000000000000000000e-01
223 239 1.000000000000000000e+00
223 351 1.000000000000000000e+00
223 734 1.000000000000000000e+00
224 208 1.000000000000000000e+00
224 224 1.500000000000000000e+00
224 352 1.000000000000000000e+00
225 209 1.000000000000000000e+00
225 225 5.000000000000000000e-01
225 226 1.000000000000000000e+00
225 353 1.000000000000000000e+00
225 736 1.000000000000000000e+00
226 210 1.000000000000000000e+00
226 225 1.000000000000000000e+00
226 226 5.000000000000000000e-01
226 228 1.000000000000000000e+00
226 354 1.000000000000000000e+00
227 211 1.000000000000000000e+00
227 227 5.000000000000000000e-01
227 229 1.000000000000000000e+00
227 355 1.000000000000000000e+00
227 738 1.000000000000000000e+00
228 212 1.000000000000000000e+00
228 226 1.000000000000000000e+00
228 228 5.000000000000000000e-01
228 232 1.000000000000000000e+00
228 356 1.000000000000000000e+00
229 213 1.000000000000000000e+00
229 227 1.000000000000000000e+00
229 229 -5.000000000000000000e-01
229 230 1.000000000000000000e+00
229 233 1.000000000000000000e+00
229 357 1.000000000000000000e+00
229 740 1.000000000000000000e+00
230 214 1.000000000000000000e+00
230 229 1.000000000000000000e+00
230 230 5.000000000000000000e-01
230 234 1.000000000000000000e+00
230 358 1.000000000000000000e+00
231 215 1.000000000000000000e+00
231 231 5.000000000000000000e-01
231 235 1.000000000000000000e+00
231 359 1.000000000000000000e+00
231 742 1.000000000000000000e+00
232 216 1.000000000000000000e+00
232 228 1.000000000000000000e+00
232 232 5.000000000000000000e-01
232 240 1.000000000000000000e+00
232 360 1.000000000000000000e+00
233 217 1.000000000000000000e+00
233 229 1.000000000000000000e+00
233 233 -5.000000000000000000e-01
233 234 1.000000000000000000e+00
233 241 1.000000000000000000e+00
233 361 1.000000000000000000e+00
233 744 1.000000000000000000e+00
234 218 1.000000000000000000e+00
234 230 1.000000000000000000e+00
234 233 1.000000000000000000e+00
234 234 -5.000000000000000000e-01
234 236 1.000000000000000000e+00
234 242 1.000000000000000000e+00
234 362 1.000000000000000000e+00
235 219 1.000000000000000000e+00
235 231 1.000000000000000000e+00
235 235 -5.000000000000000000e-01
235 237 1.000000000000000000e+00
235 243 1.000000000000000000e+00
235 363 1.000000000000000000e+00
235 746 1.000000000000000000e+00
236 220 1.000000000000000000e+00
236 234 1.000000000000000000e+00
236 236 5.000000000000000000e-01
236 244 1.000000000000000000e+00
236 364 1.000000000000000000e+00
237 221 1.000000000000000000e+00
237 235 1.000000000000000000e+00
237 237 -5.000000000000000000e-01
237 238 1.000000000000000000e+00
237 245 1.000000000000000000e+00
237 365 1.000000000000000000e+00
237 748 1.000000000000000000e+00
238 222 1.000000000000000000e+00
238 237 1.000000000000000000e+00
238 238 5.000000000000000000e-01
238 246 1.000000000000000000e+00
238 366 1.000000000000000000e+00
239 223 1.000000000000000000e+00
239 239 5.000000000000000000e-01
239 247 1.000000000000000000e+00
239 367 1.000000000000000000e+00
239 750 1.000000000000000000e+00
240 232 1.000000000000000000e+00
240 240 1.500000000000000000e+00
240 368 1.000000000000000000e+00
241 233 1.000000000000000000e+00
241 241 5.000000000000000000e-01
241 242 1.000000000000000000e+00
241 369 1.000000000000000000e+00
241 752 1.000000000000000000e+00
242 234 1.000000000000000000e+00
242 241 1.000000000000000000e+00
242 242 5.000000000000000000e-01
242 244 1.000000000000000000e+00
242 370 1.000000000000000000e+00
243 235 1.000000000000000000e+00
243 243 5.000000000000000000e-01
243 245 1.000000000000000000e+00
243 371 1.000000000000000000e+00
243 754 1.000000000000000000e+00
244 236 1.000000000000000000e+00
244 242 1.000000000000000000e+00
244 244 5.000000000000000000e-01
244 248 1.000000000000000000e+00
244 372 1.000000000000000000e+00
245 237 1.000000000000000000e+00
245 243 1.000000000000000000e+00
245 245 -5.000000000000000000e-01
245 246 1.000000000000000000e+00
245 249 1.000000000000000000e+00
245 373 1.000000000000000000e+00
245 756 1.000000000000000000e+00
246 238 1.000000000000000000e+00
246 245 1.000000000000000000e+00
246 246 5.000000000000000000e-01
246 250 1.000000000000000000e+00
246 374 1.000000000000000000e+00
247 239 1.000000000000000000e+00
247 247 5.000000000000000000e-01
247 251 1.000000000000000000e+00
247 375 1.000000000000000000e+00
247 758 1.000000000000000000e+00
248 244 1.000000000000000000e+00
248 248 1.500000000000000000e+00
248 376 1.000000000000000000e+00
249 245 1.000000000000000000e+00
249 249 5.000000000000000000e-01
249 250 1.000000000000000000e+00
249 377 1.000000000000000000e+00
249 760 1.000000000000000000e+00
250 246 1.000000000000000000e+00
250 249 1.000000000000000000e+00
250 250 5.000000000000000000e-01
250 252 1.000000000000000000e+00
250 378 1.000000000000000000e+00
251 247 1.000000000000000000e+00
251 251 5.000000000000000000e-01
251 253 1.000000000000000000e+00
251 379 1.000000000000000000e+00
251 762 1.000000000000000000e+00
252 250 1.000000000000000000e+00
252 252 1.500000000000000000e+00
252 380 1.000000000000000000e+00
253 251 1.000000000000000000e+00
253 253 5.000000000000000000e-01
253 254 1.000000000000000000e+00
253 381 1.000000000000000000e+00
253 764 1.000000000000000000e+00
254 253 1.000000000000000000e+00
254 254 1.500000000000000000e+00
254 382 1.000000000000000000e+00
255 255 1.500000000000000000e+00
255 383 1.000000000000000000e+00
255 766 1.000000000000000000e+00
256 128 1.000000000000000000e+00
256 256 1.500000000000000000e+00
256 512 1.000000000000000000e+00
257 129 1.000000000000000000e+00
257 257 5.000000000000000000e-01
257 258 1.000000000000000000e+00
257 513 1.000000000000000000e+00
257 768 1.000000000000000000e+00
258 130 1.000000000000000000e+00
258 257 1.000000000000000000e+00
258 258 5.000000000000000000e-01
258 260 1.000000000000000000e+00
258 514 1.000000000000000000e+00
259 131 1.000000000000000000e+00
259 259 5.000000000000000000e-01
259 261 1.000000000000000000e+00
259 515 1.000000000000000000e+00
259 770 1.000000000000000000e+00
260 132 1.000000000000000000e+00
260 258 1.000000000000000000e+00
260 260 5.000000000000000000e-01
260 264 1.000000000000000000e+00
260 516 1.000000000000000000e+00
261 133 1.000000000000000000e+00
261 259 1.000000000000000000e+00
261 261 -5.000000000000000000e-01
261 262 1.000000000000000000e+00
261 265 1.000000000000000000e+00
261 517 1.000000000000000000e+00
261 772 1.000000000000000000e+00
262 134 1.000000000000000000e+00
262 261 1.000000000000000000e+00
262 262 5.000000000000000000e-01
262 266 1.000000000000000000e+00
262 518 1.000000000000000000e+00
263 135 1.000000000000000000e+00
263 263 5.000000000000000000e-01
263 267 1.000000000000000000e+00
263 519 1.000000000000000000e+00
263 774 1.000000000000000000e+00
264 136 1.000000000000000000e+00
264 260 1.000000000000000000e+00
264 264 5.000000000000000000e-01
264 272 1.000000000000000000e+00
264 520 1.000000000000000000e+00
265 137 1.000000000000000000e+00
265 261 1.000000000000000000e+00
265 265 -5.000000000000000000e-01
265 266 1.000000000000000000e+00
265 273 1.000000000000000000e+00
265 521 1.000000000000000000e+00
265 776 1.000000000000000000e+00
266 138 1.000000000000000000e+00
266 262 1.000000000000000000e+00
266 265 1.000000000000000000e+00
266 266 -5.000000000000000000e-01
266 268 1.000000000000000000e+00
266 274 1.000000000000000000e+00
266 522 1.000000000000000000e+00
267 139 1.000000000000000000e+00
267 263 1.000000000000000000e+00
267 267 -5.000000000000000000e-01
267 269 1.000000000000000000e+00
267 275 1.000000000000000000e+00
267 523 1.000000000000000000e+00
267 778 1.000000000000000000e+00
268 140 1.000000000000000000e+00
268 266 1.000000000000000000e+00
268 268 5.000000000000000000e-01
268 276 1.000000000000000000e+00
268 524 1.000000000000000000e+00
269 141 1.000000000000000000e+00
269 267 1.000000000000000000e+00
269 269 -5.000000000000000000e-01
269 270 1.000000000000000000e+00
269 277 1.000000000000000000e+00
269 525 1.000000000000000000e+00
269 780 1.000000000000000000e+00
270 142 1.000000000000000000e+00
270 269 1.000000000000000000e+00
270 270 5.000000000000000000e-01
270 278 1.000000000000000000e+00
270 526 1.000000000000000000e+00
271 143 1.000000000000000000e+00
271 271 5.000000000000000000e-01
271 279 1.000000000000000000e+00
271 527 1.000000000000000000e+00
271 782 1.000000000000000000e+00
272 144 1.000000000000000000e+00
272 264 1.000000000000000000e+00
272 272 5.000000000000000000e-01
272 288 1.000000000000000000e+00
272 528 1.000000000000000000e+00
273 145 1.000000000000000000e+00
273 265 1.000000000000000000e+00
273 273 -5.000000000000000000e-01
273 274 1.000000000000000000e+00
273 289 1.000000000000000000e+00
273 529 1.000000000000000000e+00
273 784 1.000000000000000000e+00
274 146 1.000000000000000000e+00
274 266 1.000000000000000000e+00
274 273 1.000000000000000000e+00
274 274 -5.000000000000000000e-01
274 276 1.000000000000000000e+00
274 290 1.000000000000000000e+00
274 530 1.000000000000000000e+00
275 147 1.000000000000000000e+00
275 267 1.000000000000000000e+00
275 275 -5.000000000000000000e-01
275 277 1.000000000000000000e+00
275 291 1.000000000000000000e+00
275 531 1.000000000000000000e+00
275 786 1.000000000000000000e+00
276 148 1.000000000000000000e+00
276 268 1.000000000000000000e+00
276 274 1.000000000000000000e+00
276 276 -5.000000000000000000e-01
276 280 1.000000000000000000e+00
276 292 1.000000000000000000e+00
276 532 1.000000000000000000e+00
277 149 1.000000000000000000e+00
277 269 1.000000000000000000e+00
277 275 1.000000000000000000e+00
277 277 -1.500000000000000000e+00
277 278 1.000000000000000000e+00
277 281 1.000000000000000000e+00
277 293 1.000000000000000000e+00
277 533 1.000000000000000000e+00
277 788 1.000000000000000000e+00
278 150 1.000000000000000000e+00
278 270 1.000000000000000000e+00
278 277 1.000000000000000000e+00
278 278 -5.000000000000000000e-01
278 282 1.000000000000000000e+00
278 294 1.000000000000000000e+00
278 534 1.000000000000000000e+00
279 151 1.000000000000000000e+00
279 271 1.000000000000000000e+00
279 279 -5.000000000000000000e-01
279 283 1.000000000000000000e+00
279 295 1.000000000000000000e+00
279 535 1.000000000000000000e+00
279 790 1.000000000000000000e+00
280 152 1.000000000000000000e+00
280 276 1.000000000000000000e+00
280 280 5.000000000000000000e-01
280 296 1.000000000000000000e+00
280 536 1.000000000000000000e+00
281 153 1.000000000000000000e+00
281 277 1.000000000000000000e+00
281 281 -5.000000000000000000e-01
281 282 1.000000000000000000e+00
281 297 1.000000000000000000e+00
281 537 1.000000000000000000e+00
281 792 1.000000000000000000e+00
282 154 1.000000000000000000e+00
282 278 1.000000000000000000e+00
282 281 1.000000000000000000e+00
282 282 -5.000000000000000000e-01
282 284 1.000000000000000000e+00
282 298 1.000000000000000000e+00
282 538 1.000000000000000000e+00
283 155 1.000000000000000000e+00
283 279 1.000000000000000000e+00
283 283 -5.000000000000000000e-01
283 285 1.000000000000000000e+00
283 299 1.000000000000000000e+00
283 539 1.000000000000000000e+00
283 794 1.000000000000000000e+00
284 156 1.000000000000000000e+00
284 282 1.000000000000000000e+00
284 284 5.000000000000000000e-01
284 300 1.000000000000000000e+00
284 540 1.000000000000000000e+00
285 157 1.000000000000000000e+00
285 283 1.000000000000000000e+00
285 285 -5.000000000000000000e-01
285 286 1.000000000000000000e+00
285 301 1.000000000000000000e+00
285 541 1.000000000000000000e+00
285 796 1.000000000000000000e+00
286 158 1.000000000000000000e+00
286 285 1.000000000000000000e+00
286 286 5.000000000000000000e-01
286 302 1.000000000000000000e+00
286 542 1.000000000000000000e+00
287 159 1.000000000000000000e+00
287 287 5.000000000000000000e-01
287 303 1.000000000000000000e+00
287 543 1.000000000000000000e+00
287 798 1.000000000000000000e+00
288 160 1.000000000000000000e+00
288 272 1.000000000000000000e+00
288 288 5.000000000000000000e-01
288 320 1.000000000000000000e+00
288 544 1.000000000000000000e+00
289 161 1.000000000000000000e+00
289 273 1.000000000000000000e+00
289 289 -5.000000000000000000e-01
289 290 1.000000000000000000e+00
289 321 1.000000000000000000e+00
289 545 1.000000000000000000e+00
289 800 1.000000000000000000e+00
290 162 1.000000000000000000e+00
290 274 1.000000000000000000e+00
290 289 1.000000000000000000e+00
290 290 -5.000000000000000000e-01
290 292 1.000000000000000000e+00
290 322 1.000000000000000000e+00
290 546 1.000000000000000000e+00
291 163 1.000000000000000000e+00
291 275 1.000000000000000000e+00
291 291 -5.000000000000000000e-01
291 293 1.000000000000000000e+00
291 323 1.000000000000000000e+00
291 547 1.000000000000000000e+00
291 802 1.000000000000000000e+00
292 164 1.000000000000000000e+00
292 276 1.000000000000000000e+00
292 290 1.000000000000000000e+00
292 292 -5.000000000000000000e-01
292 296 1.000000000000000000e+00
292 324 1.000000000000000000e+00
292 548 1.000000000000000000e+00
293 165 1.000000000000000000e+00
293 277 1.000000000000000000e+00
293 291 1.000000000000000000e+00
293 293 -1.500000000000000000e+00
293 294 1.000000000000000000e+00
293 297 1.000000000000000000e+00
293 325 1.000000000000000000e+00
293 549 1.000000000000000000e+00
293 804 1.000000000000000000e+00
294 166 1.000000000000000000e+00
294 278 1.000000000000000000e+00
294 293 1.000000000000000000e+00
294 294 -5.000000000000000000e-01
294 298 1.000000000000000000e+00
294 326 1.000000000000000000e+00
294 550 1.000000000000000000e+00
295 167 1.000000000000000000e+00
295 279 1.000000000000000000e+00
295 295 -5.000000000000000000e-01
295 299 1.000000000000000000e+00
295 327 1.000000000000000000e+00
295 551 1.000000000000000000e+00
295 806 1.000000000000000000e+00
296 168 1.000000000000000000e+00
296 280 1.000000000000000000e+00
296 292 1.000000000000000000e+00
296 296 -5.000000000000000000e-01
296 304 1.000000000000000000e+00
296 328 1.000000000000000000e+00
296 552 1.000000000000000000e+00
297 169 1.000000000000000000e+00
297 281 1.000000000000000000e+00
297 293 1.000000000000000000e+00
297 297 -1.500000000000000000e+00
297 298 1.000000000000000000e+00
297 305 1.000000000000000000e+00
297 329 1.000000000000000000e+00
297 553 1.000000000000000000e+00
297 808 1.000000000000000000e+00
298 170 1.000000000000000000e+00
298 282 1.000000000000000000e+00
298 294 1.000000000000000000e+00
298 297 1.000000000000000000e+00
298 298 -1.500000000000000000e+00
298 300 1.000000000000000000e+00
298 306 1.000000000000000000e+00
298 330 1.000000000000000000e+00
298 554 1.000000000000000000e+00
299 171 1.000000000000000000e+00
299 283 1.000000000000000000e+00
299 295 1.000000000000000000e+00
299 299 -1.500000000000000000e+00
299 301 1.000000000000000000e+00
299 307 1.000000000000000000e+00
299 331 1.000000000000000000e+00
299 555 1.000000000000000000e+00
299 810 1.000000000000000000e+00
300 172 1.000000000000000000e+00
300 284 1.000000000000000000e+00
300 298 1.000000000000000000e+00
300 300 -5.000000000000000000e-01
300 308 1.000000000000000000e+00
300 332 1.000000000000000000e+00
300 556 1.000000000000000000e+00
301 173 1.000000000000000000e+00
301 285 1.000000000000000000e+00
301 299 1.000000000000000000e+00
301 301 -1.500000000000000000e+00
301 302 1.000000000000000000e+00
301 309 1.000000000000000000e+00
301 333 1.000000000000000000e+00
301 557 1.000000000000000000e+00
301 812 1.000000000000000000e+00
302 174 1.000000000000000000e+00
302 286 1.000000000000000000e+00
302 301 1.000000000000000000e+00
302 302 -5.000000000000000000e-01
302 310 1.000000000000000000e+00
302 334 1.000000000000000000e+00
302 558 1.000000000000000000e+00
303 175 1.000000000000000000e+00
303 287 1.000000000000000000e+00
303 303 -5.000000000000000000e-01
303 311 1.000000000000000000e+00
303 335 1.000000000000000000e+00
303 559 1.000000000000000000e+00
303 814 1.000000000000000000e+00
304 176 1.000000000000000000e+00
304 296 1.000000000000000000e+00
304 304 5.000000000000000000e-01
304 336 1.000000000000000000e+00
304 560 1.000000000000000000e+00
305 177 1.000000000000000000e+00
305 297 1.000000000000000000e+00
305 305 -5.000000000000000000e-01
305 306 1.000000000000000000e+00
305 337 1.000000000000000000e+00
305 561 1.000000000000000000e+00
305 816 1.000000000000000000e+00
306 178 1.000000000000000000e+00
306 298 1.000000000000000000e+00
306 305 1.000000000000000000e+00
306 306 -5.000000000000000000e-01
306 308 1.000000000000000000e+00
306 338 1.000000000000000000e+00
306 562 1.000000000000000000e+00
307 179 1.000000000000000000e+00
307 299 1.000000000000000000e+00
307 307 -5.000000000000000000e-01
307 309 1.000000000000000000e+00
307 339 1.000000000000000000e+00
307 563 1.000000000000000000e+00
307 818 1.000000000000000000e+00
308 180 1.000000000000000000e+00
308 300 1.000000000000000000e+00
308 306 1.000000000000000000e+00
308 308 -5.000000000000000000e-01
308 312 1.000000000000000000e+00
308 340 1.000000000000000000e+00
308 564 1.000000000000000000e+00
309 181 1.000000000000000000e+00
309 301 1.000000000000000000e+00
309 307 1.000000000000000000e+00
309 309 -1.500000000000000000e+00
309 310 1.000000000000000000e+00
309 313 1.000000000000000000e+00
309 341 1.000000000000000000e+00
309 565 1.000000000000000000e+00
309 820 1.000000000000000000e+00
310 182 1.000000000000000000e+00
310 302 1.000000000000000000e+00
310 309 1.000000000000000000e+00
310 310 -5.000000000000000000e-01
310 314 1.000000000000000000e+00
310 342 1.000000000000000000e+00
310 566 1.000000000000000000e+00
311 183 1.000000000000000000e+00
311 303 1.000000000000000000e+00
311 311 -5.000000000000000000e-01
311 315 1.000000000000000000e+00
311 343 1.000000000000000000e+00
311 567 1.000000000000000000e+00
311 822 1.000000000000000000e+00
312 184 1.000000000000000000e+00
312 308 1.000000000000000000e+00
312 312 5.000000000000000000e-01
312 344 1.000000000000000000e+00
312 568 1.000000000000000000e+00
313 185 1.000000000000000000e+00
313 309 1.000000000000000000e+00
313 313 -5.000000000000000000e-01
313 314 1.000000000000000000e+00
313 345 1.000000000000000000e+00
313 569 1.000000000000000000e+00
313 824 1.000000000000000000e+00
314 186 1.000000000000000000e+00
314 310 1.000000000000000000e+00
314 313 1.000000000000000000e+00
314 314 -5.000000000000000000e-01
314 316 1.000000000000000000e+00
314 346 1.000000000000000000e+00
314 570 1.000000000000000000e+00
315 187 1.000000000000000000e+00
315 311 1.000000000000000000e+00
315 315 -5.000000000000000000e-01
315 317 1.000000000000000000e+00
315 347 1.000000000000000000e+00
315 571 1.000000000000000000e+00
315 826 1.000000000000000000e+00
316 188 1.000000000000000000e+00
316 314 1.000000000000000000e+00
316 316 5.000000000000000000e-01
316 348 1.000000000000000000e+00
316 572 1.000000000000000000e+00
317 189 1.000000000000000000e+00
317 315 1.000000000000000000e+00
317 317 -5.000000000000000000e-01
317 318 1.000000000000000000e+00
317 349 1.000000000000000000e+00
317 573 1.000000000000000000e+00
317 828 1.000000000000000000e+00
318 190 1.000000000000000000e+00
318 317 1.000000000000000000e+00
318 318 5.000000000000000000e-01
318 350 1.000000000000000000e+00
318 574 1.000000000000000000e+00
319 191 1.000000000000000000e+00
319 319 5.000000000000000000e-01
319 351 1.000000000000000000e+00
319 575 1.000000000000000000e+00
319 830 1.000000000000000000e+00
320 192 1.000000000000000000e+00
320 288 1.000000000000000000e+00
320 320 5.000000000000000000e-01
320 384 1.000000000000000000e+00
320 576 1.000000000000000000e+00
321 193 1.000000000000000000e+00
321 289 1.000000000000000000e+00
321 321 -5.000000000000000000e-01
321 322 1.000000000000000000e+00
321 385 1.000000000000000000e+00
321 577 1.000000000000000000e+00
321 832 1.000000000000000000e+00
322 194 1.000000000000000000e+00
322 290 1.000000000000000000e+00
322 321 1.000000000000000000e+00
322 322 -5.000000000000000000e-01
322 324 1.000000000000000000e+00
322 386 1.000000000000000000e+00
322 578 1.000000000000000000e+00
323 195 1.000000000000000000e+00
323 291 1.000000000000000000e+00
323 323 -5.000000000000000000e-01
323 325 1.000000000000000000e+00
323 387 1.000000000000000000e+00
323 579 1.000000000000000000e+00
323 834 1.000000000000000000e+00
324 196 1.000000000000000000e+00
324 292 1.000000000000000000e+00
324 322 1.000000000000000000e+00
324 324 -5.000000000000000000e-01
324 328 1.000000000000000000e+00
324 388 1.000000000000000000e+00
324 580 1.000000000000000000e+00
325 197 1.000000000000000000e+00
325 293 1.000000000000000000e+00
325 323 1.000000000000000000e+00
325 325 -1.500000000000000000e+00
325 326 1.000000000000000000e+00
325 329 1.000000000000000000e+00
325 389 1.000000000000000000e+00
325 581 1.000000000000000000e+00
325 836 1.000000000000000000e+00
326 198 1.000000000000000000e+00
326 294 1.000000000000000000e+00
326 325 1.000000000000000000e+00
326 326 -5.000000000000000000e-01
326 330 1.000000000000000000e+00
326 390 1.000000000000000000e+00
326 582 1.000000000000000000e+00
327 199 1.000000000000000000e+00
327 295 1.000000000000000000e+00
327 327 -5.000000000000000000e-01
327 331 1.000000000000000000e+00
327 391 1.000000000000000000e+00
327 583 1.000000000000000000e+00
327 838 1.000000000000000000e+00
328 200 1.000000000000000000e+00
328 296 1.000000000000000000e+00
328 324 1.000000000000000000e+00
328 328 -5.000000000000000000e-01
328 336 1.000000000000000000e+00
328 392 1.000000000000000000e+00
328 584 1.000000000000000000e+00
329 201 1.000000000000000000e+00
329 297 1.000000000000000000e+00
329 325 1.000000000000000000e+00
329 329 -1.500000000000000000e+00
329 330 1.000000000000000000e+00
329 337 1.000000000000000000e+00
329 393 1.000000000000000000e+00
329 585 1.000000000000000000e+00
329 840 1.000000000000000000e+00
330 202 1.000000000000000000e+00
330 298 1.000000000000000000e+00
330 326 1.000000000000000000e+00
330 329 1.000000000000000000e+00
330 330 -1.500000000000000000e+00
330 332 1.000000000000000000e+00
330 338 1.000000000000000000e+00
330 394 1.000000000000000000e+00
330 586 1.000000000000000000e+00
331 203 1.000000000000000000e+00
331 299 1.000000000000000000e+00
331 327 1.000000000000000000e+00
331 331 -1.500000000000000000e+00
331 333 1.000000000000000000e+00
331 339 1.000000000000000000e+00
331 395 1.000000000000000000e+00
331 587 1.000000000000000000e+00
331 842 1.000000000000000000e+00
332 204 1.000000000000000000e+00
332 300 1.000000000000000000e+00
332 330 1.000000000000000000e+00
332 332 -5.000000000000000000e-01
332 340 1.000000000000000000e+00
332 396 1.000000000000000000e+00
332 588 1.000000000000000000e+00
333 205 1.000000000000000000e+00
333 301 1.000000000000000000e+00
333 331 1.000000000000000000e+00
333 333 -1.500000000000000000e+00
333 334 1.000000000000000000e+00
333 341 1.000000000000000000e+00
333 397 1.000000000000000000e+00
333 589 1.000000000000000000e+00
333 844 1.000000000000000000e+00
334 206 1.000000000000000000e+00
334 302 1.000000000000000000e+00
334 333 1.000000000000000000e+00
334 334 -5.000000000000000000e-01
334 342 1.000000000000000000e+00
334 398 1.000000000000000000e+00
334 590 1.000000000000000000e+00
335 207 1.000000000000000000e+00
335 303 1.000000000000000000e+00
335 335 -5.000000000000000000e-01
335 343 1.000000000000000000e+00
335 399 1.000000000000000000e+00
335 591 1.000000000000000000e+00
335 846 1.000000000000000000e+00
336 208 1.000000000000000000e+00
336 304 1.000000000000000000e+00
336 328 1.000000000000000000e+00
336 336 -5.000000000000000000e-01
336 352 1.000000000000000000e+00
336 400 1.000000000000000000e+00
336 592 1.000000000000000000e+00
337 209 1.000000000000000000e+00
337 305 1.000000000000000000e+00
337 329 1.000000000000000000e+00
337 337 -1.500000000000000000e+00
337 338 1.000000000000000000e+00
337 353 1.000000000000000000e+00
337 401 1.000000000000000000e+00
337 593 1.000000000000000000e+00
337 848 1.000000000000000000e+00
338 210 1.000000000000000000e+00
338 306 1.000000000000000000e+00
338 330 1.000000000000000000e+00
338 337 1.000000000000000000e+00
338 338 -1.500000000000000000e+00
338 340 1.000000000000000000e+00
338 354 1.000000000000000000e+00
338 402 1.000000000000000000e+00
338 594 1.000000000000000000e+00
339 211 1.000000000000000000e+00
339 307 1.000000000000000000e+00
339 331 1.000000000000000000e+00
339 339 -1.500000000000000000e+00
339 341 1.000000000000000000e+00
339 355 1.000000000000000000e+00
339 403 1.000000000000000000e+00
339 595 1.000000000000000000e+00
339 850 1.000000000000000000e+00
340 212 1.000000000000000000e+00
340 308 1.000000000000000000e+00
340 332 1.000000000000000000e+00
340 338 1.000000000000000000e+00
340 340 -1.500000000000000000e+00
340 344 1.000000000000000000e+00
340 356 1.000000000000000000e+00
340 404 1.000000000000000000e+00
340 596 1.000000000000000000e+00
341 213 1.000000000000000000e+00
341 309 1.000000000000000000e+00
341 333 1.000000000000000000e+00
341 339 1.000000000000000000e+00
341 341 -2.500000000000000000e+00
341 342 1.000000000000000000e+00
341 345 1.000000000000000000e+00
341 357 1.000000000000000000e+00
341 405 1.000000000000000000e+00
341 597 1.000000000000000000e+00
341 852 1.000000000000000000e+00
342 214 1.000000000000000000e+00
342 310 1.000000000000000000e+00
342 334 1.000000000000000000e+00
342 341 1.000000000000000000e+00
342 342 -1.500000000000000000e+00
342 346 1.000000000000000000e+00
342 358 1.000000000000000000e+00
342 406 1.000000000000000000e+00
342 598 1.000000000000000000e+00
343 215 1.000000000000000000e+00
343 311 1.000000000000000000e+00
343 335 1.000000000000000000e+00
343 343 -1.500000000000000000e+00
343 347 1.000000000000000000e+00
343 359 1.000000000000000000e+00
343 407 1.000000000000000000e+00
343 599 1.000000000000000000e+00
343 854 1.000000000000000000e+00
344 216 1.000000000000000000e+00
344 312 1.000000000000000000e+00
344 340 1.000000000000000000e+00
344 344 -5.000000000000000000e-01
344 360 1.000000000000000000e+00
344 408 1.000000000000000000e+00
344 600 1.000000000000000000e+00
345 217 1.000000000000000000e+00
345 313 1.000000000000000000e+00
345 341 1.000000000000000000e+00
345 345 -1.500000000000000000e+00
345 346 1.000000000000000000e+00
345 361 1.000000000000000000e+00
345 409 1.000000000000000000e+00
345 601 1.000000000000000000e+00
345 856 1.000000000000000000e+00
346 218 1.000000000000000000e+00
346 314 1.000000000000000000e+00
346 342 1.000000000000000000e+00
346 345 1.000000000000000000e+00
346 346 -1.500000000000000000e+00
346 348 1.000000000000000000e+00
346 362 1.000000000000000000e+00
346 410 1.000000000000000000e+00
346 602 1.000000000000000000e+00
347 219 1.000000000000000000e+00
347 315 1.000000000000000000e+00
347 343 1.000000000000000000e+00
347 347 -1.500000000000000000e+00
347 349 1.000000000000000000e+00
347 363 1.000000000000000000e+00
347 411 1.000000000000000000e+00
347 603 1.000000000000000000e+00
347 858 1.000000000000000000e+00
348 220 1.000000000000000000e+00
348 316 1.000000000000000000e+00
348 346 1.000000000000000000e+00
348 348 -5.000000000000000000e-01
348 364 1.000000000000000000e+00
348 412 1.000000000000000000e+00
348 604 1.000000000000000000e+00
349 221 1.000000000000000000e+00
349 317 1.000000000000000000e+00
349 347 1.000000000000000000e+00
349 349 -1.500000000000000000e+00
349 350 1.000000000000000000e+00
349 365 1.000000000000000000e+00
349 413 1.000000000000000000e+00
349 605 1.000000000000000000e+00
349 860 1.000000000000000000e+00
350 222 1.000000000000000000e+00
350 318 1.000000000000000000e+00
350 349 1.000000000000000000e+00
350 350 -5.000000000000000000e-01
350 366 1.000000000000000000e+00
350 414 1.000000000000000000e+00
350 606 1.000000000000000000e+00
351 223 1.000000000000000000e+00
351 319 1.000000000000000000e+00
351 351 -5.000000000000000000e-01
351 367 1.000000000000000000e+00
351 415 1.000000000000000000e+00
351 607 1.000000000000000000e+00
351 862 1.000000000000000000e+00
352 224 1.000000000000000000e+00
352 336 1.000000000000000000e+00
352 352 5.000000000000000000e-01
352 416 1.000000000000000000e+00
352 608 1.000000000000000000e+00
353 225 1.000000000000000000e+00
353 337 1.000000000000000000e+00
353 353 -5.000000000000000000e-01
353 354 1.000000000000000000e+00
353 417 1.000000000000000000e+00
353 609 1.000000000000000000e+00
353 864 1.000000000000000000e+00
354 226 1.000000000000000000e+00
354 338 1.000000000000000000e+00
354 353 1.000000000000000000e+00
354 354 -5.000000000000000000e-01
354 356 1.000000000000000000e+00
354 418 1.000000000000000000e+00
354 610 1.000000000000000000e+00
355 227 1.000000000000000000e+00
355 339 1.000000000000000000e+00
355 355 -5.000000000000000000e-01
355 357 1.000000000000000000e+00
355 419 1.000000000000000000e+00
355 611 1.000000000000000000e+00
355 866 1.000000000000000000e+00
356 228 1.000000000000000000e+00
356 340 1.000000000000000000e+00
356 354 1.000000000000000000e+00
356 356 -5.000000000000000000e-01
356 360 1.000000000000000000e+00
356 420 1.000000000000000000e+00
356 612 1.000000000000000000e+00
357 229 1.000000000000000000e+00
357 341 1.000000000000000000e+00
357 355 1.000000000000000000e+00
357 357 -1.500000000000000000e+00
357 358 1.000000000000000000e+00
357 361 1.000000000000000000e+00
357 421 1.000000000000000000e+00
357 613 1.000000000000000000e+00
357 868 1.000000000000000000e+00
358 230 1.000000000000000000e+00
358 342 1.000000000000000000e+00
358 357 1.000000000000000000e+00
358 358 -5.000000000000000000e-01
358 362 1.000000000000000000e+00
358 422 1.000000000000000000e+00
358 614 1.000000000000000000e+00
359 231 1.000000000000000000e+00
359 343 1.000000000000000000e+00
359 359 -5.000000000000000000e-01
359 363 1.000000000000000000e+00
359 423 1.000000000000000000e+00
359 615 1.000000000000000000e+00
359 870 1.000000000000000000e+00
360 232 1.000000000000000000e+00
360 344 1.000000000000000000e+00
360 356 1.000000000000000000e+00
360 360 -5.000000000000000000e-01
360 368 1.000000000000000000e+00
360 424 1.000000000000000000e+00
360 616 1.000000000000000000e+00
361 233 1.000000000000000000e+00
361 345 1.000000000000000000e+00
361 357 1.000000000000000000e+00
361 361 -1.500000000000000000e+00
361 362 1.000000000000000000e+00
361 369 1.000000000000000000e+00
361 425 1.000000000000000000e+00
361 617 1.000000000000000000e+00
361 872 1.000000000000000000e+00
362 234 1.000000000000000000e+00
362 346 1.000000000000000000e+00
362 358 1.000000000000000000e+00
362 361 1.000000000000000000e+00
362 362 -1.500000000000000000e+00
362 364 1.000000000000000000e+00
362 370 1.000000000000000000e+00
362 426 1.000000000000000000e+00
362 618 1.000000000000000000e+00
363 235 1.000000000000000000e+00
363 347 1.000000000000000000e+00
363 359 1.000000000000000000e+00
363 363 -1.500000000000000000e+00
363 365 1.000000000000000000e+00
363 371 1.000000000000000000e+00
363 427 1.000000000000000000e+00
363 619 1.000000000000000000e+00
363 874 1.000000000000000000e+00
364 236 1.000000000000000000e+00
364 348 1.000000000000000000e+00
364 362 1.000000000000000000e+00
364 364 -5.000000000000000000e-01
364 372 1.000000000000000000e+00
364 428 1.000000000000000000e+00
364 620 1.000000000000000000e+00
365 237 1.000000000000000000e+00
365 349 1.000000000000000000e+00
365 363 1.000000000000000000e+00
365 365 -1.500000000000000000e+00
365 366 1.000000000000000000e+00
365 373 1.000000000000000000e+00
365 429 1.000000000000000000e+00
365 621 1.000000000000000000e+00
365 876 1.000000000000000000e+00
366 238 1.000000000000000000e+00
366 350 1.000000000000000000e+00
366 365 1.000000000000000000e+00
366 366 -5.000000000000000000e-01
366 374 1.000000000000000000e+00
366 430 1.000000000000000000e+00
366 622 1.000000000000000000e+00
367 239 1.000000000000000000e+00
367 351 1.000000000000000000e+00
367 367 -5.000000000000000000e-01
367 375 1.000000000000000000e+00
367 431 1.000000000000000000e+00
367 623 1.000000000000000000e+00
367 878 1.000000000000000000e+00
368 240 1.000000000000000000e+00
368 360 1.000000000000000000e+00
368 368 5.000000000000000000e-01
368 432 1.000000000000000000e+00
368 624 1.000000000000000000e+00
369 241 1.000000000000000000e+00
369 361 1.000000000000000000e+00
369 369 -5.000000000000000000e-01
369 370 1.000000000000000000e+00
369 433 1.000000000000000000e+00
369 625 1.000000000000000000e+00
369 880 1.000000000000000000e+00
370 242 1.000000000000000000e+00
370 362 1.000000000000000000e+00
370 369 1.000000000000000000e+00
370 370 -5.000000000000000000e-01
370 372 1.000000000000000000e+00
370 434 1.000000000000000000e+00
370 626 1.000000000000000000e+00
371 243 1.000000000000000000e+00
371 363 1.000000000000000000e+00
371 371 -5.000000000000000000e-01
371 373 1.000000000000000000e+00
371 435 1.000000000000000000e+00
371 627 1.000000000000000000e+00
371 882 1.000000000000000000e+00
372 244 1.000000000000000000e+00
372 364 1.000000000000000000e+00
372 370 1.000000000000000000e+00
372 372 -5.000000000000000000e-01
372 376 1.000000000000000000e+00
372 436 1.000000000000000000e+00
372 628 1.000000000000000000e+00
373 245 1.000000000000000000e+00
373 365 1.000000000000000000e+00
373 371 1.000000000000000000e+00
373 373 -1.500000000000000000e+00
373 374 1.000000000000000000e+00
373 377 1.000000000000000000e+00
373 437 1.000000000000000000e+00
373 629 1.000000000000000000e+00
373 884 1.000000000000000000e+00
374 246 1.000000000000000000e+00
374 366 1.000000000000000000e+00
374 373 1.000000000000000000e+00
374 374 -5.000000000000000000e-01
374 378 1.000000000000000000e+00
374 438 1.000000000000000000e+00
374 630 1.000000000000000000e+00
375 247 1.000000000000000000e+00
375 367 1.000000000000000000e+00
375 375 -5.000000000000000000e-01
375 379 1.000000000000000000e+00
375 439 1.000000000000000000e+00
375 631 1.000000000000000000e+00
375 886 1.000000000000000000e+00
376 248 1.000000000000000000e+00
376 372 1.000000000000000000e+00
376 376 5.000000000000000000e-01
376 440 1.000000000000000000e+00
376 632 1.000000000000000000e+00
377 249 1.000000000000000000e+00
377 373 1.000000000000000000e+00
377 377 -5.000000000000000000e-01
377 378 1.000000000000000000e+00
377 441 1.000000000000000000e+00
377 633 1.000000000000000000e+00
377 888 1.000000000000000000e+00
378 250 1.000000000000000000e+00
378 374 1.000000000000000000e+00
378 377 1.000000000000000000e+00
378 378 -5.000000000000000000e-01
378 380 1.000000000000000000e+00
378 442 1.000000000000000000e+00
378 634 1.000000000000000000e+00
379 251 1.000000000000000000e+00
379 375 1.000000000000000000e+00
379 379 -5.000000000000000000e-01
379 381 1.000000000000000000e+00
379 443 1.000000000000000000e+00
379 635 1.000000000000000000e+00
379 890 1.000000000000000000e+00
380 252 1.000000000000000000e+00
380 378 1.000000000000000000e+00
380 380 5.000000000000000000e-01
380 444 1.000000000000000000e+00
380 636 1.000000000000000000e+00
381 253 1.000000000000000000e+00
381 379 1.000000000000000000e+00
381 381 -5.000000000000000000e-01
381 382 1.000000000000000000e+00
381 445 1.000000000000000000e+00
381 637 1.000000000000000000e+00
381 892 1.000000000000000000e+00
382 254 1.000000000000000000e+00
382 381 1.000000000000000000e+00
382 382 5.000000000000000000e-01
382 446 1.000000000000000000e+00
382 638 1.000000000000000000e+00
383 255 1.000000000000000000e+00
383 383 5.000000000000000000e-01
383 447 1.000000000000000000e+00
383 639 1.000000000000000000e+00
383 894 1.000000000000000000e+00
384 320 1.000000000000000000e+00
384 384 1.500000000000000000e+00
384 640 1.000000000000000000e+00
385 321 1.000000000000000000e+00
385 385 5.000000000000000000e-01
385 386 1.000000000000000000e+00
385 641 1.000000000000000000e+00
385 896 1.000000000000000000e+00
386 322 1.000000000000000000e+00
386 385 1.000000000000000000e+00
386 386 5.000000000000000000e-01
386 388 1.000000000000000000e+00
386 642 1.000000000000000000e+00
387 323 1.000000000000000000e+00
387 387 5.000000000000000000e-01
387 389 1.000000000000000000e+00
387 643 1.000000000000000000e+00
387 898 1.000000000000000000e+00
388 324 1.000000000000000000e+00
388 386 1.000000000000000000e+00
388 388 5.000000000000000000e-01
388 392 1.000000000000000000e+00
388 644 1.000000000000000000e+00
389 325 1.000000000000000000e+00
389 387 1.000000000000000000e+00
389 389 -5.000000000000000000e-01
389 390 1.000000000000000000e+00
389 393 1.000000000000000000e+00
389 645 1.000000000000000000e+00
389 900 1.000000000000000000e+00
390 326 1.000000000000000000e+00
390 389 1.000000000000000000e+00
390 390 5.000000000000000000e-01
390 394 1.000000000000000000e+00
390 646 1.000000000000000000e+00
391 327 1.000000000000000000e+00
391 391 5.000000000000000000e-01
391 395 1.000000000000000000e+00
391 647 1.000000000000000000e+00
391 902 1.000000000000000000e+00
392 328 1.000000000000000000e+00
392 388 1.000000000000000000e+00
392 392 5.000000000000000000e-01
392 400 1.000000000000000000e+00
392 648 1.000000000000000000e+00
393 329 1.000000000000000000e+00
393 389 1.000000000000000000e+00
393 393 -5.000000000000000000e-01
393 394 1.000000000000000000e+00
393 401 1.000000000000000000e+00
393 649 1.000000000000000000e+00
393 904 1.000000000000000000e+00
394 330 1.000000000000000000e+00
394 390 1.000000000000000000e+00
394 393 1.000000000000000000e+00
394 394 -5.000000000000000000e-01
394 396 1.000000000000000000e+00
394 402 1.000000000000000000e+00
394 650 1.000000000000000000e+00
395 331 1.000000000000000000e+00
395 391 1.000000000000000000e+00
395 395 -5.000000000000000000e-01
395 397 1.000000000000000000e+00
395 403 1.000000000000000000e+00
395 651 1.000000000000000000e+00
395 906 1.000000000000000000e+00
396 332 1.000000000000000000e+00
396 394 1.000000000000000000e+00
396 396 5.000000000000000000e-01
396 404 1.000000000000000000e+00
396 652 1.000000000000000000e+00
397 333 1.000000000000000000e+00
397 395 1.000000000000000000e+00
397 397 -5.000000000000000000e-01
397 398 1.000000000000000000e+00
397 405 1.000000000000000000e+00
397 653 1.000000000000000000e+00
397 908 1.000000000000000000e+00
398 334 1.000000000000000000e+00
398 397 1.000000000000000000e+00
398 398 5.000000000000000000e-01
398 406 1.000000000000000000e+00
398 654 1.000000000000000000e+00
399 335 1.000000000000000000e+00
399 399 5.000000000000000000e-01
399 407 1.000000000000000000e+00
399 655 1.000000000000000000e+00
399 910 1.000000000000000000e+00
400 336 1.000000000000000000e+00
400 392 1.000000000000000000e+00
400 400 5.000000000000000000e-01
400 416 1.000000000000000000e+00
400 656 1.000000000000000000e+00
401 337 1.000000000000000000e+00
401 393 1.000000000000000000e+00
401 401 -5.000000000000000000e-01
401 402 1.000000000000000000e+00
401 417 1.000000000000000000e+00
401 657 1.000000000000000000e+00
401 912 1.000000000000000000e+00
402 338 1.000000000000000000e+00
402 394 1.000000000000000000e+00
402 401 1.000000000000000000e+00
402 402 -5.000000000000000000e-01
402 404 1.000000000000000000e+00
402 418 1.000000000000000000e+00
402 658 1.000000000000000000e+00
403 339 1.000000000000000000e+00
403 395 1.000000000000000000e+00
403 403 -5.000000000000000000e-01
403 405 1.000000000000000000e+00
403 419 1.000000000000000000e+00
403 659 1.000000000000000000e+00
403 914 1.000000000000000000e+00
404 340 1.000000000000000000e+00
404 396 1.000000000000000000e+00
404 402 1.000000000000000000e+00
404 404 -5.000000000000000000e-01
404 408 1.000000000000000000e+00
404 420 1.000000000000000000e+00
404 660 1.000000000000000000e+00
405 341 1.000000000000000000e+00
405 397 1.000000000000000000e+00
405 403 1.000000000000000000e+00
405 405 -1.500000000000000000e+00
405 406 1.000000000000000000e+00
405 409 1.000000000000000000e+00
405 421 1.000000000000000000e+00
405 661 1.000000000000000000e+00
405 916 1.000000000000000000e+00
406 342 1.000000000000000000e+00
406 398 1.000000000000000000e+00
406 405 1.000000000000000000e+00
406 406 -5.000000000000000000e-01
406 410 1.000000000000000000e+00
406 422 1.000000000000000000e+00
406 662 1.000000000000000000e+00
407 343 1.000000000000000000e+00
407 399 1.000000000000000000e+00
407 407 -5.000000000000000000e-01
407 411 1.000000000000000000e+00
407 423 1.000000000000000000e+00
407 663 1.000000000000000000e+00
407 918 1.000000000000000000e+00
408 344 1.000000000000000000e+00
408 404 1.000000000000000000e+00
408 408 5.000000000000000000e-01
408 424 1.000000000000000000e+00
408 664 1.000000000000000000e+00
409 345 1.000000000000000000e+00
409 405 1.000000000000000000e+00
409 409 -5.000000000000000000e-01
409 410 1.000000000000000000e+00
409 425 1.000000000000000000e+00
409 665 1.000000000000000000e+00
409 920 1.000000000000000000e+00
410 346 1.000000000000000000e+00
410 406 1.000000000000000000e+00
410 409 1.000000000000000000e+00
410 410 -5.000000000000000000e-01
410 412 1.000000000000000000e+00
410 426 1.000000000000000000e+00
410 666 1.000000000000000000e+00
411 347 1.000000000000000000e+00
411 407 1.000000000000000000e+00
411 411 -5.000000000000000000e-01
411 413 1.000000000000000000e+00
411 427 1.000000000000000000e+00
411 667 1.000000000000000000e+00
411 922 1.000000000000000000e+00
412 348 1.000000000000000000e+00
412 410 1.000000000000000000e+00
412 412 5.000000000000000000e-01
412 428 1.000000000000000000e+00
412 668 1.000000000000000000e+00
413 349 1.000000000000000000e+00
413 411 1.000000000000000000e+00
413 413 -5.000000000000000000e-01
413 414 1.000000000000000000e+00
413 429 1.000000000000000000e+00
413 669 1.000000000000000000e+00
413 924 1.000000000000000000e+00
414 350 1.000000000000000000e+00
414 413 1.000000000000000000e+00
414 414 5.000000000000000000e-01
414 430 1.000000000000000000e+00
414 670 1.000000000000000000e+00
415 351 1.000000000000000000e+00
415 415 5.000000000000000000e-01
415 431 1.000000000000000000e+00
415 671 1.000000000000000000e+00
415 926 1.000000000000000000e+00
416 352 1.000000000000000000e+00
416 400 1.000000000000000000e+00
416 416 5.000000000000000000e-01
416 448 1.000000000000000000e+00
416 672 1.000000000000000000e+00
417 353 1.000000000000000000e+00
417 401 1.000000000000000000e+00
417 417 -5.000000000000000000e-01
417 418 1.000000000000000000e+00
417 449 1.000000000000000000e+00
417 673 1.000000000000000000e+00
417 928 1.000000000000000000e+00
418 354 1.000000000000000000e+00
418 402 1.000000000000000000e+00
418 417 1.000000000000000000e+00
418 418 -5.000000000000000000e-01
418 420 1.000000000000000000e+00
418 450 1.000000000000000000e+00
418 674 1.000000000000000000e+00
419 355 1.000000000000000000e+00
419 403 1.000000000000000000e+00
419 419 -5.000000000000000000e-01
419 421 1.000000000000000000e+00
419 451 1.000000000000000000e+00
419 675 1.000000000000000000e+00
419 930 1.000000000000000000e+00
420 356 1.000000000000000000e+00
420 404 1.000000000000000000e+00
420 418 1.000000000000000000e+00
420 420 -5.000000000000000000e-01
420 424 1.000000000000000000e+00
420 452 1.000000000000000000e+00
420 676 1.000000000000000000e+00
421 357 1.000000000000000000e+00
421 405 1.000000000000000000e+00
421 419 1.000000000000000000e+00
421 421 -1.500000000000000000e+00
421 422 1.000000000000000000e+00
421 425 1.000000000000000000e+00
421 453 1.000000000000000000e+00
421 677 1.000000000000000000e+00
421 932 1.000000000000000000e+00
422 358 1.000000000000000000e+00
422 406 1.000000000000000000e+00
422 421 1.000000000000000000e+00
422 422 -5.000000000000000000e-01
422 426 1.000000000000000000e+00
422 454 1.000000000000000000e+00
422 678 1.000000000000000000e+00
423 359 1.000000000000000000e+00
423 407 1.000000000000000000e+00
423 423 -5.000000000000000000e-01
423 427 1.000000000000000000e+00
423 455 1.000000000000000000e+00
423 679 1.000000000000000000e+00
423 934 1.000000000000000000e+00
424 360 1.000000000000000000e+00
424 408 1.000000000000000000e+00
424 420 1.000000000000000000e+00
424 424 -5.000000000000000000e-01
424 432 1.000000000000000000e+00
424 456 1.000000000000000000e+00
424 680 1.000000000000000000e+00
425 361 1.000000000000000000e+00
425 409 1.000000000000000000e+00
425 421 1.000000000000000000e+00
425 425 -1.500000000000000000e+00
425 426 1.000000000000000000e+00
425 433 1.000000000000000000e+00
425 457 1.000000000000000000e+00
425 681 1.000000000000000000e+00
425 936 1.000000000000000000e+00
426 362 1.000000000000000000e+00
426 410 1.000000000000000000e+00
426 422 1.000000000000000000e+00
426 425 1.000000000000000000e+00
426 426 -1.500000000000000000e+00
426 428 1.000000000000000000e+00
426 434 1.000000000000000000e+00
426 458 1.000000000000000000e+00
426 682 1.000000000000000000e+00
427 363 1.000000000000000000e+00
427 411 1.000000000000000000e+00
427 423 1.000000000000000000e+00
427 427 -1.500000000000000000e+00
427 429 1.000000000000000000e+00
427 435 1.000000000000000000e+00
427 459 1.000000000000000000e+00
427 683 1.000000000000000000e+00
427 938 1.000000000000000000e+00
428 364 1.000000000000000000e+00
428 412 1.000000000000000000e+00
428 426 1.000000000000000000e+00
428 428 -5.000000000000000000e-01
428 436 1.000000000000000000e+00
428 460 1.000000000000000000e+00
428 684 1.000000000000000000e+00
429 365 1.000000000000000000e+00
429 413 1.000000000000000000e+00
429 427 1.000000000000000000e+00
429 429 -1.500000000000000000e+00
429 430 1.000000000000000000e+00
429 437 1.000000000000000000e+00
429 461 1.000000000000000000e+00
429 685 1.000000000000000000e+00
429 940 1.000000000000000000e+00
430 366 1.000000000000000000e+00
430 414 1.000000000000000000e+00
430 429 1.000000000000000000e+00
430 430 -5.000000000000000000e-01
430 438 1.000000000000000000e+00
430 462 1.000000000000000000e+00
430 686 1.000000000000000000e+00
431 367 1.000000000000000000e+00
431 415 1.000000000000000000e+00
431 431 -5.000000000000000000e-01
431 439 1.000000000000000000e+00
431 463 1.000000000000000000e+00
431 687 1.000000000000000000e+00
431 942 1.000000000000000000e+00
432 368 1.000000000000000000e+00
432 424 1.000000000000000000e+00
432 432 5.000000000000000000e-01
432 464 1.000000000000000000e+00
432 688 1.000000000000000000e+00
433 369 1.000000000000000000e+00
433 425 1.000000000000000000e+00
433 433 -5.000000000000000000e-01
433 434 1.000000000000000000e+00
433 465 1.000000000000000000e+00
433 689 1.000000000000000000e+00
433 944 1.000000000000000000e+00
434 370 1.000000000000000000e+00
434 426 1.000000000000000000e+00
434 433 1.000000000000000000e+00
434 434 -5.000000000000000000e-01
434 436 1.000000000000000000e+00
434 466 1.000000000000000000e+00
434 690 1.000000000000000000e+00
435 371 1.000000000000000000e+00
435 427 1.000000000000000000e+00
435 435 -5.000000000000000000e-01
435 437 1.000000000000000000e+00
435 467 1.000000000000000000e+00
435 691 1.000000000000000000e+00
435 946 1.000000000000000000e+00
436 372 1.000000000000000000e+00
436 428 1.000000000000000000e+00
436 434 1.000000000000000000e+00
436 436 -5.000000000000000000e-01
436 440 1.000000000000000000e+00
436 468 1.000000000000000000e+00
436 692 1.000000000000000000e+00
437 373 1.000000000000000000e+00
437 429 1.000000000000000000e+00
437 435 1.000000000000000000e+00
437 437 -1.500000000000000000e+00
437 438 1.000000000000000000e+00
437 441 1.000000000000000000e+00
437 469 1.000000000000000000e+00
437 693 1.000000000000000000e+00
437 948 1.000000000000000000e+00
438 374 1.000000000000000000e+00
438 430 1.000000000000000000e+00
438 437 1.000000000000000000e+00
438 438 -5.000000000000000000e-01
438 442 1.000000000000000000e+00
438 470 1.000000000000000000e+00
438 694 1.000000000000000000e+00
439 375 1.000000000000000000e+00
439 431 1.000000000000000000e+00
439 439 -5.000000000000000000e-01
439 443 1.000000000000000000e+00
439 471 1.000000000000000000e+00
439 695 1.000000000000000000e+00
439 950 1.000000000000000000e+00
440 376 1.000000000000000000e+00
440 436 1.000000000000000000e+00
440 440 5.000000000000000000e-01
440 472 1.000000000000000000e+00
440 696 1.000000000000000000e+00
441 377 1.000000000000000000e+00
441 437 1.000000000000000000e+00
441 441 -5.000000000000000000e-01
441 442 1.000000000000000000e+00
441 473 1.000000000000000000e+00
441 697 1.000000000000000000e+00
441 952 1.000000000000000000e+00
442 378 1.000000000000000000e+00
442 438 1.000000000000000000e+00
442 441 1.000000000000000000e+00
442 442 -5.000000000000000000e-01
442 444 1.000000000000000000e+00
442 474 1.000000000000000000e+00
442 698 1.000000000000000000e+00
443 379 1.000000000000000000e+00
443 439 1.000000000000000000e+00
443 443 -5.000000000000000000e-01
443 445 1.000000000000000000e+00
443 475 1.000000000000000000e+00
443 699 1.000000000000000000e+00
443 954 1.000000000000000000e+00
444 380 1.000000000000000000e+00
444 442 1.000000000000000000e+00
444 444 5.000000000000000000e-01
444 476 1.000000000000000000e+00
444 700 1.000000000000000000e+00
445 381 1.000000000000000000e+00
445 443 1.000000000000000000e+00
445 445 -5.000000000000000000e-01
445 446 1.000000000000000000e+00
445 477 1.000000000000000000e+00
445 701 1.000000000000000000e+00
445 956 1.000000000000000000e+00
446 382 1.000000000000000000e+00
446 445 1.000000000000000000e+00
446 446 5.000000000000000000e-01
446 478 1.000000000000000000e+00
446 702 1.000000000000000000e+00
447 383 1.000000000000000000e+00
447 447 5.000000000000000000e-01
447 479 1.000000000000000000e+00
447 703 1.000000000000000000e+00
447 958 1.000000000000000000e+00
448 416 1.000000000000000000e+00
448 448 1.500000000000000000e+00
448 704 1.000000000000000000e+00
449 417 1.000000000000000000e+00
449 449 5.000000000000000000e-01
449 450 1.000000000000000000e+00
449 705 1.000000000000000000e+00
449 960 1.000000000000000000e+00
450 418 1.000000000000000000e+00
450 449 1.000000000000000000e+00
450 450 5.000000000000000000e-01
450 452 1.000000000000000000e+00
450 706 1.000000000000000000e+00
451 419 1.000000000000000000e+00
451 451 5.000000000000000000e-01
451 453 1.000000000000000000e+00
451 707 1.000000000000000000e+00
451 962 1.000000000000000000e+00
452 420 1.000000000000000000e+00
452 450 1.000000000000000000e+00
452 452 5.000000000000000000e-01
452 456 1.000000000000000000e+00
452 708 1.000000000000000000e+00
453 421 1.000000000000000000e+00
453 451 1.000000000000000000e+00
453 453 -5.000000000000000000e-01
453 454 1.000000000000000000e+00
453 457 1.000000000000000000e+00
453 709 1.000000000000000000e+00
453 964 1.000000000000000000e+00
454 422 1.000000000000000000e+00
454 453 1.000000000000000000e+00
454 454 5.000000000000000000e-01
454 458 1.000000000000000000e+00
454 710 1.000000000000000000e+00
455 423 1.000000000000000000e+00
455 455 5.000000000000000000e-01
455 459 1.000000000000000000e+00
455 711 1.000000000000000000e+00
455 966 1.000000000000000000e+00
456 424 1.000000000000000000e+00
456 452 1.000000000000000000e+00
456 456 5.000000000000000000e-01
456 464 1.000000000000000000e+00
456 712 1.000000000000000000e+00
457 425 1.000000000000000000e+00
457 453 1.000000000000000000e+00
457 457 -5.000000000000000000e-01
457 458 1.000000000000000000e+00
457 465 1.000000000000000000e+00
457 713 1.000000000000000000e+00
457 968 1.000000000000000000e+00
458 426 1.000000000000000000e+00
458 454 1.000000000000000000e+00
458 457 1.000000000000000000e+00
458 458 -5.000000000000000000e-01
458 460 1.000000000000000000e+00
458 466 1.000000000000000000e+00
458 714 1.000000000000000000e+00
459 427 1.000000000000000000e+00
459 455 1.000000000000000000e+00
459 459 -5.000000000000000000e-01
459 461 1.000000000000000000e+00
459 467 1.000000000000000000e+00
459 715 1.000000000000000000e+00
459 970 1.000000000000000000e+00
460 428 1.000000000000000000e+00
460 458 1.000000000000000000e+00
460 460 5.000000000000000000e-01
460 468 1.000000000000000000e+00
460 716 1.000000000000000000e+00
461 429 1.000000000000000000e+00
461 459 1.000000000000000000e+00
461 461 -5.000000000000000000e-01
461 462 1.000000000000000000e+00
461 469 1.000000000000000000e+00
461 717 1.000000000000000000e+00
461 972 1.000000000000000000e+00
462 430 1.000000000000000000e+00
462 461 1.000000000000000000e+00
462 462 5.000000000000000000e-01
462 470 1.000000000000000000e+00
462 718 1.000000000000000000e+00
463 431 1.000000000000000000e+00
463 463 5.000000000000000000e-01
463 471 1.000000000000000000e+00
463 719 1.000000000000000000e+00
463 974 1.000000000000000000e+00
464 432 1.000000000000000000e+00
464 456 1.000000000000000000e+00
464 464 5.000000000000000000e-01
464 480 1.000000000000000000e+00
464 720 1.000000000000000000e+00
465 433 1.000000000000000000e+00
465 457 1.000000000000000000e+00
465 465 -5.000000000000000000e-01
465 466 1.000000000000000000e+00
465 481 1.000000000000000000e+00
465 721 1.000000000000000000e+00
465 976 1.000000000000000000e+00
466 434 1.000000000000000000e+00
466 458 1.000000000000000000e+00
466 465 1.000000000000000000e+00
466 466 -5.000000000000000000e-01
466 468 1.000000000000000000e+00
466 482 1.000000000000000000e+00
466 722 1.000000000000000000e+00
467 435 1.000000000000000000e+00
467 459 1.000000000000000000e+00
467 467 -5.000000000000000000e-01
467 469 1.000000000000000000e+00
467 483 1.000000000000000000e+00
467 723 1.000000000000000000e+00
467 978 1.000000000000000000e+00
468 436 1.000000000000000000e+00
468 460 1.000000000000000000e+00
468 466 1.000000000000000000e+00
468 468 -5.000000000000000000e-01
468 472 1.000000000000000000e+00
468 484 1.000000000000000000e+00
468 724 1.000000000000000000e+00
469 437 1.000000000000000000e+00
469 461 1.000000000000000000e+00
469 467 1.000000000000000000e+00
469 469 -1.500000000000000000e+00
469 470 1.000000000000000000e+00
469 473 1.000000000000000000e+00
469 485 1.000000000000000000e+00
469 725 1.000000000000000000e+00
469 980 1.000000000000000000e+00
470 438 1.000000000000000000e+00
470 462 1.000000000000000000e+00
470 469 1.000000000000000000e+00
470 470 -5.000000000000000000e-01
470 474 1.000000000000000000e+00
470 486 1.000000000000000000e+00
470 726 1.000000000000000000e+00
471 439 1.000000000000000000e+00
471 463 1.000000000000000000e+00
471 471 -5.000000000000000000e-01
471 475 1.000000000000000000e+00
471 487 1.000000000000000000e+00
471 727 1.000000000000000000e+00
471 982 1.000000000000000000e+00
472 440 1.000000000000000000e+00
472 468 1.000000000000000000e+00
472 472 5.000000000000000000e-01
472 488 1.000000000000000000e+00
472 728 1.000000000000000000e+00
473 441 1.000000000000000000e+00
473 469 1.000000000000000000e+00
473 473 -5.000000000000000000e-01
473 474 1.000000000000000000e+00
473 489 1.000000000000000000e+00
473 729 1.000000000000000000e+00
473 984 1.000000000000000000e+00
474 442 1.000000000000000000e+00
474 470 1.000000000000000000e+00
474 473 1.000000000000000000e+00
474 474 -5.000000000000000000e-01
474 476 1.000000000000000000e+00
474 490 1.000000000000000000e+00
474 730 1.000000000000000000e+00
475 443 1.000000000000000000e+00
475 471 1.000000000000000000e+00
475 475 -5.000000000000000000e-01
475 477 1.000000000000000000e+00
475 491 1.000000000000000000e+00
475 731 1.000000000000000000e+00
475 986 1.000000000000000000e+00
476 444 1.000000000000000000e+00
476 474 1.000000000000000000e+00
476 476 5.000000000000000000e-01
476 492 1.000000000000000000e+00
476 732 1.000000000000000000e+00
477 445 1.000000000000000000e+00
477 475 1.000000000000000000e+00
477 477 -5.000000000000000000e-01
477 478 1.000000000000000000e+00
477 493 1.000000000000000000e+00
477 733 1.000000000000000000e+00
477 988 1.000000000000000000e+00
478 446 1.000000000000000000e+00
478 477 1.000000000000000000e+00
478 478 5.000000000000000000e-01
478 494 1.000000000000000000e+00
478 734 1.000000000000000000e+00
479 447 1.000000000000000000e+00
479 479 5.000000000000000000e-01
479 495 1.000000000000000000e+00
479 735 1.000000000000000000e+00
479 990 1.000000000000000000e+00
480 464 1.000000000000000000e+00
480 480 1.500000000000000000e+00
480 736 1.000000000000000000e+00
481 465 1.000000000000000000e+00
481 481 5.000000000000000000e-01
481 482 1.000000000000000000e+00
481 737 1.000000000000000000e+00
481 992 1.000000000000000000e+00
482 466 1.000000000000000000e+00
482 481 1.000000000000000000e+00
482 482 5.000000000000000000e-01
482 484 1.000000000000000000e+00
482 738 1.000000000000000000e+00
483 467 1.000000000000000000e+00
483 483 5.000000000000000000e-01
483 485 1.000000000000000000e+00
483 739 1.000000000000000000e+00
483 994 1.000000000000000000e+00
484 468 1.000000000000000000e+00
484 482 1.000000000000000000e+00
484 484 5.000000000000000000e-01
484 488 1.000000000000000000e+00
484 740 1.000000000000000000e+00
485 469 1.000000000000000000e+00
485 483 1.000000000000000000e+00
485 485 -5.000000000000000000e-01
485 486 1.000000000000000000e+00
485 489 1.000000000000000000e+00
485 741 1.000000000000000000e+00
485 996 1.000000000000000000e+00
486 470 1.000000000000000000e+00
486 485 1.000000000000000000e+00
486 486 5.000000000000000000e-01
486 490 1.000000000000000000e+00
486 742 1.000000000000000000e+00
487 471 1.000000000000000000e+00
487 487 5.000000000000000000e-01
487 491 1.000000000000000000e+00
487 743 1.000000000000000000e+00
487 998 1.000000000000000000e+00
488 472 1.000000000000000000e+00
488 484 1.000000000000000000e+00
488 488 5.000000000000000000e-01
488 496 1.000000000000000000e+00
488 744 1.000000000000000000e+00
489 473 1.000000000000000000e+00
489 485 1.000000000000000000e+00
489 489 -5.000000000000000000e-01
489 490 1.000000000000000000e+00
489 497 1.000000000000000000e+00
489 745 1.000000000000000000e+00
489 1000 1.000000000000000000e+00
490 474 1.000000000000000000e+00
490 486 1.000000000000000000e+00
490 489 1.000000000000000000e+00
490 490 -5.000000000000000000e-01
490 492 1.000000000000000000e+00
490 498 1.000000000000000000e+00
490 746 1.000000000000000000e+00
491 475 1.000000000000000000e+00
491 487 1.000000000000000000e+00
491 491 -5.000000000000000000e-01
491 493 1.000000000000000000e+00
491 499 1.000000000000000000e+00
491 747 1.000000000000000000e+00
491 1002 1.000000000000000000e+00
492 476 1.000000000000000000e+00
492 490 1.000000000000000000e+00
492 492 5.000000000000000000e-01
492 500 1.000000000000000000e+00
492 748 1.000000000000000000e+00
493 477 1.000000000000000000e+00
493 491 1.000000000000000000e+00
493 493 -5.000000000000000000e-01
493 494 1.000000000000000000e+00
493 501 1.000000000000000000e+00
493 749 1.000000000000000000e+00
493 1004 1.000000000000000000e+00
494 478 1.000000000000000000e+00
494 493 1.000000000000000000e+00
494 494 5.000000000000000000e-01
494 502 1.000000000000000000e+00
494 750 1.000000000000000000e+00
495 479 1.000000000000000000e+00
495 495 5.000000000000000000e-01
495 503 1.000000000000000000e+00
495 751 1.000000000000000000e+00
495 1006 1.000000000000000000e+00
496 488 1.000000000000000000e+00
496 496 1.500000000000000000e+00
496 752 1.000000000000000000e+00
497 489 1.000000000000000000e+00
497 497 5.000000000000000000e-01
497 498 1.000000000000000000e+00
497 753 1.000000000000000000e+00
497 1008 1.000000000000000000e+00
498 490 1.000000000000000000e+00
498 497 1.000000000000000000e+00
498 498 5.000000000000000000e-01
498 500 1.000000000000000000e+00
498 754 1.000000000000000000e+00
499 491 1.000000000000000000e+00
499 499 5.000000000000000000e-01
499 501 1.000000000000000000e+00
499 755 1.000000000000000000e+00
499 1010 1.000000000000000000e+00
500 492 1.000000000000000000e+00
500 498 1.000000000000000000e+00
500 500 5.000000000000000000e-01
500 504 1.000000000000000000e+00
500 756 1.000000000000000000e+00
501 493 1.000000000000000000e+00
501 499 1.000000000000000000e+00
501 501 -5.000000000000000000e-01
501 502 1.000000000000000000e+00
501 505 1.000000000000000000e+00
501 757 1.000000000000000000e+00
501 1012 1.000000000000000000e+00
502 494 1.000000000000000000e+00
502 501 1.000000000000000000e+00
502 502 5.000000000000000000e-01
502 506 1.000000000000000000e+00
502 758 1.000000000000000000e+00
503 495 1.000000000000000000e+00
503 503 5.000000000000000000e-01
503 507 1.000000000000000000e+00
503 759 1.000000000000000000e+00
503 1014 1.000000000000000000e+00
504 500 1.000000000000000000e+00
504 504 1.500000000000000000e+00
504 760 1.000000000000000000e+00
505 501 1.000000000000000000e+00
505 505 5.000000000000000000e-01
505 506 1.000000000000000000e+00
505 761 1.000000000000000000e+00
505 1016 1.000000000000000000e+00
506 502 1.000000000000000000e+00
506 505 1.000000000000000000e+00
506 506 5.000000000000000000e-01
506 508 1.000000000000000000e+00
506 762 1.000000000000000000e+00
507 503 1.000000000000000000e+00
507 507 5.000000000000000000e-01
507 509 1.000000000000000000e+00
507 763 1.000000000000000000e+00
507 1018 1.000000000000000000e+00
508 506 1.000000000000000000e+00
508 508 1.500000000000000000e+00
508 764 1.000000000000000000e+00
509 507 1.000000000000000000e+00
509 509 5.000000000000000000e-01
509 510 1.000000000000000000e+00
509 765 1.000000000000000000e+00
509 1020 1.000000000000000000e+00
510 509 1.000000000000000000e+00
510 510 1.500000000000000000e+00
510 766 1.000000000000000000e+00
511 511 1.500000000000000000e+00
511 767 1.000000000000000000e+00
511 1022 1.000000000000000000e+00
512 1 1.000000000000000000e+00
512 256 1.000000000000000000e+00
512 512 1.500000000000000000e+00
513 257 1.000000000000000000e+00
513 513 1.500000000000000000e+00
513 514 1.000000000000000000e+00
514 3 1.000000000000000000e+00
514 258 1.000000000000000000e+00
514 513 1.000000000000000000e+00
514 514 5.000000000000000000e-01
514 516 1.000000000000000000e+00
515 259 1.000000000000000000e+00
515 515 1.500000000000000000e+00
515 517 1.000000000000000000e+00
516 5 1.000000000000000000e+00
516 260 1.000000000000000000e+00
516 514 1.000000000000000000e+00
516 516 5.000000000000000000e-01
516 520 1.000000000000000000e+00
517 261 1.000000000000000000e+00
517 515 1.000000000000000000e+00
517 517 5.000000000000000000e-01
517 518 1.000000000000000000e+00
517 521 1.000000000000000000e+00
518 7 1.000000000000000000e+00
518 262 1.000000000000000000e+00
518 517 1.000000000000000000e+00
518 518 5.000000000000000000e-01
518 522 1.000000000000000000e+00
519 263 1.000000000000000000e+00
519 519 1.500000000000000000e+00
519 523 1.000000000000000000e+00
520 9 1.000000000000000000e+00
520 264 1.000000000000000000e+00
520 516 1.000000000000000000e+00
520 520 5.000000000000000000e-01
520 528 1.000000000000000000e+00
521 265 1.000000000000000000e+00
521 517 1.000000000000000000e+00
521 521 5.000000000000000000e-01
521 522 1.000000000000000000e+00
521 529 1.000000000000000000e+00
522 11 1.000000000000000000e+00
522 266 1.000000000000000000e+00
522 518 1.000000000000000000e+00
522 521 1.000000000000000000e+00
522 522 -5.000000000000000000e-01
522 524 1.000000000000000000e+00
522 530 1.000000000000000000e+00
523 267 1.000000000000000000e+00
523 519 1.000000000000000000e+00
523 523 5.000000000000000000e-01
523 525 1.000000000000000000e+00
523 531 1.000000000000000000e+00
524 13 1.000000000000000000e+00
524 268 1.000000000000000000e+00
524 522 1.000000000000000000e+00
524 524 5.000000000000000000e-01
524 532 1.000000000000000000e+00
525 269 1.000000000000000000e+00
525 523 1.000000000000000000e+00
525 525 5.000000000000000000e-01
525 526 1.000000000000000000e+00
525 533 1.000000000000000000e+00
526 15 1.000000000000000000e+00
526 270 1.000000000000000000e+00
526 525 1.000000000000000000e+00
526 526 5.000000000000000000e-01
526 534 1.000000000000000000e+00
527 271 1.000000000000000000e+00
527 527 1.500000000000000000e+00
527 535 1.000000000000000000e+00
528 17 1.000000000000000000e+00
528 272 1.000000000000000000e+00
528 520 1.000000000000000000e+00
528 528 5.000000000000000000e-01
528 544 1.000000000000000000e+00
529 273 1.000000000000000000e+00
529 521 1.000000000000000000e+00
529 529 5.000000000000000000e-01
529 530 1.000000000000000000e+00
529 545 1.000000000000000000e+00
530 19 1.000000000000000000e+00
530 274 1.000000000000000000e+00
530 522 1.000000000000000000e+00
530 529 1.000000000000000000e+00
530 530 -5.000000000000000000e-01
530 532 1.000000000000000000e+00
530 546 1.000000000000000000e+00
531 275 1.000000000000000000e+00
531 523 1.000000000000000000e+00
531 531 5.000000000000000000e-01
531 533 1.000000000000000000e+00
531 547 1.000000000000000000e+00
532 21 1.000000000000000000e+00
532 276 1.000000000000000000e+00
532 524 1.000000000000000000e+00
532 530 1.000000000000000000e+00
532 532 -5.000000000000000000e-01
532 536 1.000000000000000000e+00
532 548 1.000000000000000000e+00
533 277 1.000000000000000000e+00
533 525 1.000000000000000000e+00
533 531 1.000000000000000000e+00
533 533 -5.000000000000000000e-01
533 534 1.000000000000000000e+00
533 537 1.000000000000000000e+00
533 549 1.000000000000000000e+00
534 23 1.000000000000000000e+00
534 278 1.000000000000000000e+00
534 526 1.000000000000000000e+00
534 533 1.000000000000000000e+00
534 534 -5.000000000000000000e-01
534 538 1.000000000000000000e+00
534 550 1.000000000000000000e+00
535 279 1.000000000000000000e+00
535 527 1.000000000000000000e+00
535 535 5.000000000000000000e-01
535 539 1.000000000000000000e+00
535 551 1.000000000000000000e+00
536 25 1.000000000000000000e+00
536 280 1.000000000000000000e+00
536 532 1.000000000000000000e+00
536 536 5.000000000000000000e-01
536 552 1.000000000000000000e+00
537 281 1.000000000000000000e+00
537 533 1.000000000000000000e+00
537 537 5.000000000000000000e-01
537 538 1.000000000000000000e+00
537 553 1.000000000000000000e+00
538 27 1.000000000000000000e+00
538 282 1.000000000000000000e+00
538 534 1.000000000000000000e+00
538 537 1.000000000000000000e+00
538 538 -5.000000000000000000e-01
538 540 1.000000000000000000e+00
538 554 1.000000000000000000e+00
539 283 1.000000000000000000e+00
539 535 1.000000000000000000e+00
539 539 5.000000000000000000e-01
539 541 1.000000000000000000e+00
539 555 1.000000000000000000e+00
540 29 1.000000000000000000e+00
540 284 1.000000000000000000e+00
540 538 1.000000000000000000e+00
540 540 5.000000000000000000e-01
540 556 1.000000000000000000e+00
541 285 1.000000000000000000e+00
541 539 1.000000000000000000e+00
541 541 5.000000000000000000e-01
541 542 1.000000000000000000e+00
541 557 1.000000000000000000e+00
542 31 1.000000000000000000e+00
542 286 1.000000000000000000e+00
542 541 1.000000000000000000e+00
542 542 5.000000000000000000e-01
542 558 1.000000000000000000e+00
543 287 1.000000000000000000e+00
543 543 1.500000000000000000e+00
543 559 1.000000000000000000e+00
544 33 1.000000000000000000e+00
544 288 1.000000000000000000e+00
544 528 1.000000000000000000e+00
544 544 5.000000000000000000e-01
544 576 1.000000000000000000e+00
545 289 1.000000000000000000e+00
545 529 1.000000000000000000e+00
545 545 5.000000000000000000e-01
545 546 1.000000000000000000e+00
545 577 1.000000000000000000e+00
546 35 1.000000000000000000e+00
546 290 1.000000000000000000e+00
546 530 1.000000000000000000e+00
546 545 1.000000000000000000e+00
546 546 -5.000000000000000000e-01
546 548 1.000000000000000000e+00
546 578 1.000000000000000000e+00
547 291 1.000000000000000000e+00
547 531 1.000000000000000000e+00
547 547 5.000000000000000000e-01
547 549 1.000000000000000000e+00
547 579 1.000000000000000000e+00
548 37 1.000000000000000000e+00
548 292 1.000000000000000000e+00
548 532 1.000000000000000000e+00
548 546 1.000000000000000000e+00
548 548 -5.000000000000000000e-01
548 552 1.000000000000000000e+00
548 580 1.000000000000000000e+00
549 293 1.000000000000000000e+00
549 533 1.000000000000000000e+00
549 547 1.000000000000000000e+00
549 549 -5.000000000000000000e-01
549 550 1.000000000000000000e+00
549 553 1.000000000000000000e+00
549 581 1.000000000000000000e+00
550 39 1.000000000000000000e+00
550 294 1.000000000000000000e+00
550 534 1.000000000000000000e+00
550 549 1.000000000000000000e+00
550 550 -5.000000000000000000e-01
550 554 1.000000000000000000e+00
550 582 1.000000000000000000e+00
551 295 1.000000000000000000e+00
551 535 1.000000000000000000e+00
551 551 5.000000000000000000e-01
551 555 1.000000000000000000e+00
551 583 1.000000000000000000e+00
552 41 1.000000000000000000e+00
552 296 1.000000000000000000e+00
552 536 1.000000000000000000e+00
552 548 1.000000000000000000e+00
552 552 -5.000000000000000000e-01
552 560 1.000000000000000000e+00
552 584 1.000000000000000000e+00
553 297 1.000000000000000000e+00
553 537 1.000000000000000000e+00
553 549 1.000000000000000000e+00
553 553 -5.000000000000000000e-01
553 554 1.000000000000000000e+00
553 561 1.000000000000000000e+00
553 585 1.000000000000000000e+00
554 43 1.000000000000000000e+00
554 298 1.000000000000000000e+00
554 538 1.000000000000000000e+00
554 550 1.000000000000000000e+00
554 553 1.000000000000000000e+00
554 554 -1.500000000000000000e+00
554 556 1.000000000000000000e+00
554 562 1.000000000000000000e+00
554 586 1.000000000000000000e+00
555 299 1.000000000000000000e+00
555 539 1.000000000000000000e+00
555 551 1.000000000000000000e+00
555 555 -5.000000000000000000e-01
555 557 1.000000000000000000e+00
555 563 1.000000000000000000e+00
555 587 1.000000000000000000e+00
556 45 1.000000000000000000e+00
556 300 1.000000000000000000e+00
556 540 1.000000000000000000e+00
556 554 1.000000000000000000e+00
556 556 -5.000000000000000000e-01
556 564 1.000000000000000000e+00
556 588 1.000000000000000000e+00
557 301 1.000000000000000000e+00
557 541 1.000000000000000000e+00
557 555 1.000000000000000000e+00
557 557 -5.000000000000000000e-01
557 558 1.000000000000000000e+00
557 565 1.000000000000000000e+00
557 589 1.000000000000000000e+00
558 47 1.000000000000000000e+00
558 302 1.000000000000000000e+00
558 542 1.000000000000000000e+00
558 557 1.000000000000000000e+00
558 558 -5.000000000000000000e-01
558 566 1.000000000000000000e+00
558 590 1.000000000000000000e+00
559 303 1.000000000000000000e+00
559 543 1.000000000000000000e+00
559 559 5.000000000000000000e-01
559 567 1.000000000000000000e+00
559 591 1.000000000000000000e+00
560 49 1.000000000000000000e+00
560 304 1.000000000000000000e+00
560 552 1.000000000000000000e+00
560 560 5.000000000000000000e-01
560 592 1.000000000000000000e+00
561 305 1.000000000000000000e+00
561 553 1.000000000000000000e+00
561 561 5.000000000000000000e-01
561 562 1.000000000000000000e+00
561 593 1.000000000000000000e+00
562 51 1.000000000000000000e+00
562 306 1.000000000000000000e+00
562 554 1.000000000000000000e+00
562 561 1.000000000000000000e+00
562 562 -5.000000000000000000e-01
562 564 1.000000000000000000e+00
562 594 1.000000000000000000e+00
563 307 1.000000000000000000e+00
563 555 1.000000000000000000e+00
563 563 5.000000000000000000e-01
563 565 1.000000000000000000e+00
563 595 1.000000000000000000e+00
564 53 1.000000000000000000e+00
564 308 1.000000000000000000e+00
564 556 1.000000000000000000e+00
564 562 1.000000000000000000e+00
564 564 -5.000000000000000000e-01
564 568 1.000000000000000000e+00
564 596 1.000000000000000000e+00
565 309 1.000000000000000000e+00
565 557 1.000000000000000000e+00
565 563 1.000000000000000000e+00
565 565 -5.000000000000000000e-01
565 566 1.000000000000000000e+00
565 569 1.000000000000000000e+00
565 597 1.000000000000000000e+00
566 55 1.000000000000000000e+00
566 310 1.000000000000000000e+00
566 558 1.000000000000000000e+00
566 565 1.000000000000000000e+00
566 566 -5.000000000000000000e-01
566 570 1.000000000000000000e+00
566 598 1.000000000000000000e+00
567 311 1.000000000000000000e+00
567 559 1.000000000000000000e+00
567 567 5.000000000000000000e-01
567 571 1.000000000000000000e+00
567 599 1.000000000000000000e+00
568 57 1.000000000000000000e+00
568 312 1.000000000000000000e+00
568 564 1.000000000000000000e+00
568 568 5.000000000000000000e-01
568 600 1.000000000000000000e+00
569 313 1.000000000000000000e+00
569 565 1.000000000000000000e+00
569 569 5.000000000000000000e-01
569 570 1.000000000000000000e+00
569 601 1.000000000000000000e+00
570 59 1.000000000000000000e+00
570 314 1.000000000000000000e+00
570 566 1.000000000000000000e+00
570 569 1.000000000000000000e+00
570 570 -5.000000000000000000e-01
570 572 1.000000000000000000e+00
570 602 1.000000000000000000e+00
571 315 1.000000000000000000e+00
571 567 1.000000000000000000e+00
571 571 5.000000000000000000e-01
571 573 1.000000000000000000e+00
571 603 1.000000000000000000e+00
572 61 1.000000000000000000e+00
572 316 1.000000000000000000e+00
572 570 1.000000000000000000e+00
572 572 5.000000000000000000e-01
572 604 1.000000000000000000e+00
573 317 1.000000000000000000e+00
573 571 1.000000000000000000e+00
573 573 5.000000000000000000e-01
573 574 1.000000000000000000e+00
573 605 1.000000000000000000e+00
574 63 1.000000000000000000e+00
574 318 1.000000000000000000e+00
574 573 1.000000000000000000e+00
574 574 5.000000000000000000e-01
574 606 1.000000000000000000e+00
575 319 1.000000000000000000e+00
575 575 1.500000000000000000e+00
575 607 1.000000000000000000e+00
576 65 1.000000000000000000e+00
576 320 1.000000000000000000e+00
576 544 1.000000000000000000e+00
576 576 5.000000000000000000e-01
576 640 1.000000000000000000e+00
577 321 1.000000000000000000e+00
577 545 1.000000000000000000e+00
577 577 5.000000000000000000e-01
577 578 1.000000000000000000e+00
577 641 1.000000000000000000e+00
578 67 1.000000000000000000e+00
578 322 1.000000000000000000e+00
578 546 1.000000000000000000e+00
578 577 1.000000000000000000e+00
578 578 -5.000000000000000000e-01
578 580 1.000000000000000000e+00
578 642 1.000000000000000000e+00
579 323 1.000000000000000000e+00
579 547 1.000000000000000000e+00
579 579 5.000000000000000000e-01
579 581 1.000000000000000000e+00
579 643 1.000000000000000000e+00
580 69 1.000000000000000000e+00
580 324 1.000000000000000000e+00
580 548 1.000000000000000000e+00
580 578 1.000000000000000000e+00
580 580 -5.000000000000000000e-01
580 584 1.000000000000000000e+00
580 644 1.000000000000000000e+00
581 325 1.000000000000000000e+00
581 549 1.000000000000000000e+00
581 579 1.000000000000000000e+00
581 581 -5.000000000000000000e-01
581 582 1.000000000000000000e+00
581 585 1.000000000000000000e+00
581 645 1.000000000000000000e+00
582 71 1.000000000000000000e+00
582 326 1.000000000000000000e+00
582 550 1.000000000000000000e+00
582 581 1.000000000000000000e+00
582 582 -5.000000000000000000e-01
582 586 1.000000000000000000e+00
582 646 1.000000000000000000e+00
583 327 1.000000000000000000e+00
583 551 1.000000000000000000e+00
583 583 5.000000000000000000e-01
583 587 1.000000000000000000e+00
583 647 1.000000000000000000e+00
584 73 1.000000000000000000e+00
584 328 1.000000000000000000e+00
584 552 1.000000000000000000e+00
584 580 1.000000000000000000e+00
584 584 -5.000000000000000000e-01
584 592 1.000000000000000000e+00
584 648 1.000000000000000000e+00
585 329 1.000000000000000000e+00
585 553 1.000000000000000000e+00
585 581 1.000000000000000000e+00
585 585 -5.000000000000000000e-01
585 586 1.000000000000000000e+00
585 593 1.000000000000000000e+00
585 649 1.000000000000000000e+00
586 75 1.000000000000000000e+00
586 330 1.000000000000000000e+00
586 554 1.000000000000000000e+00
586 582 1.000000000000000000e+00
586 585 1.000000000000000000e+00
586 586 -1.500000000000000000e+00
586 588 1.000000000000000000e+00
586 594 1.000000000000000000e+00
586 650 1.000000000000000000e+00
587 331 1.000000000000000000e+00
587 555 1.000000000000000000e+00
587 583 1.000000000000000000e+00
587 587 -5.000000000000000000e-01
587 589 1.000000000000000000e+00
587 595 1.000000000000000000e+00
587 651 1.000000000000000000e+00
588 77 1.000000000000000000e+00
588 332 1.000000000000000000e+00
588 556 1.000000000000000000e+00
588 586 1.000000000000000000e+00
588 588 -5.000000000000000000e-01
588 596 1.000000000000000000e+00
588 652 1.000000000000000000e+00
589 333 1.000000000000000000e+00
589 557 1.000000000000000000e+00
589 587 1.000000000000000000e+00
589 589 -5.000000000000000000e-01
589 590 1.000000000000000000e+00
589 597 1.000000000000000000e+00
589 653 1.000000000000000000e+00
590 79 1.000000000000000000e+00
590 334 1.000000000000000000e+00
590 558 1.000000000000000000e+00
590 589 1.000000000000000000e+00
590 590 -5.000000000000000000e-01
590 598 1.000000000000000000e+00
590 654 1.000000000000000000e+00
591 335 1.000000000000000000e+00
591 559 1.000000000000000000e+00
591 591 5.000000000000000000e-01
591 599 1.000000000000000000e+00
591 655 1.000000000000000000e+00
592 81 1.000000000000000000e+00
592 336 1.000000000000000000e+00
592 560 1.000000000000000000e+00
592 584 1.000000000000000000e+00
592 592 -5.000000000000000000e-01
592 608 1.000000000000000000e+00
592 656 1.000000000000000000e+00
593 337 1.000000000000000000e+00
593 561 1.000000000000000000e+00
593 585 1.000000000000000000e+00
593 593 -5.000000000000000000e-01
593 594 1.000000000000000000e+00
593 609 1.000000000000000000e+00
593 657 1.000000000000000000e+00
594 83 1.000000000000000000e+00
594 338 1.000000000000000000e+00
594 562 1.000000000000000000e+00
594 586 1.000000000000000000e+00
594 593 1.000000000000000000e+00
594 594 -1.500000000000000000e+00
594 596 1.000000000000000000e+00
594 610 1.000000000000000000e+00
594 658 1.000000000000000000e+00
595 339 1.000000000000000000e+00
595 563 1.000000000000000000e+00
595 587 1.000000000000000000e+00
595 595 -5.000000000000000000e-01
595 597 1.000000000000000000e+00
595 611 1.000000000000000000e+00
595 659 1.000000000000000000e+00
596 85 1.000000000000000000e+00
596 340 1.000000000000000000e+00
596 564 1.000000000000000000e+00
596 588 1.000000000000000000e+00
596 594 1.000000000000000000e+00
596 596 -1.500000000000000000e+00
596 600 1.000000000000000000e+00
596 612 1.000000000000000000e+00
596 660 1.000000000000000000e+00
597 341 1.000000000000000000e+00
597 565 1.000000000000000000e+00
597 589 1.000000000000000000e+00
597 595 1.000000000000000000e+00
597 597 -1.500000000000000000e+00
597 598 1.000000000000000000e+00
597 601 1.000000000000000000e+00
597 613 1.000000000000000000e+00
597 661 1.000000000000000000e+00
598 87 1.000000000000000000e+00
598 342 1.000000000000000000e+00
598 566 1.000000000000000000e+00
598 590 1.000000000000000000e+00
598 597 1.000000000000000000e+00
598 598 -1.500000000000000000e+00
598 602 1.000000000000000000e+00
598 614 1.000000000000000000e+00
598 662 1.000000000000000000e+00
599 343 1.000000000000000000e+00
599 567 1.000000000000000000e+00
599 591 1.000000000000000000e+00
599 599 -5.000000000000000000e-01
599 603 1.000000000000000000e+00
599 615 1.000000000000000000e+00
599 663 1.000000000000000000e+00
600 89 1.000000000000000000e+00
600 344 1.000000000000000000e+00
600 568 1.000000000000000000e+00
600 596 1.000000000000000000e+00
600 600 -5.000000000000000000e-01
600 616 1.000000000000000000e+00
600 664 1.000000000000000000e+00
601 345 1.000000000000000000e+00
601 569 1.000000000000000000e+00
601 597 1.000000000000000000e+00
601 601 -5.000000000000000000e-01
601 602 1.000000000000000000e+00
601 617 1.000000000000000000e+00
601 665 1.000000000000000000e+00
602 91 1.000000000000000000e+00
602 346 1.000000000000000000e+00
602 570 1.000000000000000000e+00
602 598 1.000000000000000000e+00
602 601 1.000000000000000000e+00
602 602 -1.500000000000000000e+00
602 604 1.000000000000000000e+00
602 618 1.000000000000000000e+00
602 666 1.000000000000000000e+00
603 347 1.000000000000000000e+00
603 571 1.000000000000000000e+00
603 599 1.000000000000000000e+00
603 603 -5.000000000000000000e-01
603 605 1.000000000000000000e+00
603 619 1.000000000000000000e+00
603 667 1.000000000000000000e+00
604 93 1.000000000000000000e+00
604 348 1.000000000000000000e+00
604 572 1.000000000000000000e+00
604 602 1.000000000000000000e+00
604 604 -5.000000000000000000e-01
604 620 1.000000000000000000e+00
604 668 1.000000000000000000e+00
605 349 1.000000000000000000e+00
605 573 1.000000000000000000e+00
605 603 1.000000000000000000e+00
605 605 -5.000000000000000000e-01
605 606 1.000000000000000000e+00
605 621 1.000000000000000000e+00
605 669 1.000000000000000000e+00
606 95 1.000000000000000000e+00
606 350 1.000000000000000000e+00
606 574 1.000000000000000000e+00
606 605 1.000000000000000000e+00
606 606 -5.000000000000000000e-01
606 622 1.000000000000000000e+00
606 670 1.000000000000000000e+00
607 351 1.000000000000000000e+00
607 575 1.000000000000000000e+00
607 607 5.000000000000000000e-01
607 623 1.000000000000000000e+00
607 671 1.000000000000000000e+00
608 97 1.000000000000000000e+00
608 352 1.000000000000000000e+00
608 592 1.000000000000000000e+00
608 608 5.000000000000000000e-01
608 672 1.000000000000000000e+00
609 353 1.000000000000000000e+00
609 593 1.000000000000000000e+00
609 609 5.000000000000000000e-01
609 610 1.000000000000000000e+00
609 673 1.000000000000000000e+00
610 99 1.000000000000000000e+00
610 354 1.000000000000000000e+00
610 594 1.000000000000000000e+00
610 609 1.000000000000000000e+00
610 610 -5.000000000000000000e-01
610 612 1.000000000000000000e+00
610 674 1.000000000000000000e+00
611 355 1.000000000000000000e+00
611 595 1.000000000000000000e+00
611 611 5.000000000000000000e-01
611 613 1.000000000000000000e+00
611 675 1.000000000000000000e+00
612 101 1.000000000000000000e+00
612 356 1.000000000000000000e+00
612 596 1.000000000000000000e+00
612 610 1.000000000000000000e+00
612 612 -5.000000000000000000e-01
612 616 1.000000000000000000e+00
612 676 1.000000000000000000e+00
613 357 1.000000000000000000e+00
613 597 1.000000000000000000e+00
613 611 1.000000000000000000e+00
613 613 -5.000000000000000000e-01
613 614 1.000000000000000000e+00
613 617 1.000000000000000000e+00
613 677 1.000000000000000000e+00
614 103 1.000000000000000000e+00
614 358 1.000000000000000000e+00
614 598 1.000000000000000000e+00
614 613 1.000000000000000000e+00
614 614 -5.000000000000000000e-01
614 618 1.000000000000000000e+00
614 678 1.000000000000000000e+00
615 359 1.000000000000000000e+00
615 599 1.000000000000000000e+00
615 615 5.000000000000000000e-01
615 619 1.000000000000000000e+00
615 679 1.000000000000000000e+00
616 105 1.000000000000000000e+00
616 360 1.000000000000000000e+00
616 600 1.000000000000000000e+00
616 612 1.000000000000000000e+00
616 616 -5.000000000000000000e-01
616 624 1.000000000000000000e+00
616 680 1.000000000000000000e+00
617 361 1.000000000000000000e+00
617 601 1.000000000000000000e+00
617 613 1.000000000000000000e+00
617 617 -5.000000000000000000e-01
617 618 1.000000000000000000e+00
617 625 1.000000000000000000e+00
617 681 1.000000000000000000e+00
618 107 1.000000000000000000e+00
618 362 1.000000000000000000e+00
618 602 1.000000000000000000e+00
618 614 1.000000000000000000e+00
618 617 1.000000000000000000e+00
618 618 -1.500000000000000000e+00
618 620 1.000000000000000000e+00
618 626 1.000000000000000000e+00
618 682 1.000000000000000000e+00
619 363 1.000000000000000000e+00
619 603 1.000000000000000000e+00
619 615 1.000000000000000000e+00
619 619 -5.000000000000000000e-01
619 621 1.000000000000000000e+00
619 627 1.000000000000000000e+00
619 683 1.000000000000000000e+00
620 109 1.000000000000000000e+00
620 364 1.000000000000000000e+00
620 604 1.000000000000000000e+00
620 618 1.000000000000000000e+00
620 620 -5.000000000000000000e-01
620 628 1.000000000000000000e+00
620 684 1.000000000000000000e+00
621 365 1.000000000000000000e+00
621 605 1.000000000000000000e+00
621 619 1.000000000000000000e+00
621 621 -5.000000000000000000e-01
621 622 1.000000000000000000e+00
621 629 1.000000000000000000e+00
621 685 1.000000000000000000e+00
622 111 1.000000000000000000e+00
622 366 1.000000000000000000e+00
622 606 1.000000000000000000e+00
622 621 1.000000000000000000e+00
622 622 -5.000000000000000000e-01
622 630 1.000000000000000000e+00
622 686 1.000000000000000000e+00
623 367 1.000000000000000000e+00
623 607 1.000000000000000000e+00
623 623 5.000000000000000000e-01
623 631 1.000000000000000000e+00
623 687 1.000000000000000000e+00
624 113 1.000000000000000000e+00
624 368 1.000000000000000000e+00
624 616 1.000000000000000000e+00
624 624 5.000000000000000000e-01
624 688 1.000000000000000000e+00
625 369 1.000000000000000000e+00
625 617 1.000000000000000000e+00
625 625 5.000000000000000000e-01
625 626 1.000000000000000000e+00
625 689 1.000000000000000000e+00
626 115 1.000000000000000000e+00
626 370 1.000000000000000000e+00
626 618 1.000000000000000000e+00
626 625 1.000000000000000000e+00
626 626 -5.000000000000000000e-01
626 628 1.000000000000000000e+00
626 690 1.000000000000000000e+00
627 371 1.000000000000000000e+00
627 619 1.000000000000000000e+00
627 627 5.000000000000000000e-01
627 629 1.000000000000000000e+00
627 691 1.000000000000000000e+00
628 117 1.000000000000000000e+00
628 372 1.000000000000000000e+00
628 620 1.000000000000000000e+00
628 626 1.000000000000000000e+00
628 628 -5.000000000000000000e-01
628 632 1.000000000000000000e+00
628 692 1.000000000000000000e+00
629 373 1.000000000000000000e+00
629 621 1.000000000000000000e+00
629 627 1.000000000000000000e+00
629 629 -5.000000000000000000e-01
629 630 1.000000000000000000e+00
629 633 1.000000000000000000e+00
629 693 1.000000000000000000e+00
630 119 1.000000000000000000e+00
630 374 1.000000000000000000e+00
630 622 1.000000000000000000e+00
630 629 1.000000000000000000e+00
630 630 -5.000000000000000000e-01
630 634 1.000000000000000000e+00
630 694 1.000000000000000000e+00
631 375 1.000000000000000000e+00
631 623 1.000000000000000000e+00
631 631 5.000000000000000000e-01
631 635 1.000000000000000000e+00
631 695 1.000000000000000000e+00
632 121 1.000000000000000000e+00
632 376 1.000000000000000000e+00
632 628 1.000000000000000000e+00
632 632 5.000000000000000000e-01
632 696 1.000000000000000000e+00
633 377 1.000000000000000000e+00
633 629 1.000000000000000000e+00
633 633 5.000000000000000000e-01
633 634 1.000000000000000000e+00
633 697 1.000000000000000000e+00
634 123 1.000000000000000000e+00
634 378 1.000000000000000000e+00
634 630 1.000000000000000000e+00
634 633 1.000000000000000000e+00
634 634 -5.000000000000000000e-01
634 636 1.000000000000000000e+00
634 698 1.000000000000000000e+00
635 379 1.000000000000000000e+00
635 631 1.000000000000000000e+00
635 635 5.000000000000000000e-01
635 637 1.000000000000000000e+00
635 699 1.000000000000000000e+00
636 125 1.000000000000000000e+00
636 380 1.000000000000000000e+00
636 634 1.000000000000000000e+00
636 636 5.000000000000000000e-01
636 700 1.000000000000000000e+00
637 381 1.000000000000000000e+00
637 635 1.000000000000000000e+00
637 637 5.000000000000000000e-01
637 638 1.000000000000000000e+00
637 701 1.000000000000000000e+00
638 127 1.000000000000000000e+00
638 382 1.000000000000000000e+00
638 637 1.000000000000000000e+00
638 638 5.000000000000000000e-01
638 702 1.000000000000000000e+00
639 383 1.000000000000000000e+00
639 639 1.500000000000000000e+00
639 703 1.000000000000000000e+00
640 129 1.000000000000000000e+00
640 384 1.000000000000000000e+00
640 576 1.000000000000000000e+00
640 640 5.000000000000000000e-01
640 768 1.000000000000000000e+00
641 385 1.000000000000000000e+00
641 577 1.000000000000000000e+00
641 641 5.000000000000000000e-01
641 642 1.000000000000000000e+00
641 769 1.000000000000000000e+00
642 131 1.000000000000000000e+00
642 386 1.000000000000000000e+00
642 578 1.000000000000000000e+00
642 641 1.000000000000000000e+00
642 642 -5.000000000000000000e-01
642 644 1.000000000000000000e+00
642 770 1.000000000000000000e+00
643 387 1.000000000000000000e+00
643 579 1.000000000000000000e+00
643 643 5.000000000000000000e-01
643 645 1.000000000000000000e+00
643 771 1.000000000000000000e+00
644 133 1.000000000000000000e+00
644 388 1.000000000000000000e+00
644 580 1.000000000000000000e+00
644 642 1.000000000000000000e+00
644 644 -5.000000000000000000e-01
644 648 1.000000000000000000e+00
644 772 1.000000000000000000e+00
645 389 1.000000000000000000e+00
645 581 1.000000000000000000e+00
645 643 1.000000000000000000e+00
645 645 -5.000000000000000000e-01
645 646 1.000000000000000000e+00
645 649 1.000000000000000000e+00
645 773 1.000000000000000000e+00
646 135 1.000000000000000000e+00
646 390 1.000000000000000000e+00
646 582 1.000000000000000000e+00
646 645 1.000000000000000000e+00
646 646 -5.000000000000000000e-01
646 650 1.000000000000000000e+00
646 774 1.000000000000000000e+00
647 391 1.000000000000000000e+00
647 583 1.000000000000000000e+00
647 647 5.000000000000000000e-01
647 651 1.000000000000000000e+00
647 775 1.000000000000000000e+00
648 137 1.000000000000000000e+00
648 392 1.000000000000000000e+00
648 584 1.000000000000000000e+00
648 644 1.000000000000000000e+00
648 648 -5.000000000000000000e-01
648 656 1.000000000000000000e+00
648 776 1.000000000000000000e+00
649 393 1.000000000000000000e+00
649 585 1.000000000000000000e+00
649 645 1.000000000000000000e+00
649 649 -5.000000000000000000e-01
649 650 1.000000000000000000e+00
649 657 1.000000000000000000e+00
649 777 1.000000000000000000e+00
650 139 1.000000000000000000e+00
650 394 1.000000000000000000e+00
650 586 1.000000000000000000e+00
650 646 1.000000000000000000e+00
650 649 1.000000000000000000e+00
650 650 -1.500000000000000000e+00
650 652 1.000000000000000000e+00
650 658 1.000000000000000000e+00
650 778 1.000000000000000000e+00
651 395 1.000000000000000000e+00
651 587 1.000000000000000000e+00
651 647 1.000000000000000000e+00
651 651 -5.000000000000000000e-01
651 653 1.000000000000000000e+00
651 659 1.000000000000000000e+00
651 779 1.000000000000000000e+00
652 141 1.000000000000000000e+00
652 396 1.000000000000000000e+00
652 588 1.000000000000000000e+00
652 650 1.000000000000000000e+00
652 652 -5.000000000000000000e-01
652 660 1.000000000000000000e+00
652 780 1.000000000000000000e+00
653 397 1.000000000000000000e+00
653 589 1.000000000000000000e+00
653 651 1.000000000000000000e+00
653 653 -5.000000000000000000e-01
653 654 1.000000000000000000e+00
653 661 1.000000000000000000e+00
653 781 1.000000000000000000e+00
654 143 1.000000000000000000e+00
654 398 1.000000000000000000e+00
654 590 1.000000000000000000e+00
654 653 1.000000000000000000e+00
654 654 -5.000000000000000000e-01
654 662 1.000000000000000000e+00
654 782 1.000000000000000000e+00
655 399 1.000000000000000000e+00
655 591 1.000000000000000000e+00
655 655 5.000000000000000000e-01
655 663 1.000000000000000000e+00
655 783 1.000000000000000000e+00
656 145 1.000000000000000000e+00
656 400 1.000000000000000000e+00
656 592 1.000000000000000000e+00
656 648 1.000000000000000000e+00
656 656 -5.000000000000000000e-01
656 672 1.000000000000000000e+00
656 784 1.000000000000000000e+00
657 401 1.000000000000000000e+00
657 593 1.000000000000000000e+00
657 649 1.000000000000000000e+00
657 657 -5.000000000000000000e-01
657 658 1.000000000000000000e+00
657 673 1.000000000000000000e+00
657 785 1.000000000000000000e+00
658 147 1.000000000000000000e+00
658 402 1.000000000000000000e+00
658 594 1.000000000000000000e+00
658 650 1.000000000000000000e+00
658 657 1.000000000000000000e+00
658 658 -1.500000000000000000e+00
658 660 1.000000000000000000e+00
658 674 1.000000000000000000e+00
658 786 1.000000000000000000e+00
659 403 1.000000000000000000e+00
659 595 1.000000000000000000e+00
659 651 1.000000000000000000e+00
659 659 -5.000000000000000000e-01
659 661 1.000000000000000000e+00
659 675 1.000000000000000000e+00
659 787 1.000000000000000000e+00
660 149 1.000000000000000000e+00
660 404 1.000000000000000000e+00
660 596 1.000000000000000000e+00
660 652 1.000000000000000000e+00
660 658 1.000000000000000000e+00
660 660 -1.500000000000000000e+00
660 664 1.000000000000000000e+00
660 676 1.000000000000000000e+00
660 788 1.000000000000000000e+00
661 405 1.000000000000000000e+00
661 597 1.000000000000000000e+00
661 653 1.000000000000000000e+00
661 659 1.000000000000000000e+00
661 661 -1.500000000000000000e+00
661 662 1.000000000000000000e+00
661 665 1.000000000000000000e+00
661 677 1.000000000000000000e+00
661 789 1.000000000000000000e+00
662 151 1.000000000000000000e+00
662 406 1.000000000000000000e+00
662 598 1.000000000000000000e+00
662 654 1.000000000000000000e+00
662 661 1.000000000000000000e+00
662 662 -1.500000000000000000e+00
662 666 1.000000000000000000e+00
662 678 1.000000000000000000e+00
662 790 1.000000000000000000e+00
663 407 1.000000000000000000e+00
663 599 1.000000000000000000e+00
663 655 1.000000000000000000e+00
663 663 -5.000000000000000000e-01
663 667 1.000000000000000000e+00
663 679 1.000000000000000000e+00
663 791 1.000000000000000000e+00
664 153 1.000000000000000000e+00
664 408 1.000000000000000000e+00
664 600 1.000000000000000000e+00
664 660 1.000000000000000000e+00
664 664 -5.000000000000000000e-01
664 680 1.000000000000000000e+00
664 792 1.000000000000000000e+00
665 409 1.000000000000000000e+00
665 601 1.000000000000000000e+00
665 661 1.000000000000000000e+00
665 665 -5.000000000000000000e-01
665 666 1.000000000000000000e+00
665 681 1.000000000000000000e+00
665 793 1.000000000000000000e+00
666 155 1.000000000000000000e+00
666 410 1.000000000000000000e+00
666 602 1.000000000000000000e+00
666 662 1.000000000000000000e+00
666 665 1.000000000000000000e+00
666 666 -1.500000000000000000e+00
666 668 1.000000000000000000e+00
666 682 1.000000000000000000e+00
666 794 1.000000000000000000e+00
667 411 1.000000000000000000e+00
667 603 1.000000000000000000e+00
667 663 1.000000000000000000e+00
667 667 -5.000000000000000000e-01
667 669 1.000000000000000000e+00
667 683 1.000000000000000000e+00
667 795 1.000000000000000000e+00
668 157 1.000000000000000000e+00
668 412 1.000000000000000000e+00
668 604 1.000000000000000000e+00
668 666 1.000000000000000000e+00
668 668 -5.000000000000000000e-01
668 684 1.000000000000000000e+00
668 796 1.000000000000000000e+00
669 413 1.000000000000000000e+00
669 605 1.000000000000000000e+00
669 667 1.000000000000000000e+00
669 669 -5.000000000000000000e-01
669 670 1.000000000000000000e+00
669 685 1.000000000000000000e+00
669 797 1.000000000000000000e+00
670 159 1.000000000000000000e+00
670 414 1.000000000000000000e+00
670 606 1.000000000000000000e+00
670 669 1.000000000000000000e+00
670 670 -5.000000000000000000e-01
670 686 1.000000000000000000e+00
670 798 1.000000000000000000e+00
671 415 1.000000000000000000e+00
671 607 1.000000000000000000e+00
671 671 5.000000000000000000e-01
671 687 1.000000000000000000e+00
671 799 1.000000000000000000e+00
672 161 1.000000000000000000e+00
672 416 1.000000000000000000e+00
672 608 1.000000000000000000e+00
672 656 1.000000000000000000e+00
672 672 -5.000000000000000000e-01
672 704 1.000000000000000000e+00
672 800 1.000000000000000000e+00
673 417 1.000000000000000000e+00
673 609 1.000000000000000000e+00
673 657 1.000000000000000000e+00
673 673 -5.000000000000000000e-01
673 674 1.000000000000000000e+00
673 705 1.000000000000000000e+00
673 801 1.000000000000000000e+00
674 163 1.000000000000000000e+00
674 418 1.000000000000000000e+00
674 610 1.000000000000000000e+00
674 658 1.000000000000000000e+00
674 673 1.000000000000000000e+00
674 674 -1.500000000000000000e+00
674 676 1.000000000000000000e+00
674 706 1.000000000000000000e+00
674 802 1.000000000000000000e+00
675 419 1.000000000000000000e+00
675 611 1.000000000000000000e+00
675 659 1.000000000000000000e+00
675 675 -5.000000000000000000e-01
675 677 1.000000000000000000e+00
675 707 1.000000000000000000e+00
675 803 1.000000000000000000e+00
676 165 1.000000000000000000e+00
676 420 1.000000000000000000e+00
676 612 1.000000000000000000e+00
676 660 1.000000000000000000e+00
676 674 1.000000000000000000e+00
676 676 -1.500000000000000000e+00
676 680 1.000000000000000000e+00
676 708 1.000000000000000000e+00
676 804 1.000000000000000000e+00
677 421 1.000000000000000000e+00
677 613 1.000000000000000000e+00
677 661 1.000000000000000000e+00
677 675 1.000000000000000000e+00
677 677 -1.500000000000000000e+00
677 678 1.000000000000000000e+00
677 681 1.000000000000000000e+00
677 709 1.000000000000000000e+00
677 805 1.000000000000000000e+00
678 167 1.000000000000000000e+00
678 422 1.000000000000000000e+00
678 614 1.000000000000000000e+00
678 662 1.000000000000000000e+00
678 677 1.000000000000000000e+00
678 678 -1.500000000000000000e+00
678 682 1.000000000000000000e+00
678 710 1.000000000000000000e+00
678 806 1.000000000000000000e+00
679 423 1.000000000000000000e+00
679 615 1.000000000000000000e+00
679 663 1.000000000000000000e+00
679 679 -5.000000000000000000e-01
679 683 1.000000000000000000e+00
679 711 1.000000000000000000e+00
679 807 1.000000000000000000e+00
680 169 1.000000000000000000e+00
680 424 1.000000000000000000e+00
680 616 1.000000000000000000e+00
680 664 1.000000000000000000e+00
680 676 1.000000000000000000e+00
680 680 -1.500000000000000000e+00
680 688 1.000000000000000000e+00
680 712 1.000000000000000000e+00
680 808 1.000000000000000000e+00
681 425 1.000000000000000000e+00
681 617 1.000000000000000000e+00
681 665 1.000000000000000000e+00
681 677 1.000000000000000000e+00
681 681 -1.500000000000000000e+00
681 682 1.000000000000000000e+00
681 689 1.000000000000000000e+00
681 713 1.000000000000000000e+00
681 809 1.000000000000000000e+00
682 171 1.000000000000000000e+00
682 426 1.000000000000000000e+00
682 618 1.000000000000000000e+00
682 666 1.000000000000000000e+00
682 678 1.000000000000000000e+00
682 681 1.000000000000000000e+00
682 682 -2.500000000000000000e+00
682 684 1.000000000000000000e+00
682 690 1.000000000000000000e+00
682 714 1.000000000000000000e+00
682 810 1.000000000000000000e+00
683 427 1.000000000000000000e+00
683 619 1.000000000000000000e+00
683 667 1.000000000000000000e+00
683 679 1.000000000000000000e+00
683 683 -1.500000000000000000e+00
683 685 1.000000000000000000e+00
683 691 1.000000000000000000e+00
683 715 1.000000000000000000e+00
683 811 1.000000000000000000e+00
684 173 1.000000000000000000e+00
684 428 1.000000000000000000e+00
684 620 1.000000000000000000e+00
684 668 1.000000000000000000e+00
684 682 1.000000000000000000e+00
684 684 -1.500000000000000000e+00
684 692 1.000000000000000000e+00
684 716 1.000000000000000000e+00
684 812 1.000000000000000000e+00
685 429 1.000000000000000000e+00
685 621 1.000000000000000000e+00
685 669 1.000000000000000000e+00
685 683 1.000000000000000000e+00
685 685 -1.500000000000000000e+00
685 686 1.000000000000000000e+00
685 693 1.000000000000000000e+00
685 717 1.000000000000000000e+00
685 813 1.000000000000000000e+00
686 175 1.000000000000000000e+00
686 430 1.000000000000000000e+00
686 622 1.000000000000000000e+00
686 670 1.000000000000000000e+00
686 685 1.000000000000000000e+00
686 686 -1.500000000000000000e+00
686 694 1.000000000000000000e+00
686 718 1.000000000000000000e+00
686 814 1.000000000000000000e+00
687 431 1.000000000000000000e+00
687 623 1.000000000000000000e+00
687 671 1.000000000000000000e+00
687 687 -5.000000000000000000e-01
687 695 1.000000000000000000e+00
687 719 1.000000000000000000e+00
687 815 1.000000000000000000e+00
688 177 1.000000000000000000e+00
688 432 1.000000000000000000e+00
688 624 1.000000000000000000e+00
688 680 1.000000000000000000e+00
688 688 -5.000000000000000000e-01
688 720 1.000000000000000000e+00
688 816 1.000000000000000000e+00
689 433 1.000000000000000000e+00
689 625 1.000000000000000000e+00
689 681 1.000000000000000000e+00
689 689 -5.000000000000000000e-01
689 690 1.000000000000000000e+00
689 721 1.000000000000000000e+00
689 817 1.000000000000000000e+00
690 179 1.000000000000000000e+00
690 434 1.000000000000000000e+00
690 626 1.000000000000000000e+00
690 682 1.000000000000000000e+00
690 689 1.000000000000000000e+00
690 690 -1.500000000000000000e+00
690 692 1.000000000000000000e+00
690 722 1.000000000000000000e+00
690 818 1.000000000000000000e+00
691 435 1.000000000000000000e+00
691 627 1.000000000000000000e+00
691 683 1.000000000000000000e+00
691 691 -5.000000000000000000e-01
691 693 1.000000000000000000e+00
691 723 1.000000000000000000e+00
691 819 1.000000000000000000e+00
692 181 1.000000000000000000e+00
692 436 1.000000000000000000e+00
692 628 1.000000000000000000e+00
692 684 1.000000000000000000e+00
692 690 1.000000000000000000e+00
692 692 -1.500000000000000000e+00
692 696 1.000000000000000000e+00
692 724 1.000000000000000000e+00
692 820 1.000000000000000000e+00
693 437 1.000000000000000000e+00
693 629 1.000000000000000000e+00
693 685 1.000000000000000000e+00
693 691 1.000000000000000000e+00
693 693 -1.500000000000000000e+00
693 694 1.000000000000000000e+00
693 697 1.000000000000000000e+00
693 725 1.000000000000000000e+00
693 821 1.000000000000000000e+00
694 183 1.000000000000000000e+00
694 438 1.000000000000000000e+00
694 630 1.000000000000000000e+00
694 686 1.000000000000000000e+00
694 693 1.000000000000000000e+00
694 694 -1.500000000000000000e+00
694 698 1.000000000000000000e+00
694 726 1.000000000000000000e+00
694 822 1.000000000000000000e+00
695 439 1.000000000000000000e+00
695 631 1.000000000000000000e+00
695 687 1.000000000000000000e+00
695 695 -5.000000000000000000e-01
695 699 1.000000000000000000e+00
695 727 1.000000000000000000e+00
695 823 1.000000000000000000e+00
696 185 1.000000000000000000e+00
696 440 1.000000000000000000e+00
696 632 1.000000000000000000e+00
696 692 1.000000000000000000e+00
696 696 -5.000000000000000000e-01
696 728 1.000000000000000000e+00
696 824 1.000000000000000000e+00
697 441 1.000000000000000000e+00
697 633 1.000000000000000000e+00
697 693 1.000000000000000000e+00
697 697 -5.000000000000000000e-01
697 698 1.000000000000000000e+00
697 729 1.000000000000000000e+00
697 825 1.000000000000000000e+00
698 187 1.000000000000000000e+00
698 442 1.000000000000000000e+00
698 634 1.000000000000000000e+00
698 694 1.000000000000000000e+00
698 697 1.000000000000000000e+00
698 698 -1.500000000000000000e+00
698 700 1.000000000000000000e+00
698 730 1.000000000000000000e+00
698 826 1.000000000000000000e+00
699 443 1.000000000000000000e+00
699 635 1.000000000000000000e+00
699 695 1.000000000000000000e+00
699 699 -5.000000000000000000e-01
699 701 1.000000000000000000e+00
699 731 1.000000000000000000e+00
699 827 1.000000000000000000e+00
700 189 1.000000000000000000e+00
700 444 1.000000000000000000e+00
700 636 1.000000000000000000e+00
700 698 1.000000000000000000e+00
700 700 -5.000000000000000000e-01
700 732 1.000000000000000000e+00
700 828 1.000000000000000000e+00
701 445 1.000000000000000000e+00
701 637 1.000000000000000000e+00
701 699 1.000000000000000000e+00
701 701 -5.000000000000000000e-01
701 702 1.000000000000000000e+00
701 733 1.000000000000000000e+00
701 829 1.000000000000000000e+00
702 191 1.000000000000000000e+00
702 446 1.000000000000000000e+00
702 638 1.000000000000000000e+00
702 701 1.000000000000000000e+00
702 702 -5.000000000000000000e-01
702 734 1.000000000000000000e+00
702 830 1.000000000000000000e+00
703 447 1.000000000000000000e+00
703 639 1.000000000000000000e+00
703 703 5.000000000000000000e-01
703 735 1.000000000000000000e+00
703 831 1.000000000000000000e+00
704 193 1.000000000000000000e+00
704 448 1.000000000000000000e+00
704 672 1.000000000000000000e+00
704 704 5.000000000000000000e-01
704 832 1.000000000000000000e+00
705 449 1.000000000000000000e+00
705 673 1.000000000000000000e+00
705 705 5.000000000000000000e-01
705 706 1.000000000000000000e+00
705 833 1.000000000000000000e+00
706 195 1.000000000000000000e+00
706 450 1.000000000000000000e+00
706 674 1.000000000000000000e+00
706 705 1.000000000000000000e+00
706 706 -5.000000000000000000e-01
706 708 1.000000000000000000e+00
706 834 1.000000000000000000e+00
707 451 1.000000000000000000e+00
707 675 1.000000000000000000e+00
707 707 5.000000000000000000e-01
707 709 1.000000000000000000e+00
707 835 1.000000000000000000e+00
708 197 1.000000000000000000e+00
708 452 1.000000000000000000e+00
708 676 1.000000000000000000e+00
708 706 1.000000000000000000e+00
708 708 -5.000000000000000000e-01
708 712 1.000000000000000000e+00
708 836 1.000000000000000000e+00
709 453 1.000000000000000000e+00
709 677 1.000000000000000000e+00
709 707 1.000000000000000000e+00
709 709 -5.000000000000000000e-01
709 710 1.000000000000000000e+00
709 713 1.000000000000000000e+00
709 837 1.000000000000000000e+00
710 199 1.000000000000000000e+00
710 454 1.000000000000000000e+00
710 678 1.000000000000000000e+00
710 709 1.000000000000000000e+00
710 710 -5.000000000000000000e-01
710 714 1.000000000000000000e+00
710 838 1.000000000000000000e+00
711 455 1.000000000000000000e+00
711 679 1.000000000000000000e+00
711 711 5.000000000000000000e-01
711 715 1.000000000000000000e+00
711 839 1.000000000000000000e+00
712 201 1.000000000000000000e+00
712 456 1.000000000000000000e+00
712 680 1.000000000000000000e+00
712 708 1.000000000000000000e+00
712 712 -5.000000000000000000e-01
712 720 1.000000000000000000e+00
712 840 1.000000000000000000e+00
713 457 1.000000000000000000e+00
713 681 1.000000000000000000e+00
713 709 1.000000000000000000e+00
713 713 -5.000000000000000000e-01
713 714 1.000000000000000000e+00
713 721 1.000000000000000000e+00
713 841 1.000000000000000000e+00
714 203 1.000000000000000000e+00
714 458 1.000000000000000000e+00
714 682 1.000000000000000000e+00
714 710 1.000000000000000000e+00
714 713 1.000000000000000000e+00
714 714 -1.500000000000000000e+00
714 716 1.000000000000000000e+00
714 722 1.000000000000000000e+00
714 842 1.000000000000000000e+00
715 459 1.000000000000000000e+00
715 683 1.000000000000000000e+00
715 711 1.000000000000000000e+00
715 715 -5.000000000000000000e-01
715 717 1.000000000000000000e+00
715 723 1.000000000000000000e+00
715 843 1.000000000000000000e+00
716 205 1.000000000000000000e+00
716 460 1.000000000000000000e+00
716 684 1.000000000000000000e+00
716 714 1.000000000000000000e+00
716 716 -5.000000000000000000e-01
716 724 1.000000000000000000e+00
716 844 1.000000000000000000e+00
717 461 1.000000000000000000e+00
717 685 1.000000000000000000e+00
717 715 1.000000000000000000e+00
717 717 -5.000000000000000000e-01
717 718 1.000000000000000000e+00
717 725 1.000000000000000000e+00
717 845 1.000000000000000000e+00
718 207 1.000000000000000000e+00
718 462 1.000000000000000000e+00
718 686 1.000000000000000000e+00
718 717 1.000000000000000000e+00
718 718 -5.000000000000000000e-01
718 726 1.000000000000000000e+00
718 846 1.000000000000000000e+00
719 463 1.000000000000000000e+00
719 687 1.000000000000000000e+00
719 719 5.000000000000000000e-01
719 727 1.000000000000000000e+00
719 847 1.000000000000000000e+00
720 209 1.000000000000000000e+00
720 464 1.000000000000000000e+00
720 688 1.000000000000000000e+00
720 712 1.000000000000000000e+00
720 720 -5.000000000000000000e-01
720 736 1.000000000000000000e+00
720 848 1.000000000000000000e+00
721 465 1.000000000000000000e+00
721 689 1.000000000000000000e+00
721 713 1.000000000000000000e+00
721 721 -5.000000000000000000e-01
721 722 1.000000000000000000e+00
721 737 1.000000000000000000e+00
721 849 1.000000000000000000e+00
722 211 1.000000000000000000e+00
722 466 1.000000000000000000e+00
722 690 1.000000000000000000e+00
722 714 1.000000000000000000e+00
722 721 1.000000000000000000e+00
722 722 -1.500000000000000000e+00
722 724 1.000000000000000000e+00
722 738 1.000000000000000000e+00
722 850 1.000000000000000000e+00
723 467 1.000000000000000000e+00
723 691 1.000000000000000000e+00
723 715 1.000000000000000000e+00
723 723 -5.000000000000000000e-01
723 725 1.000000000000000000e+00
723 739 1.000000000000000000e+00
723 851 1.000000000000000000e+00
724 213 1.000000000000000000e+00
724 468 1.000000000000000000e+00
724 692 1.000000000000000000e+00
724 716 1.000000000000000000e+00
724 722 1.000000000000000000e+00
724 724 -1.500000000000000000e+00
724 728 1.000000000000000000e+00
724 740 1.000000000000000000e+00
724 852 1.000000000000000000e+00
725 469 1.000000000000000000e+00
725 693 1.000000000000000000e+00
725 717 1.000000000000000000e+00
725 723 1.000000000000000000e+00
725 725 -1.500000000000000000e+00
725 726 1.000000000000000000e+00
725 729 1.000000000000000000e+00
725 741 1.000000000000000000e+00
725 853 1.000000000000000000e+00
726 215 1.000000000000000000e+00
726 470 1.000000000000000000e+00
726 694 1.000000000000000000e+00
726 718 1.000000000000000000e+00
726 725 1.000000000000000000e+00
726 726 -1.500000000000000000e+00
726 730 1.000000000000000000e+00
726 742 1.000000000000000000e+00
726 854 1.000000000000000000e+00
727 471 1.000000000000000000e+00
727 695 1.000000000000000000e+00
727 719 1.000000000000000000e+00
727 727 -5.000000000000000000e-01
727 731 1.000000000000000000e+00
727 743 1.000000000000000000e+00
727 855 1.000000000000000000e+00
728 217 1.000000000000000000e+00
728 472 1.000000000000000000e+00
728 696 1.000000000000000000e+00
728 724 1.000000000000000000e+00
728 728 -5.000000000000000000e-01
728 744 1.000000000000000000e+00
728 856 1.000000000000000000e+00
729 473 1.000000000000000000e+00
729 697 1.000000000000000000e+00
729 725 1.000000000000000000e+00
729 729 -5.000000000000000000e-01
729 730 1.000000000000000000e+00
729 745 1.000000000000000000e+00
729 857 1.000000000000000000e+00
730 219 1.000000000000000000e+00
730 474 1.000000000000000000e+00
730 698 1.000000000000000000e+00
730 726 1.000000000000000000e+00
730 729 1.000000000000000000e+00
730 730 -1.500000000000000000e+00
730 732 1.000000000000000000e+00
730 746 1.000000000000000000e+00
730 858 1.000000000000000000e+00
731 475 1.000000000000000000e+00
731 699 1.000000000000000000e+00
731 727 1.000000000000000000e+00
731 731 -5.000000000000000000e-01
731 733 1.000000000000000000e+00
731 747 1.000000000000000000e+00
731 859 1.000000000000000000e+00
732 221 1.000000000000000000e+00
732 476 1.000000000000000000e+00
732 700 1.000000000000000000e+00
732 730 1.000000000000000000e+00
732 732 -5.000000000000000000e-01
732 748 1.000000000000000000e+00
732 860 1.000000000000000000e+00
733 477 1.000000000000000000e+00
733 701 1.000000000000000000e+00
733 731 1.000000000000000000e+00
733 733 -5.000000000000000000e-01
733 734 1.000000000000000000e+00
733 749 1.000000000000000000e+00
733 861 1.000000000000000000e+00
734 223 1.000000000000000000e+00
734 478 1.000000000000000000e+00
734 702 1.000000000000000000e+00
734 733 1.000000000000000000e+00
734 734 -5.000000000000000000e-01
734 750 1.000000000000000000e+00
734 862 1.000000000000000000e+00
735 479 1.000000000000000000e+00
735 703 1.000000000000000000e+00
735 735 5.000000000000000000e-01
735 751 1.000000000000000000e+00
735 863 1.000000000000000000e+00
736 225 1.000000000000000000e+00
736 480 1.000000000000000000e+00
736 720 1.000000000000000000e+00
736 736 5.000000000000000000e-01
736 864 1.000000000000000000e+00
737 481 1.000000000000000000e+00
737 721 1.000000000000000000e+00
737 737 5.000000000000000000e-01
737 738 1.000000000000000000e+00
737 865 1.000000000000000000e+00
738 227 1.000000000000000000e+00
738 482 1.000000000000000000e+00
738 722 1.000000000000000000e+00
738 737 1.000000000000000000e+00
738 738 -5.000000000000000000e-01
738 740 1.000000000000000000e+00
738 866 1.000000000000000000e+00
739 483 1.000000000000000000e+00
739 723 1.000000000000000000e+00
739 739 5.000000000000000000e-01
739 741 1.000000000000000000e+00
739 867 1.000000000000000000e+00
740 229 1.000000000000000000e+00
740 484 1.000000000000000000e+00
740 724 1.000000000000000000e+00
740 738 1.000000000000000000e+00
740 740 -5.000000000000000000e-01
740 744 1.000000000000000000e+00
740 868 1.000000000000000000e+00
741 485 1.000000000000000000e+00
741 725 1.000000000000000000e+00
741 739 1.000000000000000000e+00
741 741 -5.000000000000000000e-01
741 742 1.000000000000000000e+00
741 745 1.000000000000000000e+00
741 869 1.000000000000000000e+00
742 231 1.000000000000000000e+00
742 486 1.000000000000000000e+00
742 726 1.000000000000000000e+00
742 741 1.000000000000000000e+00
742 742 -5.000000000000000000e-01
742 746 1.000000000000000000e+00
742 870 1.000000000000000000e+00
743 487 1.000000000000000000e+00
743 727 1.000000000000000000e+00
743 743 5.000000000000000000e-01
743 747 1.000000000000000000e+00
743 871 1.000000000000000000e+00
744 233 1.000000000000000000e+00
744 488 1.000000000000000000e+00
744 728 1.000000000000000000e+00
744 740 1.000000000000000000e+00
744 744 -5.000000000000000000e-01
744 752 1.000000000000000000e+00
744 872 1.000000000000000000e+00
745 489 1.000000000000000000e+00
745 729 1.000000000000000000e+00
745 741 1.000000000000000000e+00
745 745 -5.000000000000000000e-01
745 746 1.000000000000000000e+00
745 753 1.000000000000000000e+00
745 873 1.000000000000000000e+00
746 235 1.000000000000000000e+00
746 490 1.000000000000000000e+00
746 730 1.000000000000000000e+00
746 742 1.000000000000000000e+00
746 745 1.000000000000000000e+00
746 746 -1.500000000000000000e+00
746 748 1.000000000000000000e+00
746 754 1.000000000000000000e+00
746 874 1.000000000000000000e+00
747 491 1.000000000000000000e+00
747 731 1.000000000000000000e+00
747 743 1.000000000000000000e+00
747 747 -5.000000000000000000e-01
747 749 1.000000000000000000e+00
747 755 1.000000000000000000e+00
747 875 1.000000000000000000e+00
748 237 1.000000000000000000e+00
748 492 1.000000000000000000e+00
748 732 1.000000000000000000e+00
748 746 1.000000000000000000e+00
748 748 -5.000000000000000000e-01
748 756 1.000000000000000000e+00
748 876 1.000000000000000000e+00
749 493 1.000000000000000000e+00
749 733 1.000000000000000000e+00
749 747 1.000000000000000000e+00
749 749 -5.000000000000000000e-01
749 750 1.000000000000000000e+00
749 757 1.000000000000000000e+00
749 877 1.000000000000000000e+00
750 239 1.000000000000000000e+00
750 494 1.000000000000000000e+00
750 734 1.000000000000000000e+00
750 749 1.000000000000000000e+00
750 750 -5.000000000000000000e-01
750 758 1.000000000000000000e+00
750 878 1.000000000000000000e+00
751 495 1.000000000000000000e+00
751 735 1.000000000000000000e+00
751 751 5.000000000000000000e-01
751 759 1.000000000000000000e+00
751 879 1.000000000000000000e+00
752 241 1.000000000000000000e+00
752 496 1.000000000000000000e+00
752 744 1.000000000000000000e+00
752 752 5.000000000000000000e-01
752 880 1.000000000000000000e+00
753 497 1.000000000000000000e+00
753 745 1.000000000000000000e+00
753 753 5.000000000000000000e-01
753 754 1.000000000000000000e+00
753 881 1.000000000000000000e+00
754 243 1.000000000000000000e+00
754 498 1.000000000000000000e+00
754 746 1.000000000000000000e+00
754 753 1.000000000000000000e+00
754 754 -5.000000000000000000e-01
754 756 1.000000000000000000e+00
754 882 1.000000000000000000e+00
755 499 1.000000000000000000e+00
755 747 1.000000000000000000e+00
755 755 5.000000000000000000e-01
755 757 1.000000000000000000e+00
755 883 1.000000000000000000e+00
756 245 1.000000000000000000e+00
756 500 1.000000000000000000e+00
756 748 1.000000000000000000e+00
756 754 1.000000000000000000e+00
756 756 -5.000000000000000000e-01
756 760 1.000000000000000000e+00
756 884 1.000000000000000000e+00
757 501 1.000000000000000000e+00
757 749 1.000000000000000000e+00
757 755 1.000000000000000000e+00
757 757 -5.000000000000000000e-01
757 758 1.000000000000000000e+00
757 761 1.000000000000000000e+00
757 885 1.000000000000000000e+00
758 247 1.000000000000000000e+00
758 502 1.000000000000000000e+00
758 750 1.000000000000000000e+00
758 757 1.000000000000000000e+00
758 758 -5.000000000000000000e-01
758 762 1.000000000000000000e+00
758 886 1.000000000000000000e+00
759 503 1.000000000000000000e+00
759 751 1.000000000000000000e+00
759 759 5.000000000000000000e-01
759 763 1.000000000000000000e+00
759 887 1.000000000000000000e+00
760 249 1.000000000000000000e+00
760 504 1.000000000000000000e+00
760 756 1.000000000000000000e+00
760 760 5.000000000000000000e-01
760 888 1.000000000000000000e+00
761 505 1.000000000000000000e+00
761 757 1.000000000000000000e+00
761 761 5.000000000000000000e-01
761 762 1.000000000000000000e+00
761 889 1.000000000000000000e+00
762 251 1.000000000000000000e+00
762 506 1.000000000000000000e+00
762 758 1.000000000000000000e+00
762 761 1.000000000000000000e+00
762 762 -5.000000000000000000e-01
762 764 1.000000000000000000e+00
762 890 1.000000000000000000e+00
763 507 1.000000000000000000e+00
763 759 1.000000000000000000e+00
763 763 5.000000000000000000e-01
763 765 1.000000000000000000e+00
763 891 1.000000000000000000e+00
764 253 1.000000000000000000e+00
764 508 1.000000000000000000e+00
764 762 1.000000000000000000e+00
764 764 5.000000000000000000e-01
764 892 1.000000000000000000e+00
765 509 1.000000000000000000e+00
765 763 1.000000000000000000e+00
765 765 5.000000000000000000e-01
765 766 1.000000000000000000e+00
765 893 1.000000000000000000e+00
766 255 1.000000000000000000e+00
766 510 1.000000000000000000e+00
766 765 1.000000000000000000e+00
766 766 5.000000000000000000e-01
766 894 1.000000000000000000e+00
767 511 1.000000000000000000e+00
767 767 1.500000000000000000e+00
767 895 1.000000000000000000e+00
768 257 1.000000000000000000e+00
768 640 1.000000000000000000e+00
768 768 1.500000000000000000e+00
769 641 1.000000000000000000e+00
769 769 1.500000000000000000e+00
769 770 1.000000000000000000e+00
770 259 1.000000000000000000e+00
770 642 1.000000000000000000e+00
770 769 1.000000000000000000e+00
770 770 5.000000000000000000e-01
770 772 1.000000000000000000e+00
771 643 1.000000000000000000e+00
771 771 1.500000000000000000e+00
771 773 1.000000000000000000e+00
772 261 1.000000000000000000e+00
772 644 1.000000000000000000e+00
772 770 1.000000000000000000e+00
772 772 5.000000000000000000e-01
772 776 1.000000000000000000e+00
773 645 1.000000000000000000e+00
773 771 1.000000000000000000e+00
773 773 5.000000000000000000e-01
773 774 1.000000000000000000e+00
773 777 1.000000000000000000e+00
774 263 1.000000000000000000e+00
774 646 1.000000000000000000e+00
774 773 1.000000000000000000e+00
774 774 5.000000000000000000e-01
774 778 1.000000000000000000e+00
775 647 1.000000000000000000e+00
775 775 1.500000000000000000e+00
775 779 1.000000000000000000e+00
776 265 1.000000000000000000e+00
776 648 1.000000000000000000e+00
776 772 1.000000000000000000e+00
776 776 5.000000000000000000e-01
776 784 1.000000000000000000e+00
777 649 1.000000000000000000e+00
777 773 1.000000000000000000e+00
777 777 5.000000000000000000e-01
777 778 1.000000000000000000e+00
777 785 1.000000000000000000e+00
778 267 1.000000000000000000e+00
778 650 1.000000000000000000e+00
778 774 1.000000000000000000e+00
778 777 1.000000000000000000e+00
778 778 -5.000000000000000000e-01
778 780 1.000000000000000000e+00
778 786 1.000000000000000000e+00
779 651 1.000000000000000000e+00
779 775 1.000000000000000000e+00
779 779 5.000000000000000000e-01
779 781 1.000000000000000000e+00
779 787 1.000000000000000000e+00
780 269 1.000000000000000000e+00
780 652 1.000000000000000000e+00
780 778 1.000000000000000000e+00
780 780 5.000000000000000000e-01
780 788 1.000000000000000000e+00
781 653 1.000000000000000000e+00
781 779 1.000000000000000000e+00
781 781 5.000000000000000000e-01
781 782 1.000000000000000000e+00
781 789 1.000000000000000000e+00
782 271 1.000000000000000000e+00
782 654 1.000000000000000000e+00
782 781 1.000000000000000000e+00
782 782 5.000000000000000000e-01
782 790 1.000000000000000000e+00
783 655 1.000000000000000000e+00
783 783 1.500000000000000000e+00
783 791 1.000000000000000000e+00
784 273 1.000000000000000000e+00
784 656 1.000000000000000000e+00
784 776 1.000000000000000000e+00
784 784 5.000000000000000000e-01
784 800 1.000000000000000000e+00
785 657 1.000000000000000000e+00
785 777 1.000000000000000000e+00
785 785 5.000000000000000000e-01
785 786 1.000000000000000000e+00
785 801 1.000000000000000000e+00
786 275 1.000000000000000000e+00
786 658 1.000000000000000000e+00
786 778 1.000000000000000000e+00
786 785 1.000000000000000000e+00
786 786 -5.000000000000000000e-01
786 788 1.000000000000000000e+00
786 802 1.000000000000000000e+00
787 659 1.000000000000000000e+00
787 779 1.000000000000000000e+00
787 787 5.000000000000000000e-01
787 789 1.000000000000000000e+00
787 803 1.000000000000000000e+00
788 277 1.000000000000000000e+00
788 660 1.000000000000000000e+00
788 780 1.000000000000000000e+00
788 786 1.000000000000000000e+00
788 788 -5.000000000000000000e-01
788 792 1.000000000000000000e+00
788 804 1.000000000000000000e+00
789 661 1.000000000000000000e+00
789 781 1.000000000000000000e+00
789 787 1.000000000000000000e+00
789 789 -5.000000000000000000e-01
789 790 1.000000000000000000e+00
789 793 1.000000000000000000e+00
789 805 1.000000000000000000e+00
790 279 1.000000000000000000e+00
790 662 1.000000000000000000e+00
790 782 1.000000000000000000e+00
790 789 1.000000000000000000e+00
790 790 -5.000000000000000000e-01
790 794 1.000000000000000000e+00
790 806 1.000000000000000000e+00
791 663 1.000000000000000000e+00
791 783 1.000000000000000000e+00
791 791 5.000000000000000000e-01
791 795 1.000000000000000000e+00
791 807 1.000000000000000000e+00
792 281 1.000000000000000000e+00
792 664 1.000000000000000000e+00
792 788 1.000000000000000000e+00
792 792 5.000000000000000000e-01
792 808 1.000000000000000000e+00
793 665 1.000000000000000000e+00
793 789 1.000000000000000000e+00
793 793 5.000000000000000000e-01
793 794 1.000000000000000000e+00
793 809 1.000000000000000000e+00
794 283 1.000000000000000000e+00
794 666 1.000000000000000000e+00
794 790 1.000000000000000000e+00
794 793 1.000000000000000000e+00
794 794 -5.000000000000000000e-01
794 796 1.000000000000000000e+00
794 810 1.000000000000000000e+00
795 667 1.000000000000000000e+00
795 791 1.000000000000000000e+00
795 795 5.000000000000000000e-01
795 797 1.000000000000000000e+00
795 811 1.000000000000000000e+00
796 285 1.000000000000000000e+00
796 668 1.000000000000000000e+00
796 794 1.000000000000000000e+00
796 796 5.000000000000000000e-01
796 812 1.000000000000000000e+00
797 669 1.000000000000000000e+00
797 795 1.000000000000000000e+00
797 797 5.000000000000000000e-01
797 798 1.000000000000000000e+00
797 813 1.000000000000000000e+00
798 287 1.000000000000000000e+00
798 670 1.000000000000000000e+00
798 797 1.000000000000000000e+00
798 798 5.000000000000000000e-01
798 814 1.000000000000000000e+00
799 671 1.000000000000000000e+00
799 799 1.500000000000000000e+00
799 815 1.000000000000000000e+00
800 289 1.000000000000000000e+00
800 672 1.000000000000000000e+00
800 784 1.000000000000000000e+00
800 800 5.000000000000000000e-01
800 832 1.000000000000000000e+00
801 673 1.000000000000000000e+00
801 785 1.000000000000000000e+00
801 801 5.000000000000000000e-01
801 802 1.000000000000000000e+00
801 833 1.000000000000000000e+00
802 291 1.000000000000000000e+00
802 674 1.000000000000000000e+00
802 786 1.000000000000000000e+00
802 801 1.000000000000000000e+00
802 802 -5.000000000000000000e-01
802 804 1.000000000000000000e+00
802 834 1.000000000000000000e+00
803 675 1.000000000000000000e+00
803 787 1.000000000000000000e+00
803 803 5.000000000000000000e-01
803 805 1.000000000000000000e+00
803 835 1.000000000000000000e+00
804 293 1.000000000000000000e+00
804 676 1.000000000000000000e+00
804 788 1.000000000000000000e+00
804 802 1.000000000000000000e+00
804 804 -5.000000000000000000e-01
804 808 1.000000000000000000e+00
804 836 1.000000000000000000e+00
805 677 1.000000000000000000e+00
805 789 1.000000000000000000e+00
805 803 1.000000000000000000e+00
805 805 -5.000000000000000000e-01
805 806 1.000000000000000000e+00
805 809 1.000000000000000000e+00
805 837 1.000000000000000000e+00
806 295 1.000000000000000000e+00
806 678 1.000000000000000000e+00
806 790 1.000000000000000000e+00
806 805 1.000000000000000000e+00
806 806 -5.000000000000000000e-01
806 810 1.000000000000000000e+00
806 838 1.000000000000000000e+00
807 679 1.000000000000000000e+00
807 791 1.000000000000000000e+00
807 807 5.000000000000000000e-01
807 811 1.000000000000000000e+00
807 839 1.000000000000000000e+00
808 297 1.000000000000000000e+00
808 680 1.000000000000000000e+00
808 792 1.000000000000000000e+00
808 804 1.000000000000000000e+00
808 808 -5.000000000000000000e-01
808 816 1.000000000000000000e+00
808 840 1.000000000000000000e+00
809 681 1.000000000000000000e+00
809 793 1.000000000000000000e+00
809 805 1.000000000000000000e+00
809 809 -5.000000000000000000e-01
809 810 1.000000000000000000e+00
809 817 1.000000000000000000e+00
809 841 1.000000000000000000e+00
810 299 1.000000000000000000e+00
810 682 1.000000000000000000e+00
810 794 1.000000000000000000e+00
810 806 1.000000000000000000e+00
810 809 1.000000000000000000e+00
810 810 -1.500000000000000000e+00
810 812 1.000000000000000000e+00
810 818 1.000000000000000000e+00
810 842 1.000000000000000000e+00
811 683 1.000000000000000000e+00
811 795 1.000000000000000000e+00
811 807 1.000000000000000000e+00
811 811 -5.000000000000000000e-01
811 813 1.000000000000000000e+00
811 819 1.000000000000000000e+00
811 843 1.000000000000000000e+00
812 301 1.000000000000000000e+00
812 684 1.000000000000000000e+00
812 796 1.000000000000000000e+00
812 810 1.000000000000000000e+00
812 812 -5.000000000000000000e-01
812 820 1.000000000000000000e+00
812 844 1.000000000000000000e+00
813 685 1.000000000000000000e+00
813 797 1.000000000000000000e+00
813 811 1.000000000000000000e+00
813 813 -5.000000000000000000e-01
813 814 1.000000000000000000e+00
813 821 1.000000000000000000e+00
813 845 1.000000000000000000e+00
814 303 1.000000000000000000e+00
814 686 1.000000000000000000e+00
814 798 1.000000000000000000e+00
814 813 1.000000000000000000e+00
814 814 -5.000000000000000000e-01
814 822 1.000000000000000000e+00
814 846 1.000000000000000000e+00
815 687 1.000000000000000000e+00
815 799 1.000000000000000000e+00
815 815 5.000000000000000000e-01
815 823 1.000000000000000000e+00
815 847 1.000000000000000000e+00
816 305 1.000000000000000000e+00
816 688 1.000000000000000000e+00
816 808 1.000000000000000000e+00
816 816 5.000000000000000000e-01
816 848 1.000000000000000000e+00
817 689 1.000000000000000000e+00
817 809 1.000000000000000000e+00
817 817 5.000000000000000000e-01
817 818 1.000000000000000000e+00
817 849 1.000000000000000000e+00
818 307 1.000000000000000000e+00
818 690 1.000000000000000000e+00
818 810 1.000000000000000000e+00
818 817 1.000000000000000000e+00
818 818 -5.000000000000000000e-01
818 820 1.000000000000000000e+00
818 850 1.000000000000000000e+00
819 691 1.000000000000000000e+00
819 811 1.000000000000000000e+00
819 819 5.000000000000000000e-01
819 821 1.000000000000000000e+00
819 851 1.000000000000000000e+00
820 309 1.000000000000000000e+00
820 692 1.000000000000000000e+00
820 812 1.000000000000000000e+00
820 818 1.000000000000000000e+00
820 820 -5.000000000000000000e-01
820 824 1.000000000000000000e+00
820 852 1.000000000000000000e+00
821 693 1.000000000000000000e+00
821 813 1.000000000000000000e+00
821 819 1.000000000000000000e+00
821 821 -5.000000000000000000e-01
821 822 1.000000000000000000e+00
821 825 1.000000000000000000e+00
821 853 1.000000000000000000e+00
822 311 1.000000000000000000e+00
822 694 1.000000000000000000e+00
822 814 1.000000000000000000e+00
822 821 1.000000000000000000e+00
822 822 -5.000000000000000000e-01
822 826 1.000000000000000000e+00
822 854 1.000000000000000000e+00
823 695 1.000000000000000000e+00
823 815 1.000000000000000000e+00
823 823 5.000000000000000000e-01
823 827 1.000000000000000000e+00
823 855 1.000000000000000000e+00
824 313 1.000000000000000000e+00
824 696 1.000000000000000000e+00
824 820 1.000000000000000000e+00
824 824 5.000000000000000000e-01
824 856 1.000000000000000000e+00
825 697 1.000000000000000000e+00
825 821 1.000000000000000000e+00
825 825 5.000000000000000000e-01
825 826 1.000000000000000000e+00
825 857 1.000000000000000000e+00
826 315 1.000000000000000000e+00
826 698 1.000000000000000000e+00
826 822 1.000000000000000000e+00
826 825 1.000000000000000000e+00
826 826 -5.000000000000000000e-01
826 828 1.000000000000000000e+00
826 858 1.000000000000000000e+00
827 699 1.000000000000000000e+00
827 823 1.000000000000000000e+00
827 827 5.000000000000000000e-01
827 829 1.000000000000000000e+00
827 859 1.000000000000000000e+00
828 317 1.000000000000000000e+00
828 700 1.000000000000000000e+00
828 826 1.000000000000000000e+00
828 828 5.000000000000000000e-01
828 860 1.000000000000000000e+00
829 701 1.000000000000000000e+00
829 827 1.000000000000000000e+00
829 829 5.000000000000000000e-01
829 830 1.000000000000000000e+00
829 861 1.000000000000000000e+00
830 319 1.000000000000000000e+00
830 702 1.000000000000000000e+00
830 829 1.000000000000000000e+00
830 830 5.000000000000000000e-01
830 862 1.000000000000000000e+00
831 703 1.000000000000000000e+00
831 831 1.500000000000000000e+00
831 863 1.000000000000000000e+00
832 321 1.000000000000000000e+00
832 704 1.000000000000000000e+00
832 800 1.000000000000000000e+00
832 832 5.000000000000000000e-01
832 896 1.000000000000000000e+00
833 705 1.000000000000000000e+00
833 801 1.000000000000000000e+00
833 833 5.000000000000000000e-01
833 834 1.000000000000000000e+00
833 897 1.000000000000000000e+00
834 323 1.000000000000000000e+00
834 706 1.000000000000000000e+00
834 802 1.000000000000000000e+00
834 833 1.000000000000000000e+00
834 834 -5.000000000000000000e-01
834 836 1.000000000000000000e+00
834 898 1.000000000000000000e+00
835 707 1.000000000000000000e+00
835 803 1.000000000000000000e+00
835 835 5.000000000000000000e-01
835 837 1.000000000000000000e+00
835 899 1.000000000000000000e+00
836 325 1.000000000000000000e+00
836 708 1.000000000000000000e+00
836 804 1.000000000000000000e+00
836 834 1.000000000000000000e+00
836 836 -5.000000000000000000e-01
836 840 1.000000000000000000e+00
836 900 1.000000000000000000e+00
837 709 1.000000000000000000e+00
837 805 1.000000000000000000e+00
837 835 1.000000000000000000e+00
837 837 -5.000000000000000000e-01
837 838 1.000000000000000000e+00
837 841 1.000000000000000000e+00
837 901 1.000000000000000000e+00
838 327 1.000000000000000000e+00
838 710 1.000000000000000000e+00
838 806 1.000000000000000000e+00
838 837 1.000000000000000000e+00
838 838 -5.000000000000000000e-01
838 842 1.000000000000000000e+00
838 902 1.000000000000000000e+00
839 711 1.000000000000000000e+00
839 807 1.000000000000000000e+00
839 839 5.000000000000000000e-01
839 843 1.000000000000000000e+00
839 903 1.000000000000000000e+00
840 329 1.000000000000000000e+00
840 712 1.000000000000000000e+00
840 808 1.000000000000000000e+00
840 836 1.000000000000000000e+00
840 840 -5.000000000000000000e-01
840 848 1.000000000000000000e+00
840 904 1.000000000000000000e+00
841 713 1.000000000000000000e+00
841 809 1.000000000000000000e+00
841 837 1.000000000000000000e+00
841 841 -5.000000000000000000e-01
841 842 1.000000000000000000e+00
841 849 1.000000000000000000e+00
841 905 1.000000000000000000e+00
842 331 1.000000000000000000e+00
842 714 1.000000000000000000e+00
842 810 1.000000000000000000e+00
842 838 1.000000000000000000e+00
842 841 1.000000000000000000e+00
842 842 -1.500000000000000000e+00
842 844 1.000000000000000000e+00
842 850 1.000000000000000000e+00
842 906 1.000000000000000000e+00
843 715 1.000000000000000000e+00
843 811 1.000000000000000000e+00
843 839 1.000000000000000000e+00
843 843 -5.000000000000000000e-01
843 845 1.000000000000000000e+00
843 851 1.000000000000000000e+00
843 907 1.000000000000000000e+00
844 333 1.000000000000000000e+00
844 716 1.000000000000000000e+00
844 812 1.000000000000000000e+00
844 842 1.000000000000000000e+00
844 844 -5.000000000000000000e-01
844 852 1.000000000000000000e+00
844 908 1.000000000000000000e+00
845 717 1.000000000000000000e+00
845 813 1.000000000000000000e+00
845 843 1.000000000000000000e+00
845 845 -5.000000000000000000e-01
845 846 1.000000000000000000e+00
845 853 1.000000000000000000e+00
845 909 1.000000000000000000e+00
846 335 1.000000000000000000e+00
846 718 1.000000000000000000e+00
846 814 1.000000000000000000e+00
846 845 1.000000000000000000e+00
846 846 -5.000000000000000000e-01
846 854 1.000000000000000000e+00
846 910 1.000000000000000000e+00
847 719 1.000000000000000000e+00
847 815 1.000000000000000000e+00
847 847 5.000000000000000000e-01
847 855 1.000000000000000000e+00
847 911 1.000000000000000000e+00
848 337 1.000000000000000000e+00
848 720 1.000000000000000000e+00
848 816 1.000000000000000000e+00
848 840 1.000000000000000000e+00
848 848 -5.000000000000000000e-01
848 864 1.000000000000000000e+00
848 912 1.000000000000000000e+00
849 721 1.000000000000000000e+00
849 817 1.000000000000000000e+00
849 841 1.000000000000000000e+00
849 849 -5.000000000000000000e-01
849 850 1.000000000000000000e+00
849 865 1.000000000000000000e+00
849 913 1.000000000000000000e+00
850 339 1.000000000000000000e+00
850 722 1.000000000000000000e+00
850 818 1.000000000000000000e+00
850 842 1.000000000000000000e+00
850 849 1.000000000000000000e+00
850 850 -1.500000000000000000e+00
850 852 1.000000000000000000e+00
850 866 1.000000000000000000e+00
850 914 1.000000000000000000e+00
851 723 1.000000000000000000e+00
851 819 1.000000000000000000e+00
851 843 1.000000000000000000e+00
851 851 -5.000000000000000000e-01
851 853 1.000000000000000000e+00
851 867 1.000000000000000000e+00
851 915 1.000000000000000000e+00
852 341 1.000000000000000000e+00
852 724 1.000000000000000000e+00
852 820 1.000000000000000000e+00
852 844 1.000000000000000000e+00
852 850 1.000000000000000000e+00
852 852 -1.500000000000000000e+00
852 856 1.000000000000000000e+00
852 868 1.000000000000000000e+00
852 916 1.000000000000000000e+00
853 725 1.000000000000000000e+00
853 821 1.000000000000000000e+00
853 845 1.000000000000000000e+00
853 851 1.000000000000000000e+00
853 853 -1.500000000000000000e+00
853 854 1.000000000000000000e+00
853 857 1.000000000000000000e+00
853 869 1.000000000000000000e+00
853 917 1.000000000000000000e+00
854 343 1.000000000000000000e+00
854 726 1.000000000000000000e+00
854 822 1.000000000000000000e+00
854 846 1.000000000000000000e+00
854 853 1.000000000000000000e+00
854 854 -1.500000000000000000e+00
854 858 1.000000000000000000e+00
854 870 1.000000000000000000e+00
854 918 1.000000000000000000e+00
855 727 1.000000000000000000e+00
855 823 1.000000000000000000e+00
855 847 1.000000000000000000e+00
855 855 -5.000000000000000000e-01
855 859 1.000000000000000000e+00
855 871 1.000000000000000000e+00
855 919 1.000000000000000000e+00
856 345 1.000000000000000000e+00
856 728 1.000000000000000000e+00
856 824 1.000000000000000000e+00
856 852 1.000000000000000000e+00
856 856 -5.000000000000000000e-01
856 872 1.000000000000000000e+00
856 920 1.000000000000000000e+00
857 729 1.000000000000000000e+00
857 825 1.000000000000000000e+00
857 853 1.000000000000000000e+00
857 857 -5.000000000000000000e-01
857 858 1.000000000000000000e+00
857 873 1.000000000000000000e+00
857 921 1.000000000000000000e+00
858 347 1.000000000000000000e+00
858 730 1.000000000000000000e+00
858 826 1.000000000000000000e+00
858 854 1.000000000000000000e+00
858 857 1.000000000000000000e+00
858 858 -1.500000000000000000e+00
858 860 1.000000000000000000e+00
858 874 1.000000000000000000e+00
858 922 1.000000000000000000e+00
859 731 1.000000000000000000e+00
859 827 1.000000000000000000e+00
859 855 1.000000000000000000e+00
859 859 -5.000000000000000000e-01
859 861 1.000000000000000000e+00
859 875 1.000000000000000000e+00
859 923 1.000000000000000000e+00
860 349 1.000000000000000000e+00
860 732 1.000000000000000000e+00
860 828 1.000000000000000000e+00
860 858 1.000000000000000000e+00
860 860 -5.000000000000000000e-01
860 876 1.000000000000000000e+00
860 924 1.000000000000000000e+00
861 733 1.000000000000000000e+00
861 829 1.000000000000000000e+00
861 859 1.000000000000000000e+00
861 861 -5.000000000000000000e-01
861 862 1.000000000000000000e+00
861 877 1.000000000000000000e+00
861 925 1.000000000000000000e+00
862 351 1.000000000000000000e+00
862 734 1.000000000000000000e+00
862 830 1.000000000000000000e+00
862 861 1.000000000000000000e+00
862 862 -5.000000000000000000e-01
862 878 1.000000000000000000e+00
862 926 1.000000000000000000e+00
863 735 1.000000000000000000e+00
863 831 1.000000000000000000e+00
863 863 5.000000000000000000e-01
863 879 1.000000000000000000e+00
863 927 1.000000000000000000e+00
864 353 1.000000000000000000e+00
864 736 1.000000000000000000e+00
864 848 1.000000000000000000e+00
864 864 5.000000000000000000e-01
864 928 1.000000000000000000e+00
865 737 1.000000000000000000e+00
865 849 1.000000000000000000e+00
865 865 5.000000000000000000e-01
865 866 1.000000000000000000e+00
865 929 1.000000000000000000e+00
866 355 1.000000000000000000e+00
866 738 1.000000000000000000e+00
866 850 1.000000000000000000e+00
866 865 1.000000000000000000e+00
866 866 -5.000000000000000000e-01
866 868 1.000000000000000000e+00
866 930 1.000000000000000000e+00
867 739 1.000000000000000000e+00
867 851 1.000000000000000000e+00
867 867 5.000000000000000000e-01
867 869 1.000000000000000000e+00
867 931 1.000000000000000000e+00
868 357 1.000000000000000000e+00
868 740 1.000000000000000000e+00
868 852 1.000000000000000000e+00
868 866 1.000000000000000000e+00
868 868 -5.000000000000000000e-01
868 872 1.000000000000000000e+00
868 932 1.000000000000000000e+00
869 741 1.000000000000000000e+00
869 853 1.000000000000000000e+00
869 867 1.000000000000000000e+00
869 869 -5.000000000000000000e-01
869 870 1.000000000000000000e+00
869 873 1.000000000000000000e+00
869 933 1.000000000000000000e+00
870 359 1.000000000000000000e+00
870 742 1.000000000000000000e+00
870 854 1.000000000000000000e+00
870 869 1.000000000000000000e+00
870 870 -5.000000000000000000e-01
870 874 1.000000000000000000e+00
870 934 1.000000000000000000e+00
871 743 1.000000000000000000e+00
871 855 1.000000000000000000e+00
871 871 5.000000000000000000e-01
871 875 1.000000000000000000e+00
871 935 1.000000000000000000e+00
872 361 1.000000000000000000e+00
872 744 1.000000000000000000e+00
872 856 1.000000000000000000e+00
872 868 1.000000000000000000e+00
872 872 -5.000000000000000000e-01
872 880 1.000000000000000000e+00
872 936 1.000000000000000000e+00
873 745 1.000000000000000000e+00
873 857 1.000000000000000000e+00
873 869 1.000000000000000000e+00
873 873 -5.000000000000000000e-01
873 874 1.000000000000000000e+00
873 881 1.000000000000000000e+00
873 937 1.000000000000000000e+00
874 363 1.000000000000000000e+00
874 746 1.000000000000000000e+00
874 858 1.000000000000000000e+00
874 870 1.000000000000000000e+00
874 873 1.000000000000000000e+00
874 874 -1.500000000000000000e+00
874 876 1.000000000000000000e+00
874 882 1.000000000000000000e+00
874 938 1.000000000000000000e+00
875 747 1.000000000000000000e+00
875 859 1.000000000000000000e+00
875 871 1.000000000000000000e+00
875 875 -5.000000000000000000e-01
875 877 1.000000000000000000e+00
875 883 1.000000000000000000e+00
875 939 1.000000000000000000e+00
876 365 1.000000000000000000e+00
876 748 1.000000000000000000e+00
876 860 1.000000000000000000e+00
876 874 1.000000000000000000e+00
876 876 -5.000000000000000000e-01
876 884 1.000000000000000000e+00
876 940 1.000000000000000000e+00
877 749 1.000000000000000000e+00
877 861 1.000000000000000000e+00
877 875 1.000000000000000000e+00
877 877 -5.000000000000000000e-01
877 878 1.000000000000000000e+00
877 885 1.000000000000000000e+00
877 941 1.000000000000000000e+00
878 367 1.000000000000000000e+00
878 750 1.000000000000000000e+00
878 862 1.000000000000000000e+00
878 877 1.000000000000000000e+00
878 878 -5.000000000000000000e-01
878 886 1.000000000000000000e+00
878 942 1.000000000000000000e+00
879 751 1.000000000000000000e+00
879 863 1.000000000000000000e+00
879 879 5.000000000000000000e-01
879 887 1.000000000000000000e+00
879 943 1.000000000000000000e+00
880 369 1.000000000000000000e+00
880 752 1.000000000000000000e+00
880 872 1.000000000000000000e+00
880 880 5.000000000000000000e-01
880 944 1.000000000000000000e+00
881 753 1.000000000000000000e+00
881 873 1.000000000000000000e+00
881 881 5.000000000000000000e-01
881 882 1.000000000000000000e+00
881 945 1.000000000000000000e+00
882 371 1.000000000000000000e+00
882 754 1.000000000000000000e+00
882 874 1.000000000000000000e+00
882 881 1.000000000000000000e+00
882 882 -5.000000000000000000e-01
882 884 1.000000000000000000e+00
882 946 1.000000000000000000e+00
883 755 1.000000000000000000e+00
883 875 1.000000000000000000e+00
883 883 5.000000000000000000e-01
883 885 1.000000000000000000e+00
883 947 1.000000000000000000e+00
884 373 1.000000000000000000e+00
884 756 1.000000000000000000e+00
884 876 1.000000000000000000e+00
884 882 1.000000000000000000e+00
884 884 -5.000000000000000000e-01
884 888 1.000000000000000000e+00
884 948 1.000000000000000000e+00
885 757 1.000000000000000000e+00
885 877 1.000000000000000000e+00
885 883 1.000000000000000000e+00
885 885 -5.000000000000000000e-01
885 886 1.000000000000000000e+00
885 889 1.000000000000000000e+00
885 949 1.000000000000000000e+00
886 375 1.000000000000000000e+00
886 758 1.000000000000000000e+00
886 878 1.000000000000000000e+00
886 885 1.000000000000000000e+00
886 886 -5.000000000000000000e-01
886 890 1.000000000000000000e+00
886 950 1.000000000000000000e+00
887 759 1.000000000000000000e+00
887 879 1.000000000000000000e+00
887 887 5.000000000000000000e-01
887 891 1.000000000000000000e+00
887 951 1.000000000000000000e+00
888 377 1.000000000000000000e+00
888 760 1.000000000000000000e+00
888 884 1.000000000000000000e+00
888 888 5.000000000000000000e-01
888 952 1.000000000000000000e+00
889 761 1.000000000000000000e+00
889 885 1.000000000000000000e+00
889 889 5.000000000000000000e-01
889 890 1.000000000000000000e+00
889 953 1.000000000000000000e+00
890 379 1.000000000000000000e+00
890 762 1.000000000000000000e+00
890 886 1.000000000000000000e+00
890 889 1.000000000000000000e+00
890 890 -5.000000000000000000e-01
890 892 1.000000000000000000e+00
890 954 1.000000000000000000e+00
891 763 1.000000000000000000e+00
891 887 1.000000000000000000e+00
891 891 5.000000000000000000e-01
891 893 1.000000000000000000e+00
891 955 1.000000000000000000e+00
892 381 1.000000000000000000e+00
892 764 1.000000000000000000e+00
892 890 1.000000000000000000e+00
892 892 5.000000000000000000e-01
892 956 1.000000000000000000e+00
893 765 1.000000000000000000e+00
893 891 1.000000000000000000e+00
893 893 5.000000000000000000e-01
893 894 1.000000000000000000e+00
893 957 1.000000000000000000e+00
894 383 1.000000000000000000e+00
894 766 1.000000000000000000e+00
894 893 1.000000000000000000e+00
894 894 5.000000000000000000e-01
894 958 1.000000000000000000e+00
895 767 1.000000000000000000e+00
895 895 1.500000000000000000e+00
895 959 1.000000000000000000e+00
896 385 1.000000000000000000e+00
896 832 1.000000000000000000e+00
896 896 1.500000000000000000e+00
897 833 1.000000000000000000e+00
897 897 1.500000000000000000e+00
897 898 1.000000000000000000e+00
898 387 1.000000000000000000e+00
898 834 1.000000000000000000e+00
898 897 1.000000000000000000e+00
898 898 5.000000000000000000e-01
898 900 1.000000000000000000e+00
899 835 1.000000000000000000e+00
899 899 1.500000000000000000e+00
899 901 1.000000000000000000e+00
900 389 1.000000000000000000e+00
900 836 1.000000000000000000e+00
900 898 1.000000000000000000e+00
900 900 5.000000000000000000e-01
900 904 1.000000000000000000e+00
901 837 1.000000000000000000e+00
901 899 1.000000000000000000e+00
901 901 5.000000000000000000e-01
901 902 1.000000000000000000e+00
901 905 1.000000000000000000e+00
902 391 1.000000000000000000e+00
902 838 1.000000000000000000e+00
902 901 1.000000000000000000e+00
902 902 5.000000000000000000e-01
902 906 1.000000000000000000e+00
903 839 1.000000000000000000e+00
903 903 1.500000000000000000e+00
903 907 1.000000000000000000e+00
904 393 1.000000000000000000e+00
904 840 1.000000000000000000e+00
904 900 1.000000000000000000e+00
904 904 5.000000000000000000e-01
904 912 1.000000000000000000e+00
905 841 1.000000000000000000e+00
905 901 1.000000000000000000e+00
905 905 5.000000000000000000e-01
905 906 1.000000000000000000e+00
905 913 1.000000000000000000e+00
906 395 1.000000000000000000e+00
906 842 1.000000000000000000e+00
906 902 1.000000000000000000e+00
906 905 1.000000000000000000e+00
906 906 -5.000000000000000000e-01
906 908 1.000000000000000000e+00
906 914 1.000000000000000000e+00
907 843 1.000000000000000000e+00
907 903 1.000000000000000000e+00
907 907 5.000000000000000000e-01
907 909 1.000000000000000000e+00
907 915 1.000000000000000000e+00
908 397 1.000000000000000000e+00
908 844 1.000000000000000000e+00
908 906 1.000000000000000000e+00
908 908 5.000000000000000000e-01
908 916 1.000000000000000000e+00
909 845 1.000000000000000000e+00
909 907 1.000000000000000000e+00
909 909 5.000000000000000000e-01
909 910 1.000000000000000000e+00
909 917 1.000000000000000000e+00
910 399 1.000000000000000000e+00
910 846 1.000000000000000000e+00
910 909 1.000000000000000000e+00
910 910 5.000000000000000000e-01
910 918 1.000000000000000000e+00
911 847 1.000000000000000000e+00
911 911 1.500000000000000000e+00
911 919 1.000000000000000000e+00
912 401 1.000000000000000000e+00
912 848 1.000000000000000000e+00
912 904 1.000000000000000000e+00
912 912 5.000000000000000000e-01
912 928 1.000000000000000000e+00
913 849 1.000000000000000000e+00
913 905 1.000000000000000000e+00
913 913 5.000000000000000000e-01
913 914 1.000000000000000000e+00
913 929 1.000000000000000000e+00
914 403 1.000000000000000000e+00
914 850 1.000000000000000000e+00
914 906 1.000000000000000000e+00
914 913 1.000000000000000000e+00
914 914 -5.000000000000000000e-01
914 916 1.000000000000000000e+00
914 930 1.000000000000000000e+00
915 851 1.000000000000000000e+00
915 907 1.000000000000000000e+00
915 915 5.000000000000000000e-01
915 917 1.000000000000000000e+00
915 931 1.000000000000000000e+00
916 405 1.000000000000000000e+00
916 852 1.000000000000000000e+00
916 908 1.000000000000000000e+00
916 914 1.000000000000000000e+00
916 916 -5.000000000000000000e-01
916 920 1.000000000000000000e+00
916 932 1.000000000000000000e+00
917 853 1.000000000000000000e+00
917 909 1.000000000000000000e+00
917 915 1.000000000000000000e+00
917 917 -5.000000000000000000e-01
917 918 1.000000000000000000e+00
917 921 1.000000000000000000e+00
917 933 1.000000000000000000e+00
918 407 1.000000000000000000e+00
918 854 1.000000000000000000e+00
918 910 1.000000000000000000e+00
918 917 1.000000000000000000e+00
918 918 -5.000000000000000000e-01
918 922 1.000000000000000000e+00
918 934 1.000000000000000000e+00
919 855 1.000000000000000000e+00
919 911 1.000000000000000000e+00
919 919 5.000000000000000000e-01
919 923 1.000000000000000000e+00
919 935 1.000000000000000000e+00
920 409 1.000000000000000000e+00
920 856 1.000000000000000000e+00
920 916 1.000000000000000000e+00
920 920 5.000000000000000000e-01
920 936 1.000000000000000000e+00
921 857 1.000000000000000000e+00
921 917 1.000000000000000000e+00
921 921 5.000000000000000000e-01
921 922 1.000000000000000000e+00
921 937 1.000000000000000000e+00
922 411 1.000000000000000000e+00
922 858 1.000000000000000000e+00
922 918 1.000000000000000000e+00
922 921 1.000000000000000000e+00
922 922 -5.000000000000000000e-01
922 924 1.000000000000000000e+00
922 938 1.000000000000000000e+00
923 859 1.000000000000000000e+00
923 919 1.000000000000000000e+00
923 923 5.000000000000000000e-01
923 925 1.000000000000000000e+00
923 939 1.000000000000000000e+00
924 413 1.000000000000000000e+00
924 860 1.000000000000000000e+00
924 922 1.000000000000000000e+00
924 924 5.000000000000000000e-01
924 940 1.000000000000000000e+00
925 861 1.000000000000000000e+00
925 923 1.000000000000000000e+00
925 925 5.000000000000000000e-01
925 926 1.000000000000000000e+00
925 941 1.000000000000000000e+00
926 415 1.000000000000000000e+00
926 862 1.000000000000000000e+00
926 925 1.000000000000000000e+00
926 926 5.000000000000000000e-01
926 942 1.000000000000000000e+00
927 863 1.000000000000000000e+00
927 927 1.500000000000000000e+00
927 943 1.000000000000000000e+00
928 417 1.000000000000000000e+00
928 864 1.000000000000000000e+00
928 912 1.000000000000000000e+00
928 928 5.000000000000000000e-01
928 960 1.000000000000000000e+00
929 865 1.000000000000000000e+00
929 913 1.000000000000000000e+00
929 929 5.000000000000000000e-01
929 930 1.000000000000000000e+00
929 961 1.000000000000000000e+00
930 419 1.000000000000000000e+00
930 866 1.000000000000000000e+00
930 914 1.000000000000000000e+00
930 929 1.000000000000000000e+00
930 930 -5.000000000000000000e-01
930 932 1.000000000000000000e+00
930 962 1.000000000000000000e+00
931 867 1.000000000000000000e+00
931 915 1.000000000000000000e+00
931 931 5.000000000000000000e-01
931 933 1.000000000000000000e+00
931 963 1.000000000000000000e+00
932 421 1.000000000000000000e+00
932 868 1.000000000000000000e+00
932 916 1.000000000000000000e+00
932 930 1.000000000000000000e+00
932 932 -5.000000000000000000e-01
932 936 1.000000000000000000e+00
932 964 1.000000000000000000e+00
933 869 1.000000000000000000e+00
933 917 1.000000000000000000e+00
933 931 1.000000000000000000e+00
933 933 -5.000000000000000000e-01
933 934 1.000000000000000000e+00
933 937 1.000000000000000000e+00
933 965 1.000000000000000000e+00
934 423 1.000000000000000000e+00
934 870 1.000000000000000000e+00
934 918 1.000000000000000000e+00
934 933 1.000000000000000000e+00
934 934 -5.000000000000000000e-01
934 938 1.000000000000000000e+00
934 966 1.000000000000000000e+00
935 871 1.000000000000000000e+00
935 919 1.000000000000000000e+00
935 935 5.000000000000000000e-01
935 939 1.000000000000000000e+00
935 967 1.000000000000000000e+00
936 425 1.000000000000000000e+00
936 872 1.000000000000000000e+00
936 920 1.000000000000000000e+00
936 932 1.000000000000000000e+00
936 936 -5.000000000000000000e-01
936 944 1.000000000000000000e+00
936 968 1.000000000000000000e+00
937 873 1.000000000000000000e+00
937 921 1.000000000000000000e+00
937 933 1.000000000000000000e+00
937 937 -5.000000000000000000e-01
937 938 1.000000000000000000e+00
937 945 1.000000000000000000e+00
937 969 1.000000000000000000e+00
938 427 1.000000000000000000e+00
938 874 1.000000000000000000e+00
938 922 1.000000000000000000e+00
938 934 1.000000000000000000e+00
938 937 1.000000000000000000e+00
938 938 -1.500000000000000000e+00
938 940 1.000000000000000000e+00
938 946 1.000000000000000000e+00
938 970 1.000000000000000000e+00
939 875 1.000000000000000000e+00
939 923 1.000000000000000000e+00
939 935 1.000000000000000000e+00
939 939 -5.000000000000000000e-01
939 941 1.000000000000000000e+00
939 947 1.000000000000000000e+00
939 971 1.000000000000000000e+00
940 429 1.000000000000000000e+00
940 876 1.000000000000000000e+00
940 924 1.000000000000000000e+00
940 938 1.000000000000000000e+00
940 940 -5.000000000000000000e-01
940 948 1.000000000000000000e+00
940 972 1.000000000000000000e+00
941 877 1.000000000000000000e+00
941 925 1.000000000000000000e+00
941 939 1.000000000000000000e+00
941 941 -5.000000000000000000e-01
941 942 1.000000000000000000e+00
941 949 1.000000000000000000e+00
941 973 1.000000000000000000e+00
942 431 1.000000000000000000e+00
942 878 1.000000000000000000e+00
942 926 1.000000000000000000e+00
942 941 1.000000000000000000e+00
942 942 -5.000000000000000000e-01
942 950 1.000000000000000000e+00
942 974 1.000000000000000000e+00
943 879 1.000000000000000000e+00
943 927 1.000000000000000000e+00
943 943 5.000000000000000000e-01
943 951 1.000000000000000000e+00
943 975 1.000000000000000000e+00
944 433 1.000000000000000000e+00
944 880 1.000000000000000000e+00
944 936 1.000000000000000000e+00
944 944 5.000000000000000000e-01
944 976 1.000000000000000000e+00
945 881 1.000000000000000000e+00
945 937 1.000000000000000000e+00
945 945 5.000000000000000000e-01
945 946 1.000000000000000000e+00
945 977 1.000000000000000000e+00
946 435 1.000000000000000000e+00
946 882 1.000000000000000000e+00
946 938 1.000000000000000000e+00
946 945 1.000000000000000000e+00
946 946 -5.000000000000000000e-01
946 948 1.000000000000000000e+00
946 978 1.000000000000000000e+00
947 883 1.000000000000000000e+00
947 939 1.000000000000000000e+00
947 947 5.000000000000000000e-01
947 949 1.000000000000000000e+00
947 979 1.000000000000000000e+00
948 437 1.000000000000000000e+00
948 884 1.000000000000000000e+00
948 940 1.000000000000000000e+00
948 946 1.000000000000000000e+00
948 948 -5.000000000000000000e-01
948 952 1.000000000000000000e+00
948 980 1.000000000000000000e+00
949 885 1.000000000000000000e+00
949 941 1.000000000000000000e+00
949 947 1.000000000000000000e+00
949 949 -5.000000000000000000e-01
949 950 1.000000000000000000e+00
949 953 1.000000000000000000e+00
949 981 1.000000000000000000e+00
950 439 1.000000000000000000e+00
950 886 1.000000000000000000e+00
950 942 1.000000000000000000e+00
950 949 1.000000000000000000e+00
950 950 -5.000000000000000000e-01
950 954 1.000000000000000000e+00
950 982 1.000000000000000000e+00
951 887 1.000000000000000000e+00
951 943 1.000000000000000000e+00
951 951 5.000000000000000000e-01
951 955 1.000000000000000000e+00
951 983 1.000000000000000000e+00
952 441 1.000000000000000000e+00
952 888 1.000000000000000000e+00
952 948 1.000000000000000000e+00
952 952 5.000000000000000000e-01
952 984 1.000000000000000000e+00
953 889 1.000000000000000000e+00
953 949 1.000000000000000000e+00
953 953 5.000000000000000000e-01
953 954 1.000000000000000000e+00
953 985 1.000000000000000000e+00
954 443 1.000000000000000000e+00
954 890 1.000000000000000000e+00
954 950 1.000000000000000000e+00
954 953 1.000000000000000000e+00
954 954 -5.000000000000000000e-01
954 956 1.000000000000000000e+00
954 986 1.000000000000000000e+00
955 891 1.000000000000000000e+00
955 951 1.000000000000000000e+00
955 955 5.000000000000000000e-01
955 957 1.000000000000000000e+00
955 987 1.000000000000000000e+00
956 445 1.000000000000000000e+00
956 892 1.000000000000000000e+00
956 954 1.000000000000000000e+00
956 956 5.000000000000000000e-01
956 988 1.000000000000000000e+00
957 893 1.000000000000000000e+00
957 955 1.000000000000000000e+00
957 957 5.000000000000000000e-01
957 958 1.000000000000000000e+00
957 989 1.000000000000000000e+00
958 447 1.000000000000000000e+00
958 894 1.000000000000000000e+00
958 957 1.000000000000000000e+00
958 958 5.000000000000000000e-01
958 990 1.000000000000000000e+00
959 895 1.000000000000000000e+00
959 959 1.500000000000000000e+00
959 991 1.000000000000000000e+00
960 449 1.000000000000000000e+00
960 928 1.000000000000000000e+00
960 960 1.500000000000000000e+00
961 929 1.000000000000000000e+00
961 961 1.500000000000000000e+00
961 962 1.000000000000000000e+00
962 451 1.000000000000000000e+00
962 930 1.000000000000000000e+00
962 961 1.000000000000000000e+00
962 962 5.000000000000000000e-01
962 964 1.000000000000000000e+00
963 931 1.000000000000000000e+00
963 963 1.500000000000000000e+00
963 965 1.000000000000000000e+00
964 453 1.000000000000000000e+00
964 932 1.000000000000000000e+00
964 962 1.000000000000000000e+00
964 964 5.000000000000000000e-01
964 968 1.000000000000000000e+00
965 933 1.000000000000000000e+00
965 963 1.000000000000000000e+00
965 965 5.000000000000000000e-01
965 966 1.000000000000000000e+00
965 969 1.000000000000000000e+00
966 455 1.000000000000000000e+00
966 934 1.000000000000000000e+00
966 965 1.000000000000000000e+00
966 966 5.000000000000000000e-01
966 970 1.000000000000000000e+00
967 935 1.000000000000000000e+00
967 967 1.500000000000000000e+00
967 971 1.000000000000000000e+00
968 457 1.000000000000000000e+00
968 936 1.000000000000000000e+00
968 964 1.000000000000000000e+00
968 968 5.000000000000000000e-01
968 976 1.000000000000000000e+00
969 937 1.000000000000000000e+00
969 965 1.000000000000000000e+00
969 969 5.000000000000000000e-01
969 970 1.000000000000000000e+00
969 977 1.000000000000000000e+00
970 459 1.000000000000000000e+00
970 938 1.000000000000000000e+00
970 966 1.000000000000000000e+00
970 969 1.000000000000000000e+00
970 970 -5.000000000000000000e-01
970 972 1.000000000000000000e+00
970 978 1.000000000000000000e+00
971 939 1.000000000000000000e+00
971 967 1.000000000000000000e+00
971 971 5.000000000000000000e-01
971 973 1.000000000000000000e+00
971 979 1.000000000000000000e+00
972 461 1.000000000000000000e+00
972 940 1.000000000000000000e+00
972 970 1.000000000000000000e+00
972 972 5.000000000000000000e-01
972 980 1.000000000000000000e+00
973 941 1.000000000000000000e+00
973 971 1.000000000000000000e+00
973 973 5.000000000000000000e-01
973 974 1.000000000000000000e+00
973 981 1.000000000000000000e+00
974 463 1.000000000000000000e+00
974 942 1.000000000000000000e+00
974 973 1.000000000000000000e+00
974 974 5.000000000000000000e-01
974 982 1.000000000000000000e+00
975 943 1.000000000000000000e+00
975 975 1.500000000000000000e+00
975 983 1.000000000000000000e+00
976 465 1.000000000000000000e+00
976 944 1.000000000000000000e+00
976 968 1.000000000000000000e+00
976 976 5.000000000000000000e-01
976 992 1.000000000000000000e+00
977 945 1.000000000000000000e+00
977 969 1.000000000000000000e+00
977 977 5.000000000000000000e-01
977 978 1.000000000000000000e+00
977 993 1.000000000000000000e+00
978 467 1.000000000000000000e+00
978 946 1.000000000000000000e+00
978 970 1.000000000000000000e+00
978 977 1.000000000000000000e+00
978 978 -5.000000000000000000e-01
978 980 1.000000000000000000e+00
978 994 1.000000000000000000e+00
979 947 1.000000000000000000e+00
979 971 1.000000000000000000e+00
979 979 5.000000000000000000e-01
979 981 1.000000000000000000e+00
979 995 1.000000000000000000e+00
980 469 1.000000000000000000e+00
980 948 1.000000000000000000e+00
980 972 1.000000000000000000e+00
980 978 1.000000000000000000e+00
980 980 -5.000000000000000000e-01
980 984 1.000000000000000000e+00
980 996 1.000000000000000000e+00
981 949 1.000000000000000000e+00
981 973 1.000000000000000000e+00
981 979 1.000000000000000000e+00
981 981 -5.000000000000000000e-01
981 982 1.000000000000000000e+00
981 985 1.000000000000000000e+00
981 997 1.000000000000000000e+00
982 471 1.000000000000000000e+00
982 950 1.000000000000000000e+00
982 974 1.000000000000000000e+00
982 981 1.000000000000000000e+00
982 982 -5.000000000000000000e-01
982 986 1.000000000000000000e+00
982 998 1.000000000000000000e+00
983 951 1.000000000000000000e+00
983 975 1.000000000000000000e+00
983 983 5.000000000000000000e-01
983 987 1.000000000000000000e+00
983 999 1.000000000000000000e+00
984 473 1.000000000000000000e+00
984 952 1.000000000000000000e+00
984 980 1.000000000000000000e+00
984 984 5.000000000000000000e-01
984 1000 1.000000000000000000e+00
985 953 1.000000000000000000e+00
985 981 1.000000000000000000e+00
985 985 5.000000000000000000e-01
985 986 1.000000000000000000e+00
985 1001 1.000000000000000000e+00
986 475 1.000000000000000000e+00
986 954 1.000000000000000000e+00
986 982 1.000000000000000000e+00
986 985 1.000000000000000000e+00
986 986 -5.000000000000000000e-01
986 988 1.000000000000000000e+00
986 1002 1.000000000000000000e+00
987 955 1.000000000000000000e+00
987 983 1.000000000000000000e+00
987 987 5.000000000000000000e-01
987 989 1.000000000000000000e+00
987 1003 1.000000000000000000e+00
988 477 1.000000000000000000e+00
988 956 1.000000000000000000e+00
988 986 1.000000000000000000e+00
988 988 5.000000000000000000e-01
988 1004 1.000000000000000000e+00
989 957 1.000000000000000000e+00
989 987 1.000000000000000000e+00
989 989 5.000000000000000000e-01
989 990 1.000000000000000000e+00
989 1005 1.000000000000000000e+00
990 479 1.000000000000000000e+00
990 958 1.000000000000000000e+00
990 989 1.000000000000000000e+00
990 990 5.000000000000000000e-01
990 1006 1.000000000000000000e+00
991 959 1.000000000000000000e+00
991 991 1.500000000000000000e+00
991 1007 1.000000000000000000e+00
992 481 1.000000000000000000e+00
992 976 1.000000000000000000e+00
992 992 1.500000000000000000e+00
993 977 1.000000000000000000e+00
993 993 1.500000000000000000e+00
993 994 1.000000000000000000e+00
994 483 1.000000000000000000e+00
994 978 1.000000000000000000e+00
994 993 1.000000000000000000e+00
994 994 5.000000000000000000e-01
994 996 1.000000000000000000e+00
995 979 1.000000000000000000e+00
995 995 1.500000000000000000e+00
995 997 1.000000000000000000e+00
996 485 1.000000000000000000e+00
996 980 1.000000000000000000e+00
996 994 1.000000000000000000e+00
996 996 5.000000000000000000e-01
996 1000 1.000000000000000000e+00
997 981 1.000000000000000000e+00
997 995 1.000000000000000000e+00
997 997 5.000000000000000000e-01
997 998 1.000000000000000000e+00
997 1001 1.000000000000000000e+00
998 487 1.000000000000000000e+00
998 982 1.000000000000000000e+00
998 997 1.000000000000000000e+00
998 998 5.000000000000000000e-01
998 1002 1.000000000000000000e+00
999 983 1.000000000000000000e+00
999 999 1.500000000000000000e+00
999 1003 1.000000000000000000e+00
1000 489 1.000000000000000000e+00
1000 984 1.000000000000000000e+00
1000 996 1.000000000000000000e+00
1000 1000 5.000000000000000000e-01
1000 1008 1.000000000000000000e+00
1001 985 1.000000000000000000e+00
1001 997 1.000000000000000000e+00
1001 1001 5.000000000000000000e-01
1001 1002 1.000000000000000000e+00
1001 1009 1.000000000000000000e+00
1002 491 1.000000000000000000e+00
1002 986 1.000000000000000000e+00
1002 998 1.000000000000000000e+00
1002 1001 1.000000000000000000e+00
1002 1002 -5.000000000000000000e-01
1002 1004 1.000000000000000000e+00
1002 1010 1.000000000000000000e+00
1003 987 1.000000000000000000e+00
1003 999 1.000000000000000000e+00
1003 1003 5.000000000000000000e-01
1003 1005 1.000000000000000000e+00
1003 1011 1.000000000000000000e+00
1004 493 1.000000000000000000e+00
1004 988 1.000000000000000000e+00
1004 1002 1.000000000000000000e+00
1004 1004 5.000000000000000000e-01
1004 1012 1.000000000000000000e+00
1005 989 1.000000000000000000e+00
1005 1003 1.000000000000000000e+00
1005 1005 5.000000000000000000e-01
1005 1006 1.000000000000000000e+00
1005 1013 1.000000000000000000e+00
1006 495 1.000000000000000000e+00
1006 990 1.000000000000000000e+00
1006 1005 1.000000000000000000e+00
1006 1006 5.000000000000000000e-01
1006 1014 1.000000000000000000e+00
1007 991 1.000000000000000000e+00
1007 1007 1.500000000000000000e+00
1007 1015 1.000000000000000000e+00
1008 497 1.000000000000000000e+00
1008 1000 1.000000000000000000e+00
1008 1008 1.500000000000000000e+00
1009 1001 1.000000000000000000e+00
1009 1009 1.500000000000000000e+00
1009 1010 1.000000000000000000e+00
1010 499 1.000000000000000000e+00
1010 1002 1.000000000000000000e+00
1010 1009 1.000000000000000000e+00
1010 1010 5.000000000000000000e-01
1010 1012 1.000000000000000000e+00
1011 1003 1.000000000000000000e+00
1011 1011 1.500000000000000000e+00
1011 1013 1.000000000000000000e+00
1012 501 1.000000000000000000e+00
1012 1004 1.000000000000000000e+00
1012 1010 1.000000000000000000e+00
1012 1012 5.000000000000000000e-01
1012 1016 1.000000000000000000e+00
1013 1005 1.000000000000000000e+00
1013 1011 1.000000000000000000e+00
1013 1013 5.000000000000000000e-01
1013 1014 1.000000000000000000e+00
1013 1017 1.000000000000000000e+00
1014 503 1.000000000000000000e+00
1014 1006 1.000000000000000000e+00
1014 1013 1.000000000000000000e+00
1014 1014 5.000000000000000000e-01
1014 1018 1.000000000000000000e+00
1015 1007 1.000000000000000000e+00
1015 1015 1.500000000000000000e+00
1015 1019 1.000000000000000000e+00
1016 505 1.000000000000000000e+00
1016 1012 1.000000000000000000e+00
1016 1016 1.500000000000000000e+00
1017 1013 1.000000000000000000e+00
1017 1017 1.500000000000000000e+00
1017 1018 1.000000000000000000e+00
1018 507 1.000000000000000000e+00
1018 1014 1.000000000000000000e+00
1018 1017 1.000000000000000000e+00
1018 1018 5.000000000000000000e-01
1018 1020 1.000000000000000000e+00
1019 1015 1.000000000000000000e+00
1019 1019 1.500000000000000000e+00
1019 1021 1.000000000000000000e+00
1020 509 1.000000000000000000e+00
1020 1018 1.000000000000000000e+00
1020 1020 1.500000000000000000e+00
1021 1019 1.000000000000000000e+00
1021 1021 1.500000000000000000e+00
1021 1022 1.000000000000000000e+00
1022 511 1.000000000000000000e+00
1022 1021 1.000000000000000000e+00
1022 1022 1.500000000000000000e+00
1023 1023 2.500000000000000000e+00
