0 0 3.000000000000000000e+00
1 1 2.000000000000000000e+00
1 2 1.000000000000000000e+00
1 2048 1.000000000000000000e+00
2 1 1.000000000000000000e+00
2 2 2.000000000000000000e+00
2 4 1.000000000000000000e+00
3 3 2.000000000000000000e+00
3 5 1.000000000000000000e+00
3 2050 1.000000000000000000e+00
4 2 1.000000000000000000e+00
4 4 2.000000000000000000e+00
4 8 1.000000000000000000e+00
5 3 1.000000000000000000e+00
5 5 1.000000000000000000e+00
5 6 1.000000000000000000e+00
5 9 1.000000000000000000e+00
5 2052 1.000000000000000000e+00
6 5 1.000000000000000000e+00
6 6 2.000000000000000000e+00
6 10 1.000000000000000000e+00
7 7 2.000000000000000000e+00
7 11 1.000000000000000000e+00
7 2054 1.000000000000000000e+00
8 4 1.000000000000000000e+00
8 8 2.000000000000000000e+00
8 16 1.000000000000000000e+00
9 5 1.000000000000000000e+00
9 9 1.000000000000000000e+00
9 10 1.000000000000000000e+00
9 17 1.000000000000000000e+00
9 2056 1.000000000000000000e+00
10 6 1.000000000000000000e+00
10 9 1.000000000000000000e+00
10 10 1.000000000000000000e+00
10 12 1.000000000000000000e+00
10 18 1.000000000000000000e+00
11 7 1.000000000000000000e+00
11 11 1.000000000000000000e+00
11 13 1.000000000000000000e+00
11 19 1.000000000000000000e+00
11 2058 1.000000000000000000e+00
12 10 1.000000000000000000e+00
12 12 2.000000000000000000e+00
12 20 1.000000000000000000e+00
13 11 1.000000000000000000e+00
13 13 1.000000000000000000e+00
13 14 1.000000000000000000e+00
13 21 1.000000000000000000e+00
13 2060 1.000000000000000000e+00
14 13 1.000000000000000000e+00
14 14 2.000000000000000000e+00
14 22 1.000000000000000000e+00
15 15 2.000000000000000000e+00
15 23 1.000000000000000000e+00
15 2062 1.000000000000000000e+00
16 8 1.000000000000000000e+00
16 16 2.000000000000000000e+00
16 32 1.000000000000000000e+00
17 9 1.000000000000000000e+00
17 17 1.000000000000000000e+00
17 18 1.000000000000000000e+00
17 33 1.000000000000000000e+00
17 2064 1.000000000000000000e+00
18 10 1.000000000000000000e+00
18 17 1.000000000000000000e+00
18 18 1.000000000000000000e+00
18 20 1.000000000000000000e+00
18 34 1.000000000000000000e+00
19 11 1.000000000000000000e+00
19 19 1.000000000000000000e+00
19 21 1.000000000000000000e+00
19 35 1.000000000000000000e+00
19 2066 1.000000000000000000e+00
20 12 1.000000000000000000e+00
20 18 1.000000000000000000e+00
20 20 1.000000000000000000e+00
20 24 1.000000000000000000e+00
20 36 1.000000000000000000e+00
21 13 1.000000000000000000e+00
21 19 1.000000000000000000e+00
21 22 1.000000000000000000e+00
21 25 1.000000000000000000e+00
21 37 1.000000000000000000e+00
21 2068 1.000000000000000000e+00
22 14 1.000000000000000000e+00
22 21 1.000000000000000000e+00
22 22 1.000000000000000000e+00
22 26 1.000000000000000000e+00
22 38 1.000000000000000000e+00
23 15 1.000000000000000000e+00
23 23 1.000000000000000000e+00
23 27 1.000000000000000000e+00
23 39 1.000000000000000000e+00
23 2070 1.000000000000000000e+00
24 20 1.000000000000000000e+00
24 24 2.000000000000000000e+00
24 40 1.000000000000000000e+00
25 21 1.000000000000000000e+00
25 25 1.000000000000000000e+00
25 26 1.000000000000000000e+00
25 41 1.000000000000000000e+00
25 2072 1.000000000000000000e+00
26 22 1.000000000000000000e+00
26 25 1.000000000000000000e+00
26 26 1.000000000000000000e+00
26 28 1.000000000000000000e+00
26 42 1.000000000000000000e+00
27 23 1.000000000000000000e+00
27 27 1.000000000000000000e+00
27 29 1.000000000000000000e+00
27 43 1.000000000000000000e+00
27 2074 1.000000000000000000e+00
28 26 1.000000000000000000e+00
28 28 2.000000000000000000e+00
28 44 1.000000000000000000e+00
29 27 1.000000000000000000e+00
29 29 1.000000000000000000e+00
29 30 1.000000000000000000e+00
29 45 1.000000000000000000e+00
29 2076 1.000000000000000000e+00
30 29 1.000000000000000000e+00
30 30 2.000000000000000000e+00
30 46 1.000000000000000000e+00
31 31 2.000000000000000000e+00
31 47 1.000000000000000000e+00
31 2078 1.000000000000000000e+00
32 16 1.000000000000000000e+00
32 32 2.000000000000000000e+00
32 64 1.000000000000000000e+00
33 17 1.000000000000000000e+00
33 33 1.000000000000000000e+00
33 34 1.000000000000000000e+00
33 65 1.000000000000000000e+00
33 2080 1.000000000000000000e+00
34 18 1.000000000000000000e+00
34 33 1.000000000000000000e+00
34 34 1.000000000000000000e+00
34 36 1.000000000000000000e+00
34 66 1.000000000000000000e+00
35 19 1.000000000000000000e+00
35 35 1.000000000000000000e+00
35 37 1.000000000000000000e+00
35 67 1.000000000000000000e+00
35 2082 1.000000000000000000e+00
36 20 1.000000000000000000e+00
36 34 1.000000000000000000e+00
36 36 1.000000000000000000e+00
36 40 1.000000000000000000e+00
36 68 1.000000000000000000e+00
37 21 1.000000000000000000e+00
37 35 1.000000000000000000e+00
37 38 1.000000000000000000e+00
37 41 1.000000000000000000e+00
37 69 1.000000000000000000e+00
37 2084 1.000000000000000000e+00
38 22 1.000000000000000000e+00
38 37 1.000000000000000000e+00
38 38 1.000000000000000000e+00
38 42 1.000000000000000000e+00
38 70 1.000000000000000000e+00
39 23 1.000000000000000000e+00
39 39 1.000000000000000000e+00
39 43 1.000000000000000000e+00
39 71 1.000000000000000000e+00
39 2086 1.000000000000000000e+00
40 24 1.000000000000000000e+00
40 36 1.000000000000000000e+00
40 40 1.000000000000000000e+00
40 48 1.000000000000000000e+00
40 72 1.000000000000000000e+00
41 25 1.000000000000000000e+00
41 37 1.000000000000000000e+00
41 42 1.000000000000000000e+00
41 49 1.000000000000000000e+00
41 73 1.000000000000000000e+00
41 2088 1.000000000000000000e+00
42 26 1.000000000000000000e+00
42 38 1.000000000000000000e+00
42 41 1.000000000000000000e+00
42 44 1.000000000000000000e+00
42 50 1.000000000000000000e+00
42 74 1.000000000000000000e+00
43 27 1.000000000000000000e+00
43 39 1.000000000000000000e+00
43 45 1.000000000000000000e+00
43 51 1.000000000000000000e+00
43 75 1.000000000000000000e+00
43 2090 1.000000000000000000e+00
44 28 1.000000000000000000e+00
44 42 1.000000000000000000e+00
44 44 1.000000000000000000e+00
44 52 1.000000000000000000e+00
44 76 1.000000000000000000e+00
45 29 1.000000000000000000e+00
45 43 1.000000000000000000e+00
45 46 1.000000000000000000e+00
45 53 1.000000000000000000e+00
45 77 1.000000000000000000e+00
45 2092 1.000000000000000000e+00
46 30 1.000000000000000000e+00
46 45 1.000000000000000000e+00
46 46 1.000000000000000000e+00
46 54 1.000000000000000000e+00
46 78 1.000000000000000000e+00
47 31 1.000000000000000000e+00
47 47 1.000000000000000000e+00
47 55 1.000000000000000000e+00
47 79 1.000000000000000000e+00
47 2094 1.000000000000000000e+00
48 40 1.000000000000000000e+00
48 48 2.000000000000000000e+00
48 80 1.000000000000000000e+00
49 41 1.000000000000000000e+00
49 49 1.000000000000000000e+00
49 50 1.000000000000000000e+00
49 81 1.000000000000000000e+00
49 2096 1.000000000000000000e+00
50 42 1.000000000000000000e+00
50 49 1.000000000000000000e+00
50 50 1.000000000000000000e+00
50 52 1.000000000000000000e+00
50 82 1.000000000000000000e+00
51 43 1.000000000000000000e+00
51 51 1.000000000000000000e+00
51 53 1.000000000000000000e+00
51 83 1.000000000000000000e+00
51 2098 1.000000000000000000e+00
52 44 1.000000000000000000e+00
52 50 1.000000000000000000e+00
52 52 1.000000000000000000e+00
52 56 1.000000000000000000e+00
52 84 1.000000000000000000e+00
53 45 1.000000000000000000e+00
53 51 1.000000000000000000e+00
53 54 1.000000000000000000e+00
53 57 1.000000000000000000e+00
53 85 1.000000000000000000e+00
53 2100 1.000000000000000000e+00
54 46 1.000000000000000000e+00
54 53 1.000000000000000000e+00
54 54 1.000000000000000000e+00
54 58 1.000000000000000000e+00
54 86 1.000000000000000000e+00
55 47 1.000000000000000000e+00
55 55 1.000000000000000000e+00
55 59 1.000000000000000000e+00
55 87 1.000000000000000000e+00
55 2102 1.000000000000000000e+00
56 52 1.000000000000000000e+00
56 56 2.000000000000000000e+00
56 88 1.000000000000000000e+00
57 53 1.000000000000000000e+00
57 57 1.000000000000000000e+00
57 58 1.000000000000000000e+00
57 89 1.000000000000000000e+00
57 2104 1.000000000000000000e+00
58 54 1.000000000000000000e+00
58 57 1.000000000000000000e+00
58 58 1.000000000000000000e+00
58 60 1.000000000000000000e+00
58 90 1.000000000000000000e+00
59 55 1.000000000000000000e+00
59 59 1.000000000000000000e+00
59 61 1.000000000000000000e+00
59 91 1.000000000000000000e+00
59 2106 1.000000000000000000e+00
60 58 1.000000000000000000e+00
60 60 2.000000000000000000e+00
60 92 1.000000000000000000e+00
61 59 1.000000000000000000e+00
61 61 1.000000000000000000e+00
61 62 1.000000000000000000e+00
61 93 1.000000000000000000e+00
61 2108 1.000000000000000000e+00
62 61 1.000000000000000000e+00
62 62 2.000000000000000000e+00
62 94 1.000000000000000000e+00
63 63 2.000000000000000000e+00
63 95 1.000000000000000000e+00
63 2110 1.000000000000000000e+00
64 32 1.000000000000000000e+00
64 64 2.000000000000000000e+00
64 128 1.000000000000000000e+00
65 33 1.000000000000000000e+00
65 65 1.000000000000000000e+00
65 66 1.000000000000000000e+00
65 129 1.000000000000000000e+00
65 2112 1.000000000000000000e+00
66 34 1.000000000000000000e+00
66 65 1.000000000000000000e+00
66 66 1.000000000000000000e+00
66 68 1.000000000000000000e+00
66 130 1.000000000000000000e+00
67 35 1.000000000000000000e+00
67 67 1.000000000000000000e+00
67 69 1.000000000000000000e+00
67 131 1.000000000000000000e+00
67 2114 1.000000000000000000e+00
68 36 1.000000000000000000e+00
68 66 1.000000000000000000e+00
68 68 1.000000000000000000e+00
68 72 1.000000000000000000e+00
68 132 1.000000000000000000e+00
69 37 1.000000000000000000e+00
69 67 1.000000000000000000e+00
69 70 1.000000000000000000e+00
69 73 1.000000000000000000e+00
69 133 1.000000000000000000e+00
69 2116 1.000000000000000000e+00
70 38 1.000000000000000000e+00
70 69 1.000000000000000000e+00
70 70 1.000000000000000000e+00
70 74 1.000000000000000000e+00
70 134 1.000000000000000000e+00
71 39 1.000000000000000000e+00
71 71 1.000000000000000000e+00
71 75 1.000000000000000000e+00
71 135 1.000000000000000000e+00
71 2118 1.000000000000000000e+00
72 40 1.000000000000000000e+00
72 68 1.000000000000000000e+00
72 72 1.000000000000000000e+00
72 80 1.000000000000000000e+00
72 136 1.000000000000000000e+00
73 41 1.000000000000000000e+00
73 69 1.000000000000000000e+00
73 74 1.000000000000000000e+00
73 81 1.000000000000000000e+00
73 137 1.000000000000000000e+00
73 2120 1.000000000000000000e+00
74 42 1.000000000000000000e+00
74 70 1.000000000000000000e+00
74 73 1.000000000000000000e+00
74 76 1.000000000000000000e+00
74 82 1.000000000000000000e+00
74 138 1.000000000000000000e+00
75 43 1.000000000000000000e+00
75 71 1.000000000000000000e+00
75 77 1.000000000000000000e+00
75 83 1.000000000000000000e+00
75 139 1.000000000000000000e+00
75 2122 1.000000000000000000e+00
76 44 1.000000000000000000e+00
76 74 1.000000000000000000e+00
76 76 1.000000000000000000e+00
76 84 1.000000000000000000e+00
76 140 1.000000000000000000e+00
77 45 1.000000000000000000e+00
77 75 1.000000000000000000e+00
77 78 1.000000000000000000e+00
77 85 1.000000000000000000e+00
77 141 1.000000000000000000e+00
77 2124 1.000000000000000000e+00
78 46 1.000000000000000000e+00
78 77 1.000000000000000000e+00
78 78 1.000000000000000000e+00
78 86 1.000000000000000000e+00
78 142 1.000000000000000000e+00
79 47 1.000000000000000000e+00
79 79 1.000000000000000000e+00
79 87 1.000000000000000000e+00
79 143 1.000000000000000000e+00
79 2126 1.000000000000000000e+00
80 48 1.000000000000000000e+00
80 72 1.000000000000000000e+00
80 80 1.000000000000000000e+00
80 96 1.000000000000000000e+00
80 144 1.000000000000000000e+00
81 49 1.000000000000000000e+00
81 73 1.000000000000000000e+00
81 82 1.000000000000000000e+00
81 97 1.000000000000000000e+00
81 145 1.000000000000000000e+00
81 2128 1.000000000000000000e+00
82 50 1.000000000000000000e+00
82 74 1.000000000000000000e+00
82 81 1.000000000000000000e+00
82 84 1.000000000000000000e+00
82 98 1.000000000000000000e+00
82 146 1.000000000000000000e+00
83 51 1.000000000000000000e+00
83 75 1.000000000000000000e+00
83 85 1.000000000000000000e+00
83 99 1.000000000000000000e+00
83 147 1.000000000000000000e+00
83 2130 1.000000000000000000e+00
84 52 1.000000000000000000e+00
84 76 1.000000000000000000e+00
84 82 1.000000000000000000e+00
84 88 1.000000000000000000e+00
84 100 1.000000000000000000e+00
84 148 1.000000000000000000e+00
85 53 1.000000000000000000e+00
85 77 1.000000000000000000e+00
85 83 1.000000000000000000e+00
85 85 -1.000000000000000000e+00
85 86 1.000000000000000000e+00
85 89 1.000000000000000000e+00
85 101 1.000000000000000000e+00
85 149 1.000000000000000000e+00
85 2132 1.000000000000000000e+00
86 54 1.000000000000000000e+00
86 78 1.000000000000000000e+00
86 85 1.000000000000000000e+00
86 90 1.000000000000000000e+00
86 102 1.000000000000000000e+00
86 150 1.000000000000000000e+00
87 55 1.000000000000000000e+00
87 79 1.000000000000000000e+00
87 91 1.000000000000000000e+00
87 103 1.000000000000000000e+00
87 151 1.000000000000000000e+00
87 2134 1.000000000000000000e+00
88 56 1.000000000000000000e+00
88 84 1.000000000000000000e+00
88 88 1.000000000000000000e+00
88 104 1.000000000000000000e+00
88 152 1.000000000000000000e+00
89 57 1.000000000000000000e+00
89 85 1.000000000000000000e+00
89 90 1.000000000000000000e+00
89 105 1.000000000000000000e+00
89 153 1.000000000000000000e+00
89 2136 1.000000000000000000e+00
90 58 1.000000000000000000e+00
90 86 1.000000000000000000e+00
90 89 1.000000000000000000e+00
90 92 1.000000000000000000e+00
90 106 1.000000000000000000e+00
90 154 1.000000000000000000e+00
91 59 1.000000000000000000e+00
91 87 1.000000000000000000e+00
91 93 1.000000000000000000e+00
91 107 1.000000000000000000e+00
91 155 1.000000000000000000e+00
91 2138 1.000000000000000000e+00
92 60 1.000000000000000000e+00
92 90 1.000000000000000000e+00
92 92 1.000000000000000000e+00
92 108 1.000000000000000000e+00
92 156 1.000000000000000000e+00
93 61 1.000000000000000000e+00
93 91 1.000000000000000000e+00
93 94 1.000000000000000000e+00
93 109 1.000000000000000000e+00
93 157 1.000000000000000000e+00
93 2140 1.000000000000000000e+00
94 62 1.000000000000000000e+00
94 93 1.000000000000000000e+00
94 94 1.000000000000000000e+00
94 110 1.000000000000000000e+00
94 158 1.000000000000000000e+00
95 63 1.000000000000000000e+00
95 95 1.000000000000000000e+00
95 111 1.000000000000000000e+00
95 159 1.000000000000000000e+00
95 2142 1.000000000000000000e+00
96 80 1.000000000000000000e+00
96 96 2.000000000000000000e+00
96 160 1.000000000000000000e+00
97 81 1.000000000000000000e+00
97 97 1.000000000000000000e+00
97 98 1.000000000000000000e+00
97 161 1.000000000000000000e+00
97 2144 1.000000000000000000e+00
98 82 1.000000000000000000e+00
98 97 1.000000000000000000e+00
98 98 1.000000000000000000e+00
98 100 1.000000000000000000e+00
98 162 1.000000000000000000e+00
99 83 1.000000000000000000e+00
99 99 1.000000000000000000e+00
99 101 1.000000000000000000e+00
99 163 1.000000000000000000e+00
99 2146 1.000000000000000000e+00
100 84 1.000000000000000000e+00
100 98 1.000000000000000000e+00
100 100 1.000000000000000000e+00
100 104 1.000000000000000000e+00
100 164 1.000000000000000000e+00
101 85 1.000000000000000000e+00
101 99 1.000000000000000000e+00
101 102 1.000000000000000000e+00
101 105 1.000000000000000000e+00
101 165 1.000000000000000000e+00
101 2148 1.000000000000000000e+00
102 86 1.000000000000000000e+00
102 101 1.000000000000000000e+00
102 102 1.000000000000000000e+00
102 106 1.000000000000000000e+00
102 166 1.000000000000000000e+00
103 87 1.000000000000000000e+00
103 103 1.000000000000000000e+00
103 107 1.000000000000000000e+00
103 167 1.000000000000000000e+00
103 2150 1.000000000000000000e+00
104 88 1.000000000000000000e+00
104 100 1.000000000000000000e+00
104 104 1.000000000000000000e+00
104 112 1.000000000000000000e+00
104 168 1.000000000000000000e+00
105 89 1.000000000000000000e+00
105 101 1.000000000000000000e+00
105 106 1.000000000000000000e+00
105 113 1.000000000000000000e+00
105 169 1.000000000000000000e+00
105 2152 1.000000000000000000e+00
106 90 1.000000000000000000e+00
106 102 1.000000000000000000e+00
106 105 1.000000000000000000e+00
106 108 1.000000000000000000e+00
106 114 1.000000000000000000e+00
106 170 1.000000000000000000e+00
107 91 1.000000000000000000e+00
107 103 1.000000000000000000e+00
107 109 1.000000000000000000e+00
107 115 1.000000000000000000e+00
107 171 1.000000000000000000e+00
107 2154 1.000000000000000000e+00
108 92 1.000000000000000000e+00
108 106 1.000000000000000000e+00
108 108 1.000000000000000000e+00
108 116 1.000000000000000000e+00
108 172 1.000000000000000000e+00
109 93 1.000000000000000000e+00
109 107 1.000000000000000000e+00
109 110 1.000000000000000000e+00
109 117 1.000000000000000000e+00
109 173 1.000000000000000000e+00
109 2156 1.000000000000000000e+00
110 94 1.000000000000000000e+00
110 109 1.000000000000000000e+00
110 110 1.000000000000000000e+00
110 118 1.000000000000000000e+00
110 174 1.000000000000000000e+00
111 95 1.000000000000000000e+00
111 111 1.000000000000000000e+00
111 119 1.000000000000000000e+00
111 175 1.000000000000000000e+00
111 2158 1.000000000000000000e+00
112 104 1.000000000000000000e+00
112 112 2.000000000000000000e+00
112 176 1.000000000000000000e+00
113 105 1.000000000000000000e+00
113 113 1.000000000000000000e+00
113 114 1.000000000000000000e+00
113 177 1.000000000000000000e+00
113 2160 1.000000000000000000e+00
114 106 1.000000000000000000e+00
114 113 1.000000000000000000e+00
114 114 1.000000000000000000e+00
114 116 1.000000000000000000e+00
114 178 1.000000000000000000e+00
115 107 1.000000000000000000e+00
115 115 1.000000000000000000e+00
115 117 1.000000000000000000e+00
115 179 1.000000000000000000e+00
115 2162 1.000000000000000000e+00
116 108 1.000000000000000000e+00
116 114 1.000000000000000000e+00
116 116 1.000000000000000000e+00
116 120 1.000000000000000000e+00
116 180 1.000000000000000000e+00
117 109 1.000000000000000000e+00
117 115 1.000000000000000000e+00
117 118 1.000000000000000000e+00
117 121 1.000000000000000000e+00
117 181 1.000000000000000000e+00
117 2164 1.000000000000000000e+00
118 110 1.000000000000000000e+00
118 117 1.000000000000000000e+00
118 118 1.000000000000000000e+00
118 122 1.000000000000000000e+00
118 182 1.000000000000000000e+00
119 111 1.000000000000000000e+00
119 119 1.000000000000000000e+00
119 123 1.000000000000000000e+00
119 183 1.000000000000000000e+00
119 2166 1.000000000000000000e+00
120 116 1.000000000000000000e+00
120 120 2.000000000000000000e+00
120 184 1.000000000000000000e+00
121 117 1.000000000000000000e+00
121 121 1.000000000000000000e+00
121 122 1.000000000000000000e+00
121 185 1.000000000000000000e+00
121 2168 1.000000000000000000e+00
122 118 1.000000000000000000e+00
122 121 1.000000000000000000e+00
122 122 1.000000000000000000e+00
122 124 1.000000000000000000e+00
122 186 1.000000000000000000e+00
123 119 1.000000000000000000e+00
123 123 1.000000000000000000e+00
123 125 1.000000000000000000e+00
123 187 1.000000000000000000e+00
123 2170 1.000000000000000000e+00
124 122 1.000000000000000000e+00
124 124 2.000000000000000000e+00
124 188 1.000000000000000000e+00
125 123 1.000000000000000000e+00
125 125 1.000000000000000000e+00
125 126 1.000000000000000000e+00
125 189 1.000000000000000000e+00
125 2172 1.000000000000000000e+00
126 125 1.000000000000000000e+00
126 126 2.000000000000000000e+00
126 190 1.000000000000000000e+00
127 127 2.000000000000000000e+00
127 191 1.000000000000000000e+00
127 2174 1.000000000000000000e+00
128 64 1.000000000000000000e+00
128 128 2.000000000000000000e+00
128 256 1.000000000000000000e+00
129 65 1.000000000000000000e+00
129 129 1.000000000000000000e+00
129 130 1.000000000000000000e+00
129 257 1.000000000000000000e+00
129 2176 1.000000000000000000e+00
130 66 1.000000000000000000e+00
130 129 1.000000000000000000e+00
130 130 1.000000000000000000e+00
130 132 1.000000000000000000e+00
130 258 1.000000000000000000e+00
131 67 1.000000000000000000e+00
131 131 1.000000000000000000e+00
131 133 1.000000000000000000e+00
131 259 1.000000000000000000e+00
131 2178 1.000000000000000000e+00
132 68 1.000000000000000000e+00
132 130 1.000000000000000000e+00
132 132 1.000000000000000000e+00
132 136 1.000000000000000000e+00
132 260 1.000000000000000000e+00
133 69 1.000000000000000000e+00
133 131 1.000000000000000000e+00
133 134 1.000000000000000000e+00
133 137 1.000000000000000000e+00
133 261 1.000000000000000000e+00
133 2180 1.000000000000000000e+00
134 70 1.000000000000000000e+00
134 133 1.000000000000000000e+00
134 134 1.000000000000000000e+00
134 138 1.000000000000000000e+00
134 262 1.000000000000000000e+00
135 71 1.000000000000000000e+00
135 135 1.000000000000000000e+00
135 139 1.000000000000000000e+00
135 263 1.000000000000000000e+00
135 2182 1.000000000000000000e+00
136 72 1.000000000000000000e+00
136 132 1.000000000000000000e+00
136 136 1.000000000000000000e+00
136 144 1.000000000000000000e+00
136 264 1.000000000000000000e+00
137 73 1.000000000000000000e+00
137 133 1.000000000000000000e+00
137 138 1.000000000000000000e+00
137 145 1.000000000000000000e+00
137 265 1.000000000000000000e+00
137 2184 1.000000000000000000e+00
138 74 1.000000000000000000e+00
138 134 1.000000000000000000e+00
138 137 1.000000000000000000e+00
138 140 1.000000000000000000e+00
138 146 1.000000000000000000e+00
138 266 1.000000000000000000e+00
139 75 1.000000000000000000e+00
139 135 1.000000000000000000e+00
139 141 1.000000000000000000e+00
139 147 1.000000000000000000e+00
139 267 1.000000000000000000e+00
139 2186 1.000000000000000000e+00
140 76 1.000000000000000000e+00
140 138 1.000000000000000000e+00
140 140 1.000000000000000000e+00
140 148 1.000000000000000000e+00
140 268 1.000000000000000000e+00
141 77 1.000000000000000000e+00
141 139 1.000000000000000000e+00
141 142 1.000000000000000000e+00
141 149 1.000000000000000000e+00
141 269 1.000000000000000000e+00
141 2188 1.000000000000000000e+00
142 78 1.000000000000000000e+00
142 141 1.000000000000000000e+00
142 142 1.000000000000000000e+00
142 150 1.000000000000000000e+00
142 270 1.000000000000000000e+00
143 79 1.000000000000000000e+00
143 143 1.000000000000000000e+00
143 151 1.000000000000000000e+00
143 271 1.000000000000000000e+00
143 2190 1.000000000000000000e+00
144 80 1.000000000000000000e+00
144 136 1.000000000000000000e+00
144 144 1.000000000000000000e+00
144 160 1.000000000000000000e+00
144 272 1.000000000000000000e+00
145 81 1.000000000000000000e+00
145 137 1.000000000000000000e+00
145 146 1.000000000000000000e+00
145 161 1.000000000000000000e+00
145 273 1.000000000000000000e+00
145 2192 1.000000000000000000e+00
146 82 1.000000000000000000e+00
146 138 1.000000000000000000e+00
146 145 1.000000000000000000e+00
146 148 1.000000000000000000e+00
146 162 1.000000000000000000e+00
146 274 1.000000000000000000e+00
147 83 1.000000000000000000e+00
147 139 1.000000000000000000e+00
147 149 1.000000000000000000e+00
147 163 1.000000000000000000e+00
147 275 1.000000000000000000e+00
147 2194 1.000000000000000000e+00
148 84 1.000000000000000000e+00
148 140 1.000000000000000000e+00
148 146 1.000000000000000000e+00
148 152 1.000000000000000000e+00
148 164 1.000000000000000000e+00
148 276 1.000000000000000000e+00
149 85 1.000000000000000000e+00
149 141 1.000000000000000000e+00
149 147 1.000000000000000000e+00
149 149 -1.000000000000000000e+00
149 150 1.000000000000000000e+00
149 153 1.000000000000000000e+00
149 165 1.000000000000000000e+00
149 277 1.000000000000000000e+00
149 2196 1.000000000000000000e+00
150 86 1.000000000000000000e+00
150 142 1.000000000000000000e+00
150 149 1.000000000000000000e+00
150 154 1.000000000000000000e+00
150 166 1.000000000000000000e+00
150 278 1.000000000000000000e+00
151 87 1.000000000000000000e+00
151 143 1.000000000000000000e+00
151 155 1.000000000000000000e+00
151 167 1.000000000000000000e+00
151 279 1.000000000000000000e+00
151 2198 1.000000000000000000e+00
152 88 1.000000000000000000e+00
152 148 1.000000000000000000e+00
152 152 1.000000000000000000e+00
152 168 1.000000000000000000e+00
152 280 1.000000000000000000e+00
153 89 1.000000000000000000e+00
153 149 1.000000000000000000e+00
153 154 1.000000000000000000e+00
153 169 1.000000000000000000e+00
153 281 1.000000000000000000e+00
153 2200 1.000000000000000000e+00
154 90 1.000000000000000000e+00
154 150 1.000000000000000000e+00
154 153 1.000000000000000000e+00
154 156 1.000000000000000000e+00
154 170 1.000000000000000000e+00
154 282 1.000000000000000000e+00
155 91 1.000000000000000000e+00
155 151 1.000000000000000000e+00
155 157 1.000000000000000000e+00
155 171 1.000000000000000000e+00
155 283 1.000000000000000000e+00
155 2202 1.000000000000000000e+00
156 92 1.000000000000000000e+00
156 154 1.000000000000000000e+00
156 156 1.000000000000000000e+00
156 172 1.000000000000000000e+00
156 284 1.000000000000000000e+00
157 93 1.000000000000000000e+00
157 155 1.000000000000000000e+00
157 158 1.000000000000000000e+00
157 173 1.000000000000000000e+00
157 285 1.000000000000000000e+00
157 2204 1.000000000000000000e+00
158 94 1.000000000000000000e+00
158 157 1.000000000000000000e+00
158 158 1.000000000000000000e+00
158 174 1.000000000000000000e+00
158 286 1.000000000000000000e+00
159 95 1.000000000000000000e+00
159 159 1.000000000000000000e+00
159 175 1.000000000000000000e+00
159 287 1.000000000000000000e+00
159 2206 1.000000000000000000e+00
160 96 1.000000000000000000e+00
160 144 1.000000000000000000e+00
160 160 1.000000000000000000e+00
160 192 1.000000000000000000e+00
160 288 1.000000000000000000e+00
161 97 1.000000000000000000e+00
161 145 1.000000000000000000e+00
161 162 1.000000000000000000e+00
161 193 1.000000000000000000e+00
161 289 1.000000000000000000e+00
161 2208 1.000000000000000000e+00
162 98 1.000000000000000000e+00
162 146 1.000000000000000000e+00
162 161 1.000000000000000000e+00
162 164 1.000000000000000000e+00
162 194 1.000000000000000000e+00
162 290 1.000000000000000000e+00
163 99 1.000000000000000000e+00
163 147 1.000000000000000000e+00
163 165 1.000000000000000000e+00
163 195 1.000000000000000000e+00
163 291 1.000000000000000000e+00
163 2210 1.000000000000000000e+00
164 100 1.000000000000000000e+00
164 148 1.000000000000000000e+00
164 162 1.000000000000000000e+00
164 168 1.000000000000000000e+00
164 196 1.000000000000000000e+00
164 292 1.000000000000000000e+00
165 101 1.000000000000000000e+00
165 149 1.000000000000000000e+00
165 163 1.000000000000000000e+00
165 165 -1.000000000000000000e+00
165 166 1.000000000000000000e+00
165 169 1.000000000000000000e+00
165 197 1.000000000000000000e+00
165 293 1.000000000000000000e+00
165 2212 1.000000000000000000e+00
166 102 1.000000000000000000e+00
166 150 1.000000000000000000e+00
166 165 1.000000000000000000e+00
166 170 1.000000000000000000e+00
166 198 1.000000000000000000e+00
166 294 1.000000000000000000e+00
167 103 1.000000000000000000e+00
167 151 1.000000000000000000e+00
167 171 1.000000000000000000e+00
167 199 1.000000000000000000e+00
167 295 1.000000000000000000e+00
167 2214 1.000000000000000000e+00
168 104 1.000000000000000000e+00
168 152 1.000000000000000000e+00
168 164 1.000000000000000000e+00
168 176 1.000000000000000000e+00
168 200 1.000000000000000000e+00
168 296 1.000000000000000000e+00
169 105 1.000000000000000000e+00
169 153 1.000000000000000000e+00
169 165 1.000000000000000000e+00
169 169 -1.000000000000000000e+00
169 170 1.000000000000000000e+00
169 177 1.000000000000000000e+00
169 201 1.000000000000000000e+00
169 297 1.000000000000000000e+00
169 2216 1.000000000000000000e+00
170 106 1.000000000000000000e+00
170 154 1.000000000000000000e+00
170 166 1.000000000000000000e+00
170 169 1.000000000000000000e+00
170 170 -1.000000000000000000e+00
170 172 1.000000000000000000e+00
170 178 1.000000000000000000e+00
170 202 1.000000000000000000e+00
170 298 1.000000000000000000e+00
171 107 1.000000000000000000e+00
171 155 1.000000000000000000e+00
171 167 1.000000000000000000e+00
171 171 -1.000000000000000000e+00
171 173 1.000000000000000000e+00
171 179 1.000000000000000000e+00
171 203 1.000000000000000000e+00
171 299 1.000000000000000000e+00
171 2218 1.000000000000000000e+00
172 108 1.000000000000000000e+00
172 156 1.000000000000000000e+00
172 170 1.000000000000000000e+00
172 180 1.000000000000000000e+00
172 204 1.000000000000000000e+00
172 300 1.000000000000000000e+00
173 109 1.000000000000000000e+00
173 157 1.000000000000000000e+00
173 171 1.000000000000000000e+00
173 173 -1.000000000000000000e+00
173 174 1.000000000000000000e+00
173 181 1.000000000000000000e+00
173 205 1.000000000000000000e+00
173 301 1.000000000000000000e+00
173 2220 1.000000000000000000e+00
174 110 1.000000000000000000e+00
174 158 1.000000000000000000e+00
174 173 1.000000000000000000e+00
174 182 1.000000000000000000e+00
174 206 1.000000000000000000e+00
174 302 1.000000000000000000e+00
175 111 1.000000000000000000e+00
175 159 1.000000000000000000e+00
175 183 1.000000000000000000e+00
175 207 1.000000000000000000e+00
175 303 1.000000000000000000e+00
175 2222 1.000000000000000000e+00
176 112 1.000000000000000000e+00
176 168 1.000000000000000000e+00
176 176 1.000000000000000000e+00
176 208 1.000000000000000000e+00
176 304 1.000000000000000000e+00
177 113 1.000000000000000000e+00
177 169 1.000000000000000000e+00
177 178 1.000000000000000000e+00
177 209 1.000000000000000000e+00
177 305 1.000000000000000000e+00
177 2224 1.000000000000000000e+00
178 114 1.000000000000000000e+00
178 170 1.000000000000000000e+00
178 177 1.000000000000000000e+00
178 180 1.000000000000000000e+00
178 210 1.000000000000000000e+00
178 306 1.000000000000000000e+00
179 115 1.000000000000000000e+00
179 171 1.000000000000000000e+00
179 181 1.000000000000000000e+00
179 211 1.000000000000000000e+00
179 307 1.000000000000000000e+00
179 2226 1.000000000000000000e+00
180 116 1.000000000000000000e+00
180 172 1.000000000000000000e+00
180 178 1.000000000000000000e+00
180 184 1.000000000000000000e+00
180 212 1.000000000000000000e+00
180 308 1.000000000000000000e+00
181 117 1.000000000000000000e+00
181 173 1.000000000000000000e+00
181 179 1.000000000000000000e+00
181 181 -1.000000000000000000e+00
181 182 1.000000000000000000e+00
181 185 1.000000000000000000e+00
181 213 1.000000000000000000e+00
181 309 1.000000000000000000e+00
181 2228 1.000000000000000000e+00
182 118 1.000000000000000000e+00
182 174 1.000000000000000000e+00
182 181 1.000000000000000000e+00
182 186 1.000000000000000000e+00
182 214 1.000000000000000000e+00
182 310 1.000000000000000000e+00
183 119 1.000000000000000000e+00
183 175 1.000000000000000000e+00
183 187 1.000000000000000000e+00
183 215 1.000000000000000000e+00
183 311 1.000000000000000000e+00
183 2230 1.000000000000000000e+00
184 120 1.000000000000000000e+00
184 180 1.000000000000000000e+00
184 184 1.000000000000000000e+00
184 216 1.000000000000000000e+00
184 312 1.000000000000000000e+00
185 121 1.000000000000000000e+00
185 181 1.000000000000000000e+00
185 186 1.000000000000000000e+00
185 217 1.000000000000000000e+00
185 313 1.000000000000000000e+00
185 2232 1.000000000000000000e+00
186 122 1.000000000000000000e+00
186 182 1.000000000000000000e+00
186 185 1.000000000000000000e+00
186 188 1.000000000000000000e+00
186 218 1.000000000000000000e+00
186 314 1.000000000000000000e+00
187 123 1.000000000000000000e+00
187 183 1.000000000000000000e+00
187 189 1.000000000000000000e+00
187 219 1.000000000000000000e+00
187 315 1.000000000000000000e+00
187 2234 1.000000000000000000e+00
188 124 1.000000000000000000e+00
188 186 1.000000000000000000e+00
188 188 1.000000000000000000e+00
188 220 1.000000000000000000e+00
188 316 1.000000000000000000e+00
189 125 1.000000000000000000e+00
189 187 1.000000000000000000e+00
189 190 1.000000000000000000e+00
189 221 1.000000000000000000e+00
189 317 1.000000000000000000e+00
189 2236 1.000000000000000000e+00
190 126 1.000000000000000000e+00
190 189 1.000000000000000000e+00
190 190 1.000000000000000000e+00
190 222 1.000000000000000000e+00
190 318 1.000000000000000000e+00
191 127 1.000000000000000000e+00
191 191 1.000000000000000000e+00
191 223 1.000000000000000000e+00
191 319 1.000000000000000000e+00
191 2238 1.000000000000000000e+00
192 160 1.000000000000000000e+00
192 192 2.000000000000000000e+00
192 320 1.000000000000000000e+00
193 161 1.000000000000000000e+00
193 193 1.000000000000000000e+00
193 194 1.000000000000000000e+00
193 321 1.000000000000000000e+00
193 2240 1.000000000000000000e+00
194 162 1.000000000000000000e+00
194 193 1.000000000000000000e+00
194 194 1.000000000000000000e+00
194 196 1.000000000000000000e+00
194 322 1.000000000000000000e+00
195 163 1.000000000000000000e+00
195 195 1.000000000000000000e+00
195 197 1.000000000000000000e+00
195 323 1.000000000000000000e+00
195 2242 1.000000000000000000e+00
196 164 1.000000000000000000e+00
196 194 1.000000000000000000e+00
196 196 1.000000000000000000e+00
196 200 1.000000000000000000e+00
196 324 1.000000000000000000e+00
197 165 1.000000000000000000e+00
197 195 1.000000000000000000e+00
197 198 1.000000000000000000e+00
197 201 1.000000000000000000e+00
197 325 1.000000000000000000e+00
197 2244 1.000000000000000000e+00
198 166 1.000000000000000000e+00
198 197 1.000000000000000000e+00
198 198 1.000000000000000000e+00
198 202 1.000000000000000000e+00
198 326 1.000000000000000000e+00
199 167 1.000000000000000000e+00
199 199 1.000000000000000000e+00
199 203 1.000000000000000000e+00
199 327 1.000000000000000000e+00
199 2246 1.000000000000000000e+00
200 168 1.000000000000000000e+00
200 196 1.000000000000000000e+00
200 200 1.000000000000000000e+00
200 208 1.000000000000000000e+00
200 328 1.000000000000000000e+00
201 169 1.000000000000000000e+00
201 197 1.000000000000000000e+00
201 202 1.000000000000000000e+00
201 209 1.000000000000000000e+00
201 329 1.000000000000000000e+00
201 2248 1.000000000000000000e+00
202 170 1.000000000000000000e+00
202 198 1.000000000000000000e+00
202 201 1.000000000000000000e+00
202 204 1.000000000000000000e+00
202 210 1.000000000000000000e+00
202 330 1.000000000000000000e+00
203 171 1.000000000000000000e+00
203 199 1.000000000000000000e+00
203 205 1.000000000000000000e+00
203 211 1.000000000000000000e+00
203 331 1.000000000000000000e+00
203 2250 1.000000000000000000e+00
204 172 1.000000000000000000e+00
204 202 1.000000000000000000e+00
204 204 1.000000000000000000e+00
204 212 1.000000000000000000e+00
204 332 1.000000000000000000e+00
205 173 1.000000000000000000e+00
205 203 1.000000000000000000e+00
205 206 1.000000000000000000e+00
205 213 1.000000000000000000e+00
205 333 1.000000000000000000e+00
205 2252 1.000000000000000000e+00
206 174 1.000000000000000000e+00
206 205 1.000000000000000000e+00
206 206 1.000000000000000000e+00
206 214 1.000000000000000000e+00
206 334 1.000000000000000000e+00
207 175 1.000000000000000000e+00
207 207 1.000000000000000000e+00
207 215 1.000000000000000000e+00
207 335 1.000000000000000000e+00
207 2254 1.000000000000000000e+00
208 176 1.000000000000000000e+00
208 200 1.000000000000000000e+00
208 208 1.000000000000000000e+00
208 224 1.000000000000000000e+00
208 336 1.000000000000000000e+00
209 177 1.000000000000000000e+00
209 201 1.000000000000000000e+00
209 210 1.000000000000000000e+00
209 225 1.000000000000000000e+00
209 337 1.000000000000000000e+00
209 2256 1.000000000000000000e+00
210 178 1.000000000000000000e+00
210 202 1.000000000000000000e+00
210 209 1.000000000000000000e+00
210 212 1.000000000000000000e+00
210 226 1.000000000000000000e+00
210 338 1.000000000000000000e+00
211 179 1.000000000000000000e+00
211 203 1.000000000000000000e+00
211 213 1.000000000000000000e+00
211 227 1.000000000000000000e+00
211 339 1.000000000000000000e+00
211 2258 1.000000000000000000e+00
212 180 1.000000000000000000e+00
212 204 1.000000000000000000e+00
212 210 1.000000000000000000e+00
212 216 1.000000000000000000e+00
212 228 1.000000000000000000e+00
212 340 1.000000000000000000e+00
213 181 1.000000000000000000e+00
213 205 1.000000000000000000e+00
213 211 1.000000000000000000e+00
213 213 -1.000000000000000000e+00
213 214 1.000000000000000000e+00
213 217 1.000000000000000000e+00
213 229 1.000000000000000000e+00
213 341 1.000000000000000000e+00
213 2260 1.000000000000000000e+00
214 182 1.000000000000000000e+00
214 206 1.000000000000000000e+00
214 213 1.000000000000000000e+00
214 218 1.000000000000000000e+00
214 230 1.000000000000000000e+00
214 342 1.000000000000000000e+00
215 183 1.000000000000000000e+00
215 207 1.000000000000000000e+00
215 219 1.000000000000000000e+00
215 231 1.000000000000000000e+00
215 343 1.000000000000000000e+00
215 2262 1.000000000000000000e+00
216 184 1.000000000000000000e+00
216 212 1.000000000000000000e+00
216 216 1.000000000000000000e+00
216 232 1.000000000000000000e+00
216 344 1.000000000000000000e+00
217 185 1.000000000000000000e+00
217 213 1.000000000000000000e+00
217 218 1.000000000000000000e+00
217 233 1.000000000000000000e+00
217 345 1.000000000000000000e+00
217 2264 1.000000000000000000e+00
218 186 1.000000000000000000e+00
218 214 1.000000000000000000e+00
218 217 1.000000000000000000e+00
218 220 1.000000000000000000e+00
218 234 1.000000000000000000e+00
218 346 1.000000000000000000e+00
219 187 1.000000000000000000e+00
219 215 1.000000000000000000e+00
219 221 1.000000000000000000e+00
219 235 1.000000000000000000e+00
219 347 1.000000000000000000e+00
219 2266 1.000000000000000000e+00
220 188 1.000000000000000000e+00
220 218 1.000000000000000000e+00
220 220 1.000000000000000000e+00
220 236 1.000000000000000000e+00
220 348 1.000000000000000000e+00
221 189 1.000000000000000000e+00
221 219 1.000000000000000000e+00
221 222 1.000000000000000000e+00
221 237 1.000000000000000000e+00
221 349 1.000000000000000000e+00
221 2268 1.000000000000000000e+00
222 190 1.000000000000000000e+00
222 221 1.000000000000000000e+00
222 222 1.000000000000000000e+00
222 238 1.000000000000000000e+00
222 350 1.000000000000000000e+00
223 191 1.000000000000000000e+00
223 223 1.000000000000000000e+00
223 239 1.000000000000000000e+00
223 351 1.000000000000000000e+00
223 2270 1.000000000000000000e+00
224 208 1.000000000000000000e+00
224 224 2.000000000000000000e+00
224 352 1.000000000000000000e+00
225 209 1.000000000000000000e+00
225 225 1.000000000000000000e+00
225 226 1.000000000000000000e+00
225 353 1.000000000000000000e+00
225 2272 1.000000000000000000e+00
226 210 1.000000000000000000e+00
226 225 1.000000000000000000e+00
226 226 1.000000000000000000e+00
226 228 1.000000000000000000e+00
226 354 1.000000000000000000e+00
227 211 1.000000000000000000e+00
227 227 1.000000000000000000e+00
227 229 1.000000000000000000e+00
227 355 1.000000000000000000e+00
227 2274 1.000000000000000000e+00
228 212 1.000000000000000000e+00
228 226 1.000000000000000000e+00
228 228 1.000000000000000000e+00
228 232 1.000000000000000000e+00
228 356 1.000000000000000000e+00
229 213 1.000000000000000000e+00
229 227 1.000000000000000000e+00
229 230 1.000000000000000000e+00
229 233 1.000000000000000000e+00
229 357 1.000000000000000000e+00
229 2276 1.000000000000000000e+00
230 214 1.000000000000000000e+00
230 229 1.000000000000000000e+00
230 230 1.000000000000000000e+00
230 234 1.000000000000000000e+00
230 358 1.000000000000000000e+00
231 215 1.000000000000000000e+00
231 231 1.000000000000000000e+00
231 235 1.000000000000000000e+00
231 359 1.000000000000000000e+00
231 2278 1.000000000000000000e+00
232 216 1.000000000000000000e+00
232 228 1.000000000000000000e+00
232 232 1.000000000000000000e+00
232 240 1.000000000000000000e+00
232 360 1.000000000000000000e+00
233 217 1.000000000000000000e+00
233 229 1.000000000000000000e+00
233 234 1.000000000000000000e+00
233 241 1.000000000000000000e+00
233 361 1.000000000000000000e+00
233 2280 1.000000000000000000e+00
234 218 1.000000000000000000e+00
234 230 1.000000000000000000e+00
234 233 1.000000000000000000e+00
234 236 1.000000000000000000e+00
234 242 1.000000000000000000e+00
234 362 1.000000000000000000e+00
235 219 1.000000000000000000e+00
235 231 1.000000000000000000e+00
235 237 1.000000000000000000e+00
235 243 1.000000000000000000e+00
235 363 1.000000000000000000e+00
235 2282 1.000000000000000000e+00
236 220 1.000000000000000000e+00
236 234 1.000000000000000000e+00
236 236 1.000000000000000000e+00
236 244 1.000000000000000000e+00
236 364 1.000000000000000000e+00
237 221 1.000000000000000000e+00
237 235 1.000000000000000000e+00
237 238 1.000000000000000000e+00
237 245 1.000000000000000000e+00
237 365 1.000000000000000000e+00
237 2284 1.000000000000000000e+00
238 222 1.000000000000000000e+00
238 237 1.000000000000000000e+00
238 238 1.000000000000000000e+00
238 246 1.000000000000000000e+00
238 366 1.000000000000000000e+00
239 223 1.000000000000000000e+00
239 239 1.000000000000000000e+00
239 247 1.000000000000000000e+00
239 367 1.000000000000000000e+00
239 2286 1.000000000000000000e+00
240 232 1.000000000000000000e+00
240 240 2.000000000000000000e+00
240 368 1.000000000000000000e+00
241 233 1.000000000000000000e+00
241 241 1.000000000000000000e+00
241 242 1.000000000000000000e+00
241 369 1.000000000000000000e+00
241 2288 1.000000000000000000e+00
242 234 1.000000000000000000e+00
242 241 1.000000000000000000e+00
242 242 1.000000000000000000e+00
242 244 1.000000000000000000e+00
242 370 1.000000000000000000e+00
243 235 1.000000000000000000e+00
243 243 1.000000000000000000e+00
243 245 1.000000000000000000e+00
243 371 1.000000000000000000e+00
243 2290 1.000000000000000000e+00
244 236 1.000000000000000000e+00
244 242 1.000000000000000000e+00
244 244 1.000000000000000000e+00
244 248 1.000000000000000000e+00
244 372 1.000000000000000000e+00
245 237 1.000000000000000000e+00
245 243 1.000000000000000000e+00
245 246 1.000000000000000000e+00
245 249 1.000000000000000000e+00
245 373 1.000000000000000000e+00
245 2292 1.000000000000000000e+00
246 238 1.000000000000000000e+00
246 245 1.000000000000000000e+00
246 246 1.000000000000000000e+00
246 250 1.000000000000000000e+00
246 374 1.000000000000000000e+00
247 239 1.000000000000000000e+00
247 247 1.000000000000000000e+00
247 251 1.000000000000000000e+00
247 375 1.000000000000000000e+00
247 2294 1.000000000000000000e+00
248 244 1.000000000000000000e+00
248 248 2.000000000000000000e+00
248 376 1.000000000000000000e+00
249 245 1.000000000000000000e+00
249 249 1.000000000000000000e+00
249 250 1.000000000000000000e+00
249 377 1.000000000000000000e+00
249 2296 1.000000000000000000e+00
250 246 1.000000000000000000e+00
250 249 1.000000000000000000e+00
250 250 1.000000000000000000e+00
250 252 1.000000000000000000e+00
250 378 1.000000000000000000e+00
251 247 1.000000000000000000e+00
251 251 1.000000000000000000e+00
251 253 1.000000000000000000e+00
251 379 1.000000000000000000e+00
251 2298 1.000000000000000000e+00
252 250 1.000000000000000000e+00
252 252 2.000000000000000000e+00
252 380 1.000000000000000000e+00
253 251 1.000000000000000000e+00
253 253 1.000000000000000000e+00
253 254 1.000000000000000000e+00
253 381 1.000000000000000000e+00
253 2300 1.000000000000000000e+00
254 253 1.000000000000000000e+00
254 254 2.000000000000000000e+00
254 382 1.000000000000000000e+00
255 255 2.000000000000000000e+00
255 383 1.000000000000000000e+00
255 2302 1.000000000000000000e+00
256 128 1.000000000000000000e+00
256 256 2.000000000000000000e+00
256 512 1.000000000000000000e+00
257 129 1.000000000000000000e+00
257 257 1.000000000000000000e+00
257 258 1.000000000000000000e+00
257 513 1.000000000000000000e+00
257 2304 1.000000000000000000e+00
258 130 1.000000000000000000e+00
258 257 1.000000000000000000e+00
258 258 1.000000000000000000e+00
258 260 1.000000000000000000e+00
258 514 1.000000000000000000e+00
259 131 1.000000000000000000e+00
259 259 1.000000000000000000e+00
259 261 1.000000000000000000e+00
259 515 1.000000000000000000e+00
259 2306 1.000000000000000000e+00
260 132 1.000000000000000000e+00
260 258 1.000000000000000000e+00
260 260 1.000000000000000000e+00
260 264 1.000000000000000000e+00
260 516 1.000000000000000000e+00
261 133 1.000000000000000000e+00
261 259 1.000000000000000000e+00
261 262 1.000000000000000000e+00
261 265 1.000000000000000000e+00
261 517 1.000000000000000000e+00
261 2308 1.000000000000000000e+00
262 134 1.000000000000000000e+00
262 261 1.000000000000000000e+00
262 262 1.000000000000000000e+00
262 266 1.000000000000000000e+00
262 518 1.000000000000000000e+00
263 135 1.000000000000000000e+00
263 263 1.000000000000000000e+00
263 267 1.000000000000000000e+00
263 519 1.000000000000000000e+00
263 2310 1.000000000000000000e+00
264 136 1.000000000000000000e+00
264 260 1.000000000000000000e+00
264 264 1.000000000000000000e+00
264 272 1.000000000000000000e+00
264 520 1.000000000000000000e+00
265 137 1.000000000000000000e+00
265 261 1.000000000000000000e+00
265 266 1.000000000000000000e+00
265 273 1.000000000000000000e+00
265 521 1.000000000000000000e+00
265 2312 1.000000000000000000e+00
266 138 1.000000000000000000e+00
266 262 1.000000000000000000e+00
266 265 1.000000000000000000e+00
266 268 1.000000000000000000e+00
266 274 1.000000000000000000e+00
266 522 1.000000000000000000e+00
267 139 1.000000000000000000e+00
267 263 1.000000000000000000e+00
267 269 1.000000000000000000e+00
267 275 1.000000000000000000e+00
267 523 1.000000000000000000e+00
267 2314 1.000000000000000000e+00
268 140 1.000000000000000000e+00
268 266 1.000000000000000000e+00
268 268 1.000000000000000000e+00
268 276 1.000000000000000000e+00
268 524 1.000000000000000000e+00
269 141 1.000000000000000000e+00
269 267 1.000000000000000000e+00
269 270 1.000000000000000000e+00
269 277 1.000000000000000000e+00
269 525 1.000000000000000000e+00
269 2316 1.000000000000000000e+00
270 142 1.000000000000000000e+00
270 269 1.000000000000000000e+00
270 270 1.000000000000000000e+00
270 278 1.000000000000000000e+00
270 526 1.000000000000000000e+00
271 143 1.000000000000000000e+00
271 271 1.000000000000000000e+00
271 279 1.000000000000000000e+00
271 527 1.000000000000000000e+00
271 2318 1.000000000000000000e+00
272 144 1.000000000000000000e+00
272 264 1.000000000000000000e+00
272 272 1.000000000000000000e+00
272 288 1.000000000000000000e+00
272 528 1.000000000000000000e+00
273 145 1.000000000000000000e+00
273 265 1.000000000000000000e+00
273 274 1.000000000000000000e+00
273 289 1.000000000000000000e+00
273 529 1.000000000000000000e+00
273 2320 1.000000000000000000e+00
274 146 1.000000000000000000e+00
274 266 1.000000000000000000e+00
274 273 1.000000000000000000e+00
274 276 1.000000000000000000e+00
274 290 1.000000000000000000e+00
274 530 1.000000000000000000e+00
275 147 1.000000000000000000e+00
275 267 1.000000000000000000e+00
275 277 1.000000000000000000e+00
275 291 1.000000000000000000e+00
275 531 1.000000000000000000e+00
275 2322 1.000000000000000000e+00
276 148 1.000000000000000000e+00
276 268 1.000000000000000000e+00
276 274 1.000000000000000000e+00
276 280 1.000000000000000000e+00
276 292 1.000000000000000000e+00
276 532 1.000000000000000000e+00
277 149 1.000000000000000000e+00
277 269 1.000000000000000000e+00
277 275 1.000000000000000000e+00
277 277 -1.000000000000000000e+00
277 278 1.000000000000000000e+00
277 281 1.000000000000000000e+00
277 293 1.000000000000000000e+00
277 533 1.000000000000000000e+00
277 2324 1.000000000000000000e+00
278 150 1.000000000000000000e+00
278 270 1.000000000000000000e+00
278 277 1.000000000000000000e+00
278 282 1.000000000000000000e+00
278 294 1.000000000000000000e+00
278 534 1.000000000000000000e+00
279 151 1.000000000000000000e+00
279 271 1.000000000000000000e+00
279 283 1.000000000000000000e+00
279 295 1.000000000000000000e+00
279 535 1.000000000000000000e+00
279 2326 1.000000000000000000e+00
280 152 1.000000000000000000e+00
280 276 1.000000000000000000e+00
280 280 1.000000000000000000e+00
280 296 1.000000000000000000e+00
280 536 1.000000000000000000e+00
281 153 1.000000000000000000e+00
281 277 1.000000000000000000e+00
281 282 1.000000000000000000e+00
281 297 1.000000000000000000e+00
281 537 1.000000000000000000e+00
281 2328 1.000000000000000000e+00
282 154 1.000000000000000000e+00
282 278 1.000000000000000000e+00
282 281 1.000000000000000000e+00
282 284 1.000000000000000000e+00
282 298 1.000000000000000000e+00
282 538 1.000000000000000000e+00
283 155 1.000000000000000000e+00
283 279 1.000000000000000000e+00
283 285 1.000000000000000000e+00
283 299 1.000000000000000000e+00
283 539 1.000000000000000000e+00
283 2330 1.000000000000000000e+00
284 156 1.000000000000000000e+00
284 282 1.000000000000000000e+00
284 284 1.000000000000000000e+00
284 300 1.000000000000000000e+00
284 540 1.000000000000000000e+00
285 157 1.000000000000000000e+00
285 283 1.000000000000000000e+00
285 286 1.000000000000000000e+00
285 301 1.000000000000000000e+00
285 541 1.000000000000000000e+00
285 2332 1.000000000000000000e+00
286 158 1.000000000000000000e+00
286 285 1.000000000000000000e+00
286 286 1.000000000000000000e+00
286 302 1.000000000000000000e+00
286 542 1.000000000000000000e+00
287 159 1.000000000000000000e+00
287 287 1.000000000000000000e+00
287 303 1.000000000000000000e+00
287 543 1.000000000000000000e+00
287 2334 1.000000000000000000e+00
288 160 1.000000000000000000e+00
288 272 1.000000000000000000e+00
288 288 1.000000000000000000e+00
288 320 1.000000000000000000e+00
288 544 1.000000000000000000e+00
289 161 1.000000000000000000e+00
289 273 1.000000000000000000e+00
289 290 1.000000000000000000e+00
289 321 1.000000000000000000e+00
289 545 1.000000000000000000e+00
289 2336 1.000000000000000000e+00
290 162 1.000000000000000000e+00
290 274 1.000000000000000000e+00
290 289 1.000000000000000000e+00
290 292 1.000000000000000000e+00
290 322 1.000000000000000000e+00
290 546 1.000000000000000000e+00
291 163 1.000000000000000000e+00
291 275 1.000000000000000000e+00
291 293 1.000000000000000000e+00
291 323 1.000000000000000000e+00
291 547 1.000000000000000000e+00
291 2338 1.000000000000000000e+00
292 164 1.000000000000000000e+00
292 276 1.000000000000000000e+00
292 290 1.000000000000000000e+00
292 296 1.000000000000000000e+00
292 324 1.000000000000000000e+00
292 548 1.000000000000000000e+00
293 165 1.000000000000000000e+00
293 277 1.000000000000000000e+00
293 291 1.000000000000000000e+00
293 293 -1.000000000000000000e+00
293 294 1.000000000000000000e+00
293 297 1.000000000000000000e+00
293 325 1.000000000000000000e+00
293 549 1.000000000000000000e+00
293 2340 1.000000000000000000e+00
294 166 1.000000000000000000e+00
294 278 1.000000000000000000e+00
294 293 1.000000000000000000e+00
294 298 1.000000000000000000e+00
294 326 1.000000000000000000e+00
294 550 1.000000000000000000e+00
295 167 1.000000000000000000e+00
295 279 1.000000000000000000e+00
295 299 1.000000000000000000e+00
295 327 1.000000000000000000e+00
295 551 1.000000000000000000e+00
295 2342 1.000000000000000000e+00
296 168 1.000000000000000000e+00
296 280 1.000000000000000000e+00
296 292 1.000000000000000000e+00
296 304 1.000000000000000000e+00
296 328 1.000000000000000000e+00
296 552 1.000000000000000000e+00
297 169 1.000000000000000000e+00
297 281 1.000000000000000000e+00
297 293 1.000000000000000000e+00
297 297 -1.000000000000000000e+00
297 298 1.000000000000000000e+00
297 305 1.000000000000000000e+00
297 329 1.000000000000000000e+00
297 553 1.000000000000000000e+00
297 2344 1.000000000000000000e+00
298 170 1.000000000000000000e+00
298 282 1.000000000000000000e+00
298 294 1.000000000000000000e+00
298 297 1.000000000000000000e+00
298 298 -1.000000000000000000e+00
298 300 1.000000000000000000e+00
298 306 1.000000000000000000e+00
298 330 1.000000000000000000e+00
298 554 1.000000000000000000e+00
299 171 1.000000000000000000e+00
299 283 1.000000000000000000e+00
299 295 1.000000000000000000e+00
299 299 -1.000000000000000000e+00
299 301 1.000000000000000000e+00
299 307 1.000000000000000000e+00
299 331 1.000000000000000000e+00
299 555 1.000000000000000000e+00
299 2346 1.000000000000000000e+00
300 172 1.000000000000000000e+00
300 284 1.000000000000000000e+00
300 298 1.000000000000000000e+00
300 308 1.000000000000000000e+00
300 332 1.000000000000000000e+00
300 556 1.000000000000000000e+00
301 173 1.000000000000000000e+00
301 285 1.000000000000000000e+00
301 299 1.000000000000000000e+00
301 301 -1.000000000000000000e+00
301 302 1.000000000000000000e+00
301 309 1.000000000000000000e+00
301 333 1.000000000000000000e+00
301 557 1.000000000000000000e+00
301 2348 1.000000000000000000e+00
302 174 1.000000000000000000e+00
302 286 1.000000000000000000e+00
302 301 1.000000000000000000e+00
302 310 1.000000000000000000e+00
302 334 1.000000000000000000e+00
302 558 1.000000000000000000e+00
303 175 1.000000000000000000e+00
303 287 1.000000000000000000e+00
303 311 1.000000000000000000e+00
303 335 1.000000000000000000e+00
303 559 1.000000000000000000e+00
303 2350 1.000000000000000000e+00
304 176 1.000000000000000000e+00
304 296 1.000000000000000000e+00
304 304 1.000000000000000000e+00
304 336 1.000000000000000000e+00
304 560 1.000000000000000000e+00
305 177 1.000000000000000000e+00
305 297 1.000000000000000000e+00
305 306 1.000000000000000000e+00
305 337 1.000000000000000000e+00
305 561 1.000000000000000000e+00
305 2352 1.000000000000000000e+00
306 178 1.000000000000000000e+00
306 298 1.000000000000000000e+00
306 305 1.000000000000000000e+00
306 308 1.000000000000000000e+00
306 338 1.000000000000000000e+00
306 562 1.000000000000000000e+00
307 179 1.000000000000000000e+00
307 299 1.000000000000000000e+00
307 309 1.000000000000000000e+00
307 339 1.000000000000000000e+00
307 563 1.000000000000000000e+00
307 2354 1.000000000000000000e+00
308 180 1.000000000000000000e+00
308 300 1.000000000000000000e+00
308 306 1.000000000000000000e+00
308 312 1.000000000000000000e+00
308 340 1.000000000000000000e+00
308 564 1.000000000000000000e+00
309 181 1.000000000000000000e+00
309 301 1.000000000000000000e+00
309 307 1.000000000000000000e+00
309 309 -1.000000000000000000e+00
309 310 1.000000000000000000e+00
309 313 1.000000000000000000e+00
309 341 1.000000000000000000e+00
309 565 1.000000000000000000e+00
309 2356 1.000000000000000000e+00
310 182 1.000000000000000000e+00
310 302 1.000000000000000000e+00
310 309 1.000000000000000000e+00
310 314 1.000000000000000000e+00
310 342 1.000000000000000000e+00
310 566 1.000000000000000000e+00
311 183 1.000000000000000000e+00
311 303 1.000000000000000000e+00
311 315 1.000000000000000000e+00
311 343 1.000000000000000000e+00
311 567 1.000000000000000000e+00
311 2358 1.000000000000000000e+00
312 184 1.000000000000000000e+00
312 308 1.000000000000000000e+00
312 312 1.000000000000000000e+00
312 344 1.000000000000000000e+00
312 568 1.000000000000000000e+00
313 185 1.000000000000000000e+00
313 309 1.000000000000000000e+00
313 314 1.000000000000000000e+00
313 345 1.000000000000000000e+00
313 569 1.000000000000000000e+00
313 2360 1.000000000000000000e+00
314 186 1.000000000000000000e+00
314 310 1.000000000000000000e+00
314 313 1.000000000000000000e+00
314 316 1.000000000000000000e+00
314 346 1.000000000000000000e+00
314 570 1.000000000000000000e+00
315 187 1.000000000000000000e+00
315 311 1.000000000000000000e+00
315 317 1.000000000000000000e+00
315 347 1.000000000000000000e+00
315 571 1.000000000000000000e+00
315 2362 1.000000000000000000e+00
316 188 1.000000000000000000e+00
316 314 1.000000000000000000e+00
316 316 1.000000000000000000e+00
316 348 1.000000000000000000e+00
316 572 1.000000000000000000e+00
317 189 1.000000000000000000e+00
317 315 1.000000000000000000e+00
317 318 1.000000000000000000e+00
317 349 1.000000000000000000e+00
317 573 1.000000000000000000e+00
317 2364 1.000000000000000000e+00
318 190 1.000000000000000000e+00
318 317 1.000000000000000000e+00
318 318 1.000000000000000000e+00
318 350 1.000000000000000000e+00
318 574 1.000000000000000000e+00
319 191 1.000000000000000000e+00
319 319 1.000000000000000000e+00
319 351 1.000000000000000000e+00
319 575 1.000000000000000000e+00
319 2366 1.000000000000000000e+00
320 192 1.000000000000000000e+00
320 288 1.000000000000000000e+00
320 320 1.000000000000000000e+00
320 384 1.000000000000000000e+00
320 576 1.000000000000000000e+00
321 193 1.000000000000000000e+00
321 289 1.000000000000000000e+00
321 322 1.000000000000000000e+00
321 385 1.000000000000000000e+00
321 577 1.000000000000000000e+00
321 2368 1.000000000000000000e+00
322 194 1.000000000000000000e+00
322 290 1.000000000000000000e+00
322 321 1.000000000000000000e+00
322 324 1.000000000000000000e+00
322 386 1.000000000000000000e+00
322 578 1.000000000000000000e+00
323 195 1.000000000000000000e+00
323 291 1.000000000000000000e+00
323 325 1.000000000000000000e+00
323 387 1.000000000000000000e+00
323 579 1.000000000000000000e+00
323 2370 1.000000000000000000e+00
324 196 1.000000000000000000e+00
324 292 1.000000000000000000e+00
324 322 1.000000000000000000e+00
324 328 1.000000000000000000e+00
324 388 1.000000000000000000e+00
324 580 1.000000000000000000e+00
325 197 1.000000000000000000e+00
325 293 1.000000000000000000e+00
325 323 1.000000000000000000e+00
325 325 -1.000000000000000000e+00
325 326 1.000000000000000000e+00
325 329 1.000000000000000000e+00
325 389 1.000000000000000000e+00
325 581 1.000000000000000000e+00
325 2372 1.000000000000000000e+00
326 198 1.000000000000000000e+00
326 294 1.000000000000000000e+00
326 325 1.000000000000000000e+00
326 330 1.000000000000000000e+00
326 390 1.000000000000000000e+00
326 582 1.000000000000000000e+00
327 199 1.000000000000000000e+00
327 295 1.000000000000000000e+00
327 331 1.000000000000000000e+00
327 391 1.000000000000000000e+00
327 583 1.000000000000000000e+00
327 2374 1.000000000000000000e+00
328 200 1.000000000000000000e+00
328 296 1.000000000000000000e+00
328 324 1.000000000000000000e+00
328 336 1.000000000000000000e+00
328 392 1.000000000000000000e+00
328 584 1.000000000000000000e+00
329 201 1.000000000000000000e+00
329 297 1.000000000000000000e+00
329 325 1.000000000000000000e+00
329 329 -1.000000000000000000e+00
329 330 1.000000000000000000e+00
329 337 1.000000000000000000e+00
329 393 1.000000000000000000e+00
329 585 1.000000000000000000e+00
329 2376 1.000000000000000000e+00
330 202 1.000000000000000000e+00
330 298 1.000000000000000000e+00
330 326 1.000000000000000000e+00
330 329 1.000000000000000000e+00
330 330 -1.000000000000000000e+00
330 332 1.000000000000000000e+00
330 338 1.000000000000000000e+00
330 394 1.000000000000000000e+00
330 586 1.000000000000000000e+00
331 203 1.000000000000000000e+00
331 299 1.000000000000000000e+00
331 327 1.000000000000000000e+00
331 331 -1.000000000000000000e+00
331 333 1.000000000000000000e+00
331 339 1.000000000000000000e+00
331 395 1.000000000000000000e+00
331 587 1.000000000000000000e+00
331 2378 1.000000000000000000e+00
332 204 1.000000000000000000e+00
332 300 1.000000000000000000e+00
332 330 1.000000000000000000e+00
332 340 1.000000000000000000e+00
332 396 1.000000000000000000e+00
332 588 1.000000000000000000e+00
333 205 1.000000000000000000e+00
333 301 1.000000000000000000e+00
333 331 1.000000000000000000e+00
333 333 -1.000000000000000000e+00
333 334 1.000000000000000000e+00
333 341 1.000000000000000000e+00
333 397 1.000000000000000000e+00
333 589 1.000000000000000000e+00
333 2380 1.000000000000000000e+00
334 206 1.000000000000000000e+00
334 302 1.000000000000000000e+00
334 333 1.000000000000000000e+00
334 342 1.000000000000000000e+00
334 398 1.000000000000000000e+00
334 590 1.000000000000000000e+00
335 207 1.000000000000000000e+00
335 303 1.000000000000000000e+00
335 343 1.000000000000000000e+00
335 399 1.000000000000000000e+00
335 591 1.000000000000000000e+00
335 2382 1.000000000000000000e+00
336 208 1.000000000000000000e+00
336 304 1.000000000000000000e+00
336 328 1.000000000000000000e+00
336 352 1.000000000000000000e+00
336 400 1.000000000000000000e+00
336 592 1.000000000000000000e+00
337 209 1.000000000000000000e+00
337 305 1.000000000000000000e+00
337 329 1.000000000000000000e+00
337 337 -1.000000000000000000e+00
337 338 1.000000000000000000e+00
337 353 1.000000000000000000e+00
337 401 1.000000000000000000e+00
337 593 1.000000000000000000e+00
337 2384 1.000000000000000000e+00
338 210 1.000000000000000000e+00
338 306 1.000000000000000000e+00
338 330 1.000000000000000000e+00
338 337 1.000000000000000000e+00
338 338 -1.000000000000000000e+00
338 340 1.000000000000000000e+00
338 354 1.000000000000000000e+00
338 402 1.000000000000000000e+00
338 594 1.000000000000000000e+00
339 211 1.000000000000000000e+00
339 307 1.000000000000000000e+00
339 331 1.000000000000000000e+00
339 339 -1.000000000000000000e+00
339 341 1.000000000000000000e+00
339 355 1.000000000000000000e+00
339 403 1.000000000000000000e+00
339 595 1.000000000000000000e+00
339 2386 1.000000000000000000e+00
340 212 1.000000000000000000e+00
340 308 1.000000000000000000e+00
340 332 1.000000000000000000e+00
340 338 1.000000000000000000e+00
340 340 -1.000000000000000000e+00
340 344 1.000000000000000000e+00
340 356 1.000000000000000000e+00
340 404 1.000000000000000000e+00
340 596 1.000000000000000000e+00
341 213 1.000000000000000000e+00
341 309 1.000000000000000000e+00
341 333 1.000000000000000000e+00
341 339 1.000000000000000000e+00
341 341 -2.000000000000000000e+00
341 342 1.000000000000000000e+00
341 345 1.000000000000000000e+00
341 357 1.000000000000000000e+00
341 405 1.000000000000000000e+00
341 597 1.000000000000000000e+00
341 2388 1.000000000000000000e+00
342 214 1.000000000000000000e+00
342 310 1.000000000000000000e+00
342 334 1.000000000000000000e+00
342 341 1.000000000000000000e+00
342 342 -1.000000000000000000e+00
342 346 1.000000000000000000e+00
342 358 1.000000000000000000e+00
342 406 1.000000000000000000e+00
342 598 1.000000000000000000e+00
343 215 1.000000000000000000e+00
343 311 1.000000000000000000e+00
343 335 1.000000000000000000e+00
343 343 -1.000000000000000000e+00
343 347 1.000000000000000000e+00
343 359 1.000000000000000000e+00
343 407 1.000000000000000000e+00
343 599 1.000000000000000000e+00
343 2390 1.000000000000000000e+00
344 216 1.000000000000000000e+00
344 312 1.000000000000000000e+00
344 340 1.000000000000000000e+00
344 360 1.000000000000000000e+00
344 408 1.000000000000000000e+00
344 600 1.000000000000000000e+00
345 217 1.000000000000000000e+00
345 313 1.000000000000000000e+00
345 341 1.000000000000000000e+00
345 345 -1.000000000000000000e+00
345 346 1.000000000000000000e+00
345 361 1.000000000000000000e+00
345 409 1.000000000000000000e+00
345 601 1.000000000000000000e+00
345 2392 1.000000000000000000e+00
346 218 1.000000000000000000e+00
346 314 1.000000000000000000e+00
346 342 1.000000000000000000e+00
346 345 1.000000000000000000e+00
346 346 -1.000000000000000000e+00
346 348 1.000000000000000000e+00
346 362 1.000000000000000000e+00
346 410 1.000000000000000000e+00
346 602 1.000000000000000000e+00
347 219 1.000000000000000000e+00
347 315 1.000000000000000000e+00
347 343 1.000000000000000000e+00
347 347 -1.000000000000000000e+00
347 349 1.000000000000000000e+00
347 363 1.000000000000000000e+00
347 411 1.000000000000000000e+00
347 603 1.000000000000000000e+00
347 2394 1.000000000000000000e+00
348 220 1.000000000000000000e+00
348 316 1.000000000000000000e+00
348 346 1.000000000000000000e+00
348 364 1.000000000000000000e+00
348 412 1.000000000000000000e+00
348 604 1.000000000000000000e+00
349 221 1.000000000000000000e+00
349 317 1.000000000000000000e+00
349 347 1.000000000000000000e+00
349 349 -1.000000000000000000e+00
349 350 1.000000000000000000e+00
349 365 1.000000000000000000e+00
349 413 1.000000000000000000e+00
349 605 1.000000000000000000e+00
349 2396 1.000000000000000000e+00
350 222 1.000000000000000000e+00
350 318 1.000000000000000000e+00
350 349 1.000000000000000000e+00
350 366 1.000000000000000000e+00
350 414 1.000000000000000000e+00
350 606 1.000000000000000000e+00
351 223 1.000000000000000000e+00
351 319 1.000000000000000000e+00
351 367 1.000000000000000000e+00
351 415 1.000000000000000000e+00
351 607 1.000000000000000000e+00
351 2398 1.000000000000000000e+00
352 224 1.000000000000000000e+00
352 336 1.000000000000000000e+00
352 352 1.000000000000000000e+00
352 416 1.000000000000000000e+00
352 608 1.000000000000000000e+00
353 225 1.000000000000000000e+00
353 337 1.000000000000000000e+00
353 354 1.000000000000000000e+00
353 417 1.000000000000000000e+00
353 609 1.000000000000000000e+00
353 2400 1.000000000000000000e+00
354 226 1.000000000000000000e+00
354 338 1.000000000000000000e+00
354 353 1.000000000000000000e+00
354 356 1.000000000000000000e+00
354 418 1.000000000000000000e+00
354 610 1.000000000000000000e+00
355 227 1.000000000000000000e+00
355 339 1.000000000000000000e+00
355 357 1.000000000000000000e+00
355 419 1.000000000000000000e+00
355 611 1.000000000000000000e+00
355 2402 1.000000000000000000e+00
356 228 1.000000000000000000e+00
356 340 1.000000000000000000e+00
356 354 1.000000000000000000e+00
356 360 1.000000000000000000e+00
356 420 1.000000000000000000e+00
356 612 1.000000000000000000e+00
357 229 1.000000000000000000e+00
357 341 1.000000000000000000e+00
357 355 1.000000000000000000e+00
357 357 -1.000000000000000000e+00
357 358 1.000000000000000000e+00
357 361 1.000000000000000000e+00
357 421 1.000000000000000000e+00
357 613 1.000000000000000000e+00
357 2404 1.000000000000000000e+00
358 230 1.000000000000000000e+00
358 342 1.000000000000000000e+00
358 357 1.000000000000000000e+00
358 362 1.000000000000000000e+00
358 422 1.000000000000000000e+00
358 614 1.000000000000000000e+00
359 231 1.000000000000000000e+00
359 343 1.000000000000000000e+00
359 363 1.000000000000000000e+00
359 423 1.000000000000000000e+00
359 615 1.000000000000000000e+00
359 2406 1.000000000000000000e+00
360 232 1.000000000000000000e+00
360 344 1.000000000000000000e+00
360 356 1.000000000000000000e+00
360 368 1.000000000000000000e+00
360 424 1.000000000000000000e+00
360 616 1.000000000000000000e+00
361 233 1.000000000000000000e+00
361 345 1.000000000000000000e+00
361 357 1.000000000000000000e+00
361 361 -1.000000000000000000e+00
361 362 1.000000000000000000e+00
361 369 1.000000000000000000e+00
361 425 1.000000000000000000e+00
361 617 1.000000000000000000e+00
361 2408 1.000000000000000000e+00
362 234 1.000000000000000000e+00
362 346 1.000000000000000000e+00
362 358 1.000000000000000000e+00
362 361 1.000000000000000000e+00
362 362 -1.000000000000000000e+00
362 364 1.000000000000000000e+00
362 370 1.000000000000000000e+00
362 426 1.000000000000000000e+00
362 618 1.000000000000000000e+00
363 235 1.000000000000000000e+00
363 347 1.000000000000000000e+00
363 359 1.000000000000000000e+00
363 363 -1.000000000000000000e+00
363 365 1.000000000000000000e+00
363 371 1.000000000000000000e+00
363 427 1.000000000000000000e+00
363 619 1.000000000000000000e+00
363 2410 1.000000000000000000e+00
364 236 1.000000000000000000e+00
364 348 1.000000000000000000e+00
364 362 1.000000000000000000e+00
364 372 1.000000000000000000e+00
364 428 1.000000000000000000e+00
364 620 1.000000000000000000e+00
365 237 1.000000000000000000e+00
365 349 1.000000000000000000e+00
365 363 1.000000000000000000e+00
365 365 -1.000000000000000000e+00
365 366 1.000000000000000000e+00
365 373 1.000000000000000000e+00
365 429 1.000000000000000000e+00
365 621 1.000000000000000000e+00
365 2412 1.000000000000000000e+00
366 238 1.000000000000000000e+00
366 350 1.000000000000000000e+00
366 365 1.000000000000000000e+00
366 374 1.000000000000000000e+00
366 430 1.000000000000000000e+00
366 622 1.000000000000000000e+00
367 239 1.000000000000000000e+00
367 351 1.000000000000000000e+00
367 375 1.000000000000000000e+00
367 431 1.000000000000000000e+00
367 623 1.000000000000000000e+00
367 2414 1.000000000000000000e+00
368 240 1.000000000000000000e+00
368 360 1.000000000000000000e+00
368 368 1.000000000000000000e+00
368 432 1.000000000000000000e+00
368 624 1.000000000000000000e+00
369 241 1.000000000000000000e+00
369 361 1.000000000000000000e+00
369 370 1.000000000000000000e+00
369 433 1.000000000000000000e+00
369 625 1.000000000000000000e+00
369 2416 1.000000000000000000e+00
370 242 1.000000000000000000e+00
370 362 1.000000000000000000e+00
370 369 1.000000000000000000e+00
370 372 1.000000000000000000e+00
370 434 1.000000000000000000e+00
370 626 1.000000000000000000e+00
371 243 1.000000000000000000e+00
371 363 1.000000000000000000e+00
371 373 1.000000000000000000e+00
371 435 1.000000000000000000e+00
371 627 1.000000000000000000e+00
371 2418 1.000000000000000000e+00
372 244 1.000000000000000000e+00
372 364 1.000000000000000000e+00
372 370 1.000000000000000000e+00
372 376 1.000000000000000000e+00
372 436 1.000000000000000000e+00
372 628 1.000000000000000000e+00
373 245 1.000000000000000000e+00
373 365 1.000000000000000000e+00
373 371 1.000000000000000000e+00
373 373 -1.000000000000000000e+00
373 374 1.000000000000000000e+00
373 377 1.000000000000000000e+00
373 437 1.000000000000000000e+00
373 629 1.000000000000000000e+00
373 2420 1.000000000000000000e+00
374 246 1.000000000000000000e+00
374 366 1.000000000000000000e+00
374 373 1.000000000000000000e+00
374 378 1.000000000000000000e+00
374 438 1.000000000000000000e+00
374 630 1.000000000000000000e+00
375 247 1.000000000000000000e+00
375 367 1.000000000000000000e+00
375 379 1.000000000000000000e+00
375 439 1.000000000000000000e+00
375 631 1.000000000000000000e+00
375 2422 1.000000000000000000e+00
376 248 1.000000000000000000e+00
376 372 1.000000000000000000e+00
376 376 1.000000000000000000e+00
376 440 1.000000000000000000e+00
376 632 1.000000000000000000e+00
377 249 1.000000000000000000e+00
377 373 1.000000000000000000e+00
377 378 1.000000000000000000e+00
377 441 1.000000000000000000e+00
377 633 1.000000000000000000e+00
377 2424 1.000000000000000000e+00
378 250 1.000000000000000000e+00
378 374 1.000000000000000000e+00
378 377 1.000000000000000000e+00
378 380 1.000000000000000000e+00
378 442 1.000000000000000000e+00
378 634 1.000000000000000000e+00
379 251 1.000000000000000000e+00
379 375 1.000000000000000000e+00
379 381 1.000000000000000000e+00
379 443 1.000000000000000000e+00
379 635 1.000000000000000000e+00
379 2426 1.000000000000000000e+00
380 252 1.000000000000000000e+00
380 378 1.000000000000000000e+00
380 380 1.000000000000000000e+00
380 444 1.000000000000000000e+00
380 636 1.000000000000000000e+00
381 253 1.000000000000000000e+00
381 379 1.000000000000000000e+00
381 382 1.000000000000000000e+00
381 445 1.000000000000000000e+00
381 637 1.000000000000000000e+00
381 2428 1.000000000000000000e+00
382 254 1.000000000000000000e+00
382 381 1.000000000000000000e+00
382 382 1.000000000000000000e+00
382 446 1.000000000000000000e+00
382 638 1.000000000000000000e+00
383 255 1.000000000000000000e+00
383 383 1.000000000000000000e+00
383 447 1.000000000000000000e+00
383 639 1.000000000000000000e+00
383 2430 1.000000000000000000e+00
384 320 1.000000000000000000e+00
384 384 2.000000000000000000e+00
384 640 1.000000000000000000e+00
385 321 1.000000000000000000e+00
385 385 1.000000000000000000e+00
385 386 1.000000000000000000e+00
385 641 1.000000000000000000e+00
385 2432 1.000000000000000000e+00
386 322 1.000000000000000000e+00
386 385 1.000000000000000000e+00
386 386 1.000000000000000000e+00
386 388 1.000000000000000000e+00
386 642 1.000000000000000000e+00
387 323 1.000000000000000000e+00
387 387 1.000000000000000000e+00
387 389 1.000000000000000000e+00
387 643 1.000000000000000000e+00
387 2434 1.000000000000000000e+00
388 324 1.000000000000000000e+00
388 386 1.000000000000000000e+00
388 388 1.000000000000000000e+00
388 392 1.000000000000000000e+00
388 644 1.000000000000000000e+00
389 325 1.000000000000000000e+00
389 387 1.000000000000000000e+00
389 390 1.000000000000000000e+00
389 393 1.000000000000000000e+00
389 645 1.000000000000000000e+00
389 2436 1.000000000000000000e+00
390 326 1.000000000000000000e+00
390 389 1.000000000000000000e+00
390 390 1.000000000000000000e+00
390 394 1.000000000000000000e+00
390 646 1.000000000000000000e+00
391 327 1.000000000000000000e+00
391 391 1.000000000000000000e+00
391 395 1.000000000000000000e+00
391 647 1.000000000000000000e+00
391 2438 1.000000000000000000e+00
392 328 1.000000000000000000e+00
392 388 1.000000000000000000e+00
392 392 1.000000000000000000e+00
392 400 1.000000000000000000e+00
392 648 1.000000000000000000e+00
393 329 1.000000000000000000e+00
393 389 1.000000000000000000e+00
393 394 1.000000000000000000e+00
393 401 1.000000000000000000e+00
393 649 1.000000000000000000e+00
393 2440 1.000000000000000000e+00
394 330 1.000000000000000000e+00
394 390 1.000000000000000000e+00
394 393 1.000000000000000000e+00
394 396 1.000000000000000000e+00
394 402 1.000000000000000000e+00
394 650 1.000000000000000000e+00
395 331 1.000000000000000000e+00
395 391 1.000000000000000000e+00
395 397 1.000000000000000000e+00
395 403 1.000000000000000000e+00
395 651 1.000000000000000000e+00
395 2442 1.000000000000000000e+00
396 332 1.000000000000000000e+00
396 394 1.000000000000000000e+00
396 396 1.000000000000000000e+00
396 404 1.000000000000000000e+00
396 652 1.000000000000000000e+00
397 333 1.000000000000000000e+00
397 395 1.000000000000000000e+00
397 398 1.000000000000000000e+00
397 405 1.000000000000000000e+00
397 653 1.000000000000000000e+00
397 2444 1.000000000000000000e+00
398 334 1.000000000000000000e+00
398 397 1.000000000000000000e+00
398 398 1.000000000000000000e+00
398 406 1.000000000000000000e+00
398 654 1.000000000000000000e+00
399 335 1.000000000000000000e+00
399 399 1.000000000000000000e+00
399 407 1.000000000000000000e+00
399 655 1.000000000000000000e+00
399 2446 1.000000000000000000e+00
400 336 1.000000000000000000e+00
400 392 1.000000000000000000e+00
400 400 1.000000000000000000e+00
400 416 1.000000000000000000e+00
400 656 1.000000000000000000e+00
401 337 1.000000000000000000e+00
401 393 1.000000000000000000e+00
401 402 1.000000000000000000e+00
401 417 1.000000000000000000e+00
401 657 1.000000000000000000e+00
401 2448 1.000000000000000000e+00
402 338 1.000000000000000000e+00
402 394 1.000000000000000000e+00
402 401 1.000000000000000000e+00
402 404 1.000000000000000000e+00
402 418 1.000000000000000000e+00
402 658 1.000000000000000000e+00
403 339 1.000000000000000000e+00
403 395 1.000000000000000000e+00
403 405 1.000000000000000000e+00
403 419 1.000000000000000000e+00
403 659 1.000000000000000000e+00
403 2450 1.000000000000000000e+00
404 340 1.000000000000000000e+00
404 396 1.000000000000000000e+00
404 402 1.000000000000000000e+00
404 408 1.000000000000000000e+00
404 420 1.000000000000000000e+00
404 660 1.000000000000000000e+00
405 341 1.000000000000000000e+00
405 397 1.000000000000000000e+00
405 403 1.000000000000000000e+00
405 405 -1.000000000000000000e+00
405 406 1.000000000000000000e+00
405 409 1.000000000000000000e+00
405 421 1.000000000000000000e+00
405 661 1.000000000000000000e+00
405 2452 1.000000000000000000e+00
406 342 1.000000000000000000e+00
406 398 1.000000000000000000e+00
406 405 1.000000000000000000e+00
406 410 1.000000000000000000e+00
406 422 1.000000000000000000e+00
406 662 1.000000000000000000e+00
407 343 1.000000000000000000e+00
407 399 1.000000000000000000e+00
407 411 1.000000000000000000e+00
407 423 1.000000000000000000e+00
407 663 1.000000000000000000e+00
407 2454 1.000000000000000000e+00
408 344 1.000000000000000000e+00
408 404 1.000000000000000000e+00
408 408 1.000000000000000000e+00
408 424 1.000000000000000000e+00
408 664 1.000000000000000000e+00
409 345 1.000000000000000000e+00
409 405 1.000000000000000000e+00
409 410 1.000000000000000000e+00
409 425 1.000000000000000000e+00
409 665 1.000000000000000000e+00
409 2456 1.000000000000000000e+00
410 346 1.000000000000000000e+00
410 406 1.000000000000000000e+00
410 409 1.000000000000000000e+00
410 412 1.000000000000000000e+00
410 426 1.000000000000000000e+00
410 666 1.000000000000000000e+00
411 347 1.000000000000000000e+00
411 407 1.000000000000000000e+00
411 413 1.000000000000000000e+00
411 427 1.000000000000000000e+00
411 667 1.000000000000000000e+00
411 2458 1.000000000000000000e+00
412 348 1.000000000000000000e+00
412 410 1.000000000000000000e+00
412 412 1.000000000000000000e+00
412 428 1.000000000000000000e+00
412 668 1.000000000000000000e+00
413 349 1.000000000000000000e+00
413 411 1.000000000000000000e+00
413 414 1.000000000000000000e+00
413 429 1.000000000000000000e+00
413 669 1.000000000000000000e+00
413 2460 1.000000000000000000e+00
414 350 1.000000000000000000e+00
414 413 1.000000000000000000e+00
414 414 1.000000000000000000e+00
414 430 1.000000000000000000e+00
414 670 1.000000000000000000e+00
415 351 1.000000000000000000e+00
415 415 1.000000000000000000e+00
415 431 1.000000000000000000e+00
415 671 1.000000000000000000e+00
415 2462 1.000000000000000000e+00
416 352 1.000000000000000000e+00
416 400 1.000000000000000000e+00
416 416 1.000000000000000000e+00
416 448 1.000000000000000000e+00
416 672 1.000000000000000000e+00
417 353 1.000000000000000000e+00
417 401 1.000000000000000000e+00
417 418 1.000000000000000000e+00
417 449 1.000000000000000000e+00
417 673 1.000000000000000000e+00
417 2464 1.000000000000000000e+00
418 354 1.000000000000000000e+00
418 402 1.000000000000000000e+00
418 417 1.000000000000000000e+00
418 420 1.000000000000000000e+00
418 450 1.000000000000000000e+00
418 674 1.000000000000000000e+00
419 355 1.000000000000000000e+00
419 403 1.000000000000000000e+00
419 421 1.000000000000000000e+00
419 451 1.000000000000000000e+00
419 675 1.000000000000000000e+00
419 2466 1.000000000000000000e+00
420 356 1.000000000000000000e+00
420 404 1.000000000000000000e+00
420 418 1.000000000000000000e+00
420 424 1.000000000000000000e+00
420 452 1.000000000000000000e+00
420 676 1.000000000000000000e+00
421 357 1.000000000000000000e+00
421 405 1.000000000000000000e+00
421 419 1.000000000000000000e+00
421 421 -1.000000000000000000e+00
421 422 1.000000000000000000e+00
421 425 1.000000000000000000e+00
421 453 1.000000000000000000e+00
421 677 1.000000000000000000e+00
421 2468 1.000000000000000000e+00
422 358 1.000000000000000000e+00
422 406 1.000000000000000000e+00
422 421 1.000000000000000000e+00
422 426 1.000000000000000000e+00
422 454 1.000000000000000000e+00
422 678 1.000000000000000000e+00
423 359 1.000000000000000000e+00
423 407 1.000000000000000000e+00
423 427 1.000000000000000000e+00
423 455 1.000000000000000000e+00
423 679 1.000000000000000000e+00
423 2470 1.000000000000000000e+00
424 360 1.000000000000000000e+00
424 408 1.000000000000000000e+00
424 420 1.000000000000000000e+00
424 432 1.000000000000000000e+00
424 456 1.000000000000000000e+00
424 680 1.000000000000000000e+00
425 361 1.000000000000000000e+00
425 409 1.000000000000000000e+00
425 421 1.000000000000000000e+00
425 425 -1.000000000000000000e+00
425 426 1.000000000000000000e+00
425 433 1.000000000000000000e+00
425 457 1.000000000000000000e+00
425 681 1.000000000000000000e+00
425 2472 1.000000000000000000e+00
426 362 1.000000000000000000e+00
426 410 1.000000000000000000e+00
426 422 1.000000000000000000e+00
426 425 1.000000000000000000e+00
426 426 -1.000000000000000000e+00
426 428 1.000000000000000000e+00
426 434 1.000000000000000000e+00
426 458 1.000000000000000000e+00
426 682 1.000000000000000000e+00
427 363 1.000000000000000000e+00
427 411 1.000000000000000000e+00
427 423 1.000000000000000000e+00
427 427 -1.000000000000000000e+00
427 429 1.000000000000000000e+00
427 435 1.000000000000000000e+00
427 459 1.000000000000000000e+00
427 683 1.000000000000000000e+00
427 2474 1.000000000000000000e+00
428 364 1.000000000000000000e+00
428 412 1.000000000000000000e+00
428 426 1.000000000000000000e+00
428 436 1.000000000000000000e+00
428 460 1.000000000000000000e+00
428 684 1.000000000000000000e+00
429 365 1.000000000000000000e+00
429 413 1.000000000000000000e+00
429 427 1.000000000000000000e+00
429 429 -1.000000000000000000e+00
429 430 1.000000000000000000e+00
429 437 1.000000000000000000e+00
429 461 1.000000000000000000e+00
429 685 1.000000000000000000e+00
429 2476 1.000000000000000000e+00
430 366 1.000000000000000000e+00
430 414 1.000000000000000000e+00
430 429 1.000000000000000000e+00
430 438 1.000000000000000000e+00
430 462 1.000000000000000000e+00
430 686 1.000000000000000000e+00
431 367 1.000000000000000000e+00
431 415 1.000000000000000000e+00
431 439 1.000000000000000000e+00
431 463 1.000000000000000000e+00
431 687 1.000000000000000000e+00
431 2478 1.000000000000000000e+00
432 368 1.000000000000000000e+00
432 424 1.000000000000000000e+00
432 432 1.000000000000000000e+00
432 464 1.000000000000000000e+00
432 688 1.000000000000000000e+00
433 369 1.000000000000000000e+00
433 425 1.000000000000000000e+00
433 434 1.000000000000000000e+00
433 465 1.000000000000000000e+00
433 689 1.000000000000000000e+00
433 2480 1.000000000000000000e+00
434 370 1.000000000000000000e+00
434 426 1.000000000000000000e+00
434 433 1.000000000000000000e+00
434 436 1.000000000000000000e+00
434 466 1.000000000000000000e+00
434 690 1.000000000000000000e+00
435 371 1.000000000000000000e+00
435 427 1.000000000000000000e+00
435 437 1.000000000000000000e+00
435 467 1.000000000000000000e+00
435 691 1.000000000000000000e+00
435 2482 1.000000000000000000e+00
436 372 1.000000000000000000e+00
436 428 1.000000000000000000e+00
436 434 1.000000000000000000e+00
436 440 1.000000000000000000e+00
436 468 1.000000000000000000e+00
436 692 1.000000000000000000e+00
437 373 1.000000000000000000e+00
437 429 1.000000000000000000e+00
437 435 1.000000000000000000e+00
437 437 -1.000000000000000000e+00
437 438 1.000000000000000000e+00
437 441 1.000000000000000000e+00
437 469 1.000000000000000000e+00
437 693 1.000000000000000000e+00
437 2484 1.000000000000000000e+00
438 374 1.000000000000000000e+00
438 430 1.000000000000000000e+00
438 437 1.000000000000000000e+00
438 442 1.000000000000000000e+00
438 470 1.000000000000000000e+00
438 694 1.000000000000000000e+00
439 375 1.000000000000000000e+00
439 431 1.000000000000000000e+00
439 443 1.000000000000000000e+00
439 471 1.000000000000000000e+00
439 695 1.000000000000000000e+00
439 2486 1.000000000000000000e+00
440 376 1.000000000000000000e+00
440 436 1.000000000000000000e+00
440 440 1.000000000000000000e+00
440 472 1.000000000000000000e+00
440 696 1.000000000000000000e+00
441 377 1.000000000000000000e+00
441 437 1.000000000000000000e+00
441 442 1.000000000000000000e+00
441 473 1.000000000000000000e+00
441 697 1.000000000000000000e+00
441 2488 1.000000000000000000e+00
442 378 1.000000000000000000e+00
442 438 1.000000000000000000e+00
442 441 1.000000000000000000e+00
442 444 1.000000000000000000e+00
442 474 1.000000000000000000e+00
442 698 1.000000000000000000e+00
443 379 1.000000000000000000e+00
443 439 1.000000000000000000e+00
443 445 1.000000000000000000e+00
443 475 1.000000000000000000e+00
443 699 1.000000000000000000e+00
443 2490 1.000000000000000000e+00
444 380 1.000000000000000000e+00
444 442 1.000000000000000000e+00
444 444 1.000000000000000000e+00
444 476 1.000000000000000000e+00
444 700 1.000000000000000000e+00
445 381 1.000000000000000000e+00
445 443 1.000000000000000000e+00
445 446 1.000000000000000000e+00
445 477 1.000000000000000000e+00
445 701 1.000000000000000000e+00
445 2492 1.000000000000000000e+00
446 382 1.000000000000000000e+00
446 445 1.000000000000000000e+00
446 446 1.000000000000000000e+00
446 478 1.000000000000000000e+00
446 702 1.000000000000000000e+00
447 383 1.000000000000000000e+00
447 447 1.000000000000000000e+00
447 479 1.000000000000000000e+00
447 703 1.000000000000000000e+00
447 2494 1.000000000000000000e+00
448 416 1.000000000000000000e+00
448 448 2.000000000000000000e+00
448 704 1.000000000000000000e+00
449 417 1.000000000000000000e+00
449 449 1.000000000000000000e+00
449 450 1.000000000000000000e+00
449 705 1.000000000000000000e+00
449 2496 1.000000000000000000e+00
450 418 1.000000000000000000e+00
450 449 1.000000000000000000e+00
450 450 1.000000000000000000e+00
450 452 1.000000000000000000e+00
450 706 1.000000000000000000e+00
451 419 1.000000000000000000e+00
451 451 1.000000000000000000e+00
451 453 1.000000000000000000e+00
451 707 1.000000000000000000e+00
451 2498 1.000000000000000000e+00
452 420 1.000000000000000000e+00
452 450 1.000000000000000000e+00
452 452 1.000000000000000000e+00
452 456 1.000000000000000000e+00
452 708 1.000000000000000000e+00
453 421 1.000000000000000000e+00
453 451 1.000000000000000000e+00
453 454 1.000000000000000000e+00
453 457 1.000000000000000000e+00
453 709 1.000000000000000000e+00
453 2500 1.000000000000000000e+00
454 422 1.000000000000000000e+00
454 453 1.000000000000000000e+00
454 454 1.000000000000000000e+00
454 458 1.000000000000000000e+00
454 710 1.000000000000000000e+00
455 423 1.000000000000000000e+00
455 455 1.000000000000000000e+00
455 459 1.000000000000000000e+00
455 711 1.000000000000000000e+00
455 2502 1.000000000000000000e+00
456 424 1.000000000000000000e+00
456 452 1.000000000000000000e+00
456 456 1.000000000000000000e+00
456 464 1.000000000000000000e+00
456 712 1.000000000000000000e+00
457 425 1.000000000000000000e+00
457 453 1.000000000000000000e+00
457 458 1.000000000000000000e+00
457 465 1.000000000000000000e+00
457 713 1.000000000000000000e+00
457 2504 1.000000000000000000e+00
458 426 1.000000000000000000e+00
458 454 1.000000000000000000e+00
458 457 1.000000000000000000e+00
458 460 1.000000000000000000e+00
458 466 1.000000000000000000e+00
458 714 1.000000000000000000e+00
459 427 1.000000000000000000e+00
459 455 1.000000000000000000e+00
459 461 1.000000000000000000e+00
459 467 1.000000000000000000e+00
459 715 1.000000000000000000e+00
459 2506 1.000000000000000000e+00
460 428 1.000000000000000000e+00
460 458 1.000000000000000000e+00
460 460 1.000000000000000000e+00
460 468 1.000000000000000000e+00
460 716 1.000000000000000000e+00
461 429 1.000000000000000000e+00
461 459 1.000000000000000000e+00
461 462 1.000000000000000000e+00
461 469 1.000000000000000000e+00
461 717 1.000000000000000000e+00
461 2508 1.000000000000000000e+00
462 430 1.000000000000000000e+00
462 461 1.000000000000000000e+00
462 462 1.000000000000000000e+00
462 470 1.000000000000000000e+00
462 718 1.000000000000000000e+00
463 431 1.000000000000000000e+00
463 463 1.000000000000000000e+00
463 471 1.000000000000000000e+00
463 719 1.000000000000000000e+00
463 2510 1.000000000000000000e+00
464 432 1.000000000000000000e+00
464 456 1.000000000000000000e+00
464 464 1.000000000000000000e+00
464 480 1.000000000000000000e+00
464 720 1.000000000000000000e+00
465 433 1.000000000000000000e+00
465 457 1.000000000000000000e+00
465 466 1.000000000000000000e+00
465 481 1.000000000000000000e+00
465 721 1.000000000000000000e+00
465 2512 1.000000000000000000e+00
466 434 1.000000000000000000e+00
466 458 1.000000000000000000e+00
466 465 1.000000000000000000e+00
466 468 1.000000000000000000e+00
466 482 1.000000000000000000e+00
466 722 1.000000000000000000e+00
467 435 1.000000000000000000e+00
467 459 1.000000000000000000e+00
467 469 1.000000000000000000e+00
467 483 1.000000000000000000e+00
467 723 1.000000000000000000e+00
467 2514 1.000000000000000000e+00
468 436 1.000000000000000000e+00
468 460 1.000000000000000000e+00
468 466 1.000000000000000000e+00
468 472 1.000000000000000000e+00
468 484 1.000000000000000000e+00
468 724 1.000000000000000000e+00
469 437 1.000000000000000000e+00
469 461 1.000000000000000000e+00
469 467 1.000000000000000000e+00
469 469 -1.000000000000000000e+00
469 470 1.000000000000000000e+00
469 473 1.000000000000000000e+00
469 485 1.000000000000000000e+00
469 725 1.000000000000000000e+00
469 2516 1.000000000000000000e+00
470 438 1.000000000000000000e+00
470 462 1.000000000000000000e+00
470 469 1.000000000000000000e+00
470 474 1.000000000000000000e+00
470 486 1.000000000000000000e+00
470 726 1.000000000000000000e+00
471 439 1.000000000000000000e+00
471 463 1.000000000000000000e+00
471 475 1.000000000000000000e+00
471 487 1.000000000000000000e+00
471 727 1.000000000000000000e+00
471 2518 1.000000000000000000e+00
472 440 1.000000000000000000e+00
472 468 1.000000000000000000e+00
472 472 1.000000000000000000e+00
472 488 1.000000000000000000e+00
472 728 1.000000000000000000e+00
473 441 1.000000000000000000e+00
473 469 1.000000000000000000e+00
473 474 1.000000000000000000e+00
473 489 1.000000000000000000e+00
473 729 1.000000000000000000e+00
473 2520 1.000000000000000000e+00
474 442 1.000000000000000000e+00
474 470 1.000000000000000000e+00
474 473 1.000000000000000000e+00
474 476 1.000000000000000000e+00
474 490 1.000000000000000000e+00
474 730 1.000000000000000000e+00
475 443 1.000000000000000000e+00
475 471 1.000000000000000000e+00
475 477 1.000000000000000000e+00
475 491 1.000000000000000000e+00
475 731 1.000000000000000000e+00
475 2522 1.000000000000000000e+00
476 444 1.000000000000000000e+00
476 474 1.000000000000000000e+00
476 476 1.000000000000000000e+00
476 492 1.000000000000000000e+00
476 732 1.000000000000000000e+00
477 445 1.000000000000000000e+00
477 475 1.000000000000000000e+00
477 478 1.000000000000000000e+00
477 493 1.000000000000000000e+00
477 733 1.000000000000000000e+00
477 2524 1.000000000000000000e+00
478 446 1.000000000000000000e+00
478 477 1.000000000000000000e+00
478 478 1.000000000000000000e+00
478 494 1.000000000000000000e+00
478 734 1.000000000000000000e+00
479 447 1.000000000000000000e+00
479 479 1.000000000000000000e+00
479 495 1.000000000000000000e+00
479 735 1.000000000000000000e+00
479 2526 1.000000000000000000e+00
480 464 1.000000000000000000e+00
480 480 2.000000000000000000e+00
480 736 1.000000000000000000e+00
481 465 1.000000000000000000e+00
481 481 1.000000000000000000e+00
481 482 1.000000000000000000e+00
481 737 1.000000000000000000e+00
481 2528 1.000000000000000000e+00
482 466 1.000000000000000000e+00
482 481 1.000000000000000000e+00
482 482 1.000000000000000000e+00
482 484 1.000000000000000000e+00
482 738 1.000000000000000000e+00
483 467 1.000000000000000000e+00
483 483 1.000000000000000000e+00
483 485 1.000000000000000000e+00
483 739 1.000000000000000000e+00
483 2530 1.000000000000000000e+00
484 468 1.000000000000000000e+00
484 482 1.000000000000000000e+00
484 484 1.000000000000000000e+00
484 488 1.000000000000000000e+00
484 740 1.000000000000000000e+00
485 469 1.000000000000000000e+00
485 483 1.000000000000000000e+00
485 486 1.000000000000000000e+00
485 489 1.000000000000000000e+00
485 741 1.000000000000000000e+00
485 2532 1.000000000000000000e+00
486 470 1.000000000000000000e+00
486 485 1.000000000000000000e+00
486 486 1.000000000000000000e+00
486 490 1.000000000000000000e+00
486 742 1.000000000000000000e+00
487 471 1.000000000000000000e+00
487 487 1.000000000000000000e+00
487 491 1.000000000000000000e+00
487 743 1.000000000000000000e+00
487 2534 1.000000000000000000e+00
488 472 1.000000000000000000e+00
488 484 1.000000000000000000e+00
488 488 1.000000000000000000e+00
488 496 1.000000000000000000e+00
488 744 1.000000000000000000e+00
489 473 1.000000000000000000e+00
489 485 1.000000000000000000e+00
489 490 1.000000000000000000e+00
489 497 1.000000000000000000e+00
489 745 1.000000000000000000e+00
489 2536 1.000000000000000000e+00
490 474 1.000000000000000000e+00
490 486 1.000000000000000000e+00
490 489 1.000000000000000000e+00
490 492 1.000000000000000000e+00
490 498 1.000000000000000000e+00
490 746 1.000000000000000000e+00
491 475 1.000000000000000000e+00
491 487 1.000000000000000000e+00
491 493 1.000000000000000000e+00
491 499 1.000000000000000000e+00
491 747 1.000000000000000000e+00
491 2538 1.000000000000000000e+00
492 476 1.000000000000000000e+00
492 490 1.000000000000000000e+00
492 492 1.000000000000000000e+00
492 500 1.000000000000000000e+00
492 748 1.000000000000000000e+00
493 477 1.000000000000000000e+00
493 491 1.000000000000000000e+00
493 494 1.000000000000000000e+00
493 501 1.000000000000000000e+00
493 749 1.000000000000000000e+00
493 2540 1.000000000000000000e+00
494 478 1.000000000000000000e+00
494 493 1.000000000000000000e+00
494 494 1.000000000000000000e+00
494 502 1.000000000000000000e+00
494 750 1.000000000000000000e+00
495 479 1.000000000000000000e+00
495 495 1.000000000000000000e+00
495 503 1.000000000000000000e+00
495 751 1.000000000000000000e+00
495 2542 1.000000000000000000e+00
496 488 1.000000000000000000e+00
496 496 2.000000000000000000e+00
496 752 1.000000000000000000e+00
497 489 1.000000000000000000e+00
497 497 1.000000000000000000e+00
497 498 1.000000000000000000e+00
497 753 1.000000000000000000e+00
497 2544 1.000000000000000000e+00
498 490 1.000000000000000000e+00
498 497 1.000000000000000000e+00
498 498 1.000000000000000000e+00
498 500 1.000000000000000000e+00
498 754 1.000000000000000000e+00
499 491 1.000000000000000000e+00
499 499 1.000000000000000000e+00
499 501 1.000000000000000000e+00
499 755 1.000000000000000000e+00
499 2546 1.000000000000000000e+00
500 492 1.000000000000000000e+00
500 498 1.000000000000000000e+00
500 500 1.000000000000000000e+00
500 504 1.000000000000000000e+00
500 756 1.000000000000000000e+00
501 493 1.000000000000000000e+00
501 499 1.000000000000000000e+00
501 502 1.000000000000000000e+00
501 505 1.000000000000000000e+00
501 757 1.000000000000000000e+00
501 2548 1.000000000000000000e+00
502 494 1.000000000000000000e+00
502 501 1.000000000000000000e+00
502 502 1.000000000000000000e+00
502 506 1.000000000000000000e+00
502 758 1.000000000000000000e+00
503 495 1.000000000000000000e+00
503 503 1.000000000000000000e+00
503 507 1.000000000000000000e+00
503 759 1.000000000000000000e+00
503 2550 1.000000000000000000e+00
504 500 1.000000000000000000e+00
504 504 2.000000000000000000e+00
504 760 1.000000000000000000e+00
505 501 1.000000000000000000e+00
505 505 1.000000000000000000e+00
505 506 1.000000000000000000e+00
505 761 1.000000000000000000e+00
505 2552 1.000000000000000000e+00
506 502 1.000000000000000000e+00
506 505 1.000000000000000000e+00
506 506 1.000000000000000000e+00
506 508 1.000000000000000000e+00
506 762 1.000000000000000000e+00
507 503 1.000000000000000000e+00
507 507 1.000000000000000000e+00
507 509 1.000000000000000000e+00
507 763 1.000000000000000000e+00
507 2554 1.000000000000000000e+00
508 506 1.000000000000000000e+00
508 508 2.000000000000000000e+00
508 764 1.000000000000000000e+00
509 507 1.000000000000000000e+00
509 509 1.000000000000000000e+00
509 510 1.000000000000000000e+00
509 765 1.000000000000000000e+00
509 2556 1.000000000000000000e+00
510 509 1.000000000000000000e+00
510 510 2.000000000000000000e+00
510 766 1.000000000000000000e+00
511 511 2.000000000000000000e+00
511 767 1.000000000000000000e+00
511 2558 1.000000000000000000e+00
512 256 1.000000000000000000e+00
512 512 2.000000000000000000e+00
512 1024 1.000000000000000000e+00
513 257 1.000000000000000000e+00
513 513 1.000000000000000000e+00
513 514 1.000000000000000000e+00
513 1025 1.000000000000000000e+00
513 2560 1.000000000000000000e+00
514 258 1.000000000000000000e+00
514 513 1.000000000000000000e+00
514 514 1.000000000000000000e+00
514 516 1.000000000000000000e+00
514 1026 1.000000000000000000e+00
515 259 1.000000000000000000e+00
515 515 1.000000000000000000e+00
515 517 1.000000000000000000e+00
515 1027 1.000000000000000000e+00
515 2562 1.000000000000000000e+00
516 260 1.000000000000000000e+00
516 514 1.000000000000000000e+00
516 516 1.000000000000000000e+00
516 520 1.000000000000000000e+00
516 1028 1.000000000000000000e+00
517 261 1.000000000000000000e+00
517 515 1.000000000000000000e+00
517 518 1.000000000000000000e+00
517 521 1.000000000000000000e+00
517 1029 1.000000000000000000e+00
517 2564 1.000000000000000000e+00
518 262 1.000000000000000000e+00
518 517 1.000000000000000000e+00
518 518 1.000000000000000000e+00
518 522 1.000000000000000000e+00
518 1030 1.000000000000000000e+00
519 263 1.000000000000000000e+00
519 519 1.000000000000000000e+00
519 523 1.000000000000000000e+00
519 1031 1.000000000000000000e+00
519 2566 1.000000000000000000e+00
520 264 1.000000000000000000e+00
520 516 1.000000000000000000e+00
520 520 1.000000000000000000e+00
520 528 1.000000000000000000e+00
520 1032 1.000000000000000000e+00
521 265 1.000000000000000000e+00
521 517 1.000000000000000000e+00
521 522 1.000000000000000000e+00
521 529 1.000000000000000000e+00
521 1033 1.000000000000000000e+00
521 2568 1.000000000000000000e+00
522 266 1.000000000000000000e+00
522 518 1.000000000000000000e+00
522 521 1.000000000000000000e+00
522 524 1.000000000000000000e+00
522 530 1.000000000000000000e+00
522 1034 1.000000000000000000e+00
523 267 1.000000000000000000e+00
523 519 1.000000000000000000e+00
523 525 1.000000000000000000e+00
523 531 1.000000000000000000e+00
523 1035 1.000000000000000000e+00
523 2570 1.000000000000000000e+00
524 268 1.000000000000000000e+00
524 522 1.000000000000000000e+00
524 524 1.000000000000000000e+00
524 532 1.000000000000000000e+00
524 1036 1.000000000000000000e+00
525 269 1.000000000000000000e+00
525 523 1.000000000000000000e+00
525 526 1.000000000000000000e+00
525 533 1.000000000000000000e+00
525 1037 1.000000000000000000e+00
525 2572 1.000000000000000000e+00
526 270 1.000000000000000000e+00
526 525 1.000000000000000000e+00
526 526 1.000000000000000000e+00
526 534 1.000000000000000000e+00
526 1038 1.000000000000000000e+00
527 271 1.000000000000000000e+00
527 527 1.000000000000000000e+00
527 535 1.000000000000000000e+00
527 1039 1.000000000000000000e+00
527 2574 1.000000000000000000e+00
528 272 1.000000000000000000e+00
528 520 1.000000000000000000e+00
528 528 1.000000000000000000e+00
528 544 1.000000000000000000e+00
528 1040 1.000000000000000000e+00
529 273 1.000000000000000000e+00
529 521 1.000000000000000000e+00
529 530 1.000000000000000000e+00
529 545 1.000000000000000000e+00
529 1041 1.000000000000000000e+00
529 2576 1.000000000000000000e+00
530 274 1.000000000000000000e+00
530 522 1.000000000000000000e+00
530 529 1.000000000000000000e+00
530 532 1.000000000000000000e+00
530 546 1.000000000000000000e+00
530 1042 1.000000000000000000e+00
531 275 1.000000000000000000e+00
531 523 1.000000000000000000e+00
531 533 1.000000000000000000e+00
531 547 1.000000000000000000e+00
531 1043 1.000000000000000000e+00
531 2578 1.000000000000000000e+00
532 276 1.000000000000000000e+00
532 524 1.000000000000000000e+00
532 530 1.000000000000000000e+00
532 536 1.000000000000000000e+00
532 548 1.000000000000000000e+00
532 1044 1.000000000000000000e+00
533 277 1.000000000000000000e+00
533 525 1.000000000000000000e+00
533 531 1.000000000000000000e+00
533 533 -1.000000000000000000e+00
533 534 1.000000000000000000e+00
533 537 1.000000000000000000e+00
533 549 1.000000000000000000e+00
533 1045 1.000000000000000000e+00
533 2580 1.000000000000000000e+00
534 278 1.000000000000000000e+00
534 526 1.000000000000000000e+00
534 533 1.000000000000000000e+00
534 538 1.000000000000000000e+00
534 550 1.000000000000000000e+00
534 1046 1.000000000000000000e+00
535 279 1.000000000000000000e+00
535 527 1.000000000000000000e+00
535 539 1.000000000000000000e+00
535 551 1.000000000000000000e+00
535 1047 1.000000000000000000e+00
535 2582 1.000000000000000000e+00
536 280 1.000000000000000000e+00
536 532 1.000000000000000000e+00
536 536 1.000000000000000000e+00
536 552 1.000000000000000000e+00
536 1048 1.000000000000000000e+00
537 281 1.000000000000000000e+00
537 533 1.000000000000000000e+00
537 538 1.000000000000000000e+00
537 553 1.000000000000000000e+00
537 1049 1.000000000000000000e+00
537 2584 1.000000000000000000e+00
538 282 1.000000000000000000e+00
538 534 1.000000000000000000e+00
538 537 1.000000000000000000e+00
538 540 1.000000000000000000e+00
538 554 1.000000000000000000e+00
538 1050 1.000000000000000000e+00
539 283 1.000000000000000000e+00
539 535 1.000000000000000000e+00
539 541 1.000000000000000000e+00
539 555 1.000000000000000000e+00
539 1051 1.000000000000000000e+00
539 2586 1.000000000000000000e+00
540 284 1.000000000000000000e+00
540 538 1.000000000000000000e+00
540 540 1.000000000000000000e+00
540 556 1.000000000000000000e+00
540 1052 1.000000000000000000e+00
541 285 1.000000000000000000e+00
541 539 1.000000000000000000e+00
541 542 1.000000000000000000e+00
541 557 1.000000000000000000e+00
541 1053 1.000000000000000000e+00
541 2588 1.000000000000000000e+00
542 286 1.000000000000000000e+00
542 541 1.000000000000000000e+00
542 542 1.000000000000000000e+00
542 558 1.000000000000000000e+00
542 1054 1.000000000000000000e+00
543 287 1.000000000000000000e+00
543 543 1.000000000000000000e+00
543 559 1.000000000000000000e+00
543 1055 1.000000000000000000e+00
543 2590 1.000000000000000000e+00
544 288 1.000000000000000000e+00
544 528 1.000000000000000000e+00
544 544 1.000000000000000000e+00
544 576 1.000000000000000000e+00
544 1056 1.000000000000000000e+00
545 289 1.000000000000000000e+00
545 529 1.000000000000000000e+00
545 546 1.000000000000000000e+00
545 577 1.000000000000000000e+00
545 1057 1.000000000000000000e+00
545 2592 1.000000000000000000e+00
546 290 1.000000000000000000e+00
546 530 1.000000000000000000e+00
546 545 1.000000000000000000e+00
546 548 1.000000000000000000e+00
546 578 1.000000000000000000e+00
546 1058 1.000000000000000000e+00
547 291 1.000000000000000000e+00
547 531 1.000000000000000000e+00
547 549 1.000000000000000000e+00
547 579 1.000000000000000000e+00
547 1059 1.000000000000000000e+00
547 2594 1.000000000000000000e+00
548 292 1.000000000000000000e+00
548 532 1.000000000000000000e+00
548 546 1.000000000000000000e+00
548 552 1.000000000000000000e+00
548 580 1.000000000000000000e+00
548 1060 1.000000000000000000e+00
549 293 1.000000000000000000e+00
549 533 1.000000000000000000e+00
549 547 1.000000000000000000e+00
549 549 -1.000000000000000000e+00
549 550 1.000000000000000000e+00
549 553 1.000000000000000000e+00
549 581 1.000000000000000000e+00
549 1061 1.000000000000000000e+00
549 2596 1.000000000000000000e+00
550 294 1.000000000000000000e+00
550 534 1.000000000000000000e+00
550 549 1.000000000000000000e+00
550 554 1.000000000000000000e+00
550 582 1.000000000000000000e+00
550 1062 1.000000000000000000e+00
551 295 1.000000000000000000e+00
551 535 1.000000000000000000e+00
551 555 1.000000000000000000e+00
551 583 1.000000000000000000e+00
551 1063 1.000000000000000000e+00
551 2598 1.000000000000000000e+00
552 296 1.000000000000000000e+00
552 536 1.000000000000000000e+00
552 548 1.000000000000000000e+00
552 560 1.000000000000000000e+00
552 584 1.000000000000000000e+00
552 1064 1.000000000000000000e+00
553 297 1.000000000000000000e+00
553 537 1.000000000000000000e+00
553 549 1.000000000000000000e+00
553 553 -1.000000000000000000e+00
553 554 1.000000000000000000e+00
553 561 1.000000000000000000e+00
553 585 1.000000000000000000e+00
553 1065 1.000000000000000000e+00
553 2600 1.000000000000000000e+00
554 298 1.000000000000000000e+00
554 538 1.000000000000000000e+00
554 550 1.000000000000000000e+00
554 553 1.000000000000000000e+00
554 554 -1.000000000000000000e+00
554 556 1.000000000000000000e+00
554 562 1.000000000000000000e+00
554 586 1.000000000000000000e+00
554 1066 1.000000000000000000e+00
555 299 1.000000000000000000e+00
555 539 1.000000000000000000e+00
555 551 1.000000000000000000e+00
555 555 -1.000000000000000000e+00
555 557 1.000000000000000000e+00
555 563 1.000000000000000000e+00
555 587 1.000000000000000000e+00
555 1067 1.000000000000000000e+00
555 2602 1.000000000000000000e+00
556 300 1.000000000000000000e+00
556 540 1.000000000000000000e+00
556 554 1.000000000000000000e+00
556 564 1.000000000000000000e+00
556 588 1.000000000000000000e+00
556 1068 1.000000000000000000e+00
557 301 1.000000000000000000e+00
557 541 1.000000000000000000e+00
557 555 1.000000000000000000e+00
557 557 -1.000000000000000000e+00
557 558 1.000000000000000000e+00
557 565 1.000000000000000000e+00
557 589 1.000000000000000000e+00
557 1069 1.000000000000000000e+00
557 2604 1.000000000000000000e+00
558 302 1.000000000000000000e+00
558 542 1.000000000000000000e+00
558 557 1.000000000000000000e+00
558 566 1.000000000000000000e+00
558 590 1.000000000000000000e+00
558 1070 1.000000000000000000e+00
559 303 1.000000000000000000e+00
559 543 1.000000000000000000e+00
559 567 1.000000000000000000e+00
559 591 1.000000000000000000e+00
559 1071 1.000000000000000000e+00
559 2606 1.000000000000000000e+00
560 304 1.000000000000000000e+00
560 552 1.000000000000000000e+00
560 560 1.000000000000000000e+00
560 592 1.000000000000000000e+00
560 1072 1.000000000000000000e+00
561 305 1.000000000000000000e+00
561 553 1.000000000000000000e+00
561 562 1.000000000000000000e+00
561 593 1.000000000000000000e+00
561 1073 1.000000000000000000e+00
561 2608 1.000000000000000000e+00
562 306 1.000000000000000000e+00
562 554 1.000000000000000000e+00
562 561 1.000000000000000000e+00
562 564 1.000000000000000000e+00
562 594 1.000000000000000000e+00
562 1074 1.000000000000000000e+00
563 307 1.000000000000000000e+00
563 555 1.000000000000000000e+00
563 565 1.000000000000000000e+00
563 595 1.000000000000000000e+00
563 1075 1.000000000000000000e+00
563 2610 1.000000000000000000e+00
564 308 1.000000000000000000e+00
564 556 1.000000000000000000e+00
564 562 1.000000000000000000e+00
564 568 1.000000000000000000e+00
564 596 1.000000000000000000e+00
564 1076 1.000000000000000000e+00
565 309 1.000000000000000000e+00
565 557 1.000000000000000000e+00
565 563 1.000000000000000000e+00
565 565 -1.000000000000000000e+00
565 566 1.000000000000000000e+00
565 569 1.000000000000000000e+00
565 597 1.000000000000000000e+00
565 1077 1.000000000000000000e+00
565 2612 1.000000000000000000e+00
566 310 1.000000000000000000e+00
566 558 1.000000000000000000e+00
566 565 1.000000000000000000e+00
566 570 1.000000000000000000e+00
566 598 1.000000000000000000e+00
566 1078 1.000000000000000000e+00
567 311 1.000000000000000000e+00
567 559 1.000000000000000000e+00
567 571 1.000000000000000000e+00
567 599 1.000000000000000000e+00
567 1079 1.000000000000000000e+00
567 2614 1.000000000000000000e+00
568 312 1.000000000000000000e+00
568 564 1.000000000000000000e+00
568 568 1.000000000000000000e+00
568 600 1.000000000000000000e+00
568 1080 1.000000000000000000e+00
569 313 1.000000000000000000e+00
569 565 1.000000000000000000e+00
569 570 1.000000000000000000e+00
569 601 1.000000000000000000e+00
569 1081 1.000000000000000000e+00
569 2616 1.000000000000000000e+00
570 314 1.000000000000000000e+00
570 566 1.000000000000000000e+00
570 569 1.000000000000000000e+00
570 572 1.000000000000000000e+00
570 602 1.000000000000000000e+00
570 1082 1.000000000000000000e+00
571 315 1.000000000000000000e+00
571 567 1.000000000000000000e+00
571 573 1.000000000000000000e+00
571 603 1.000000000000000000e+00
571 1083 1.000000000000000000e+00
571 2618 1.000000000000000000e+00
572 316 1.000000000000000000e+00
572 570 1.000000000000000000e+00
572 572 1.000000000000000000e+00
572 604 1.000000000000000000e+00
572 1084 1.000000000000000000e+00
573 317 1.000000000000000000e+00
573 571 1.000000000000000000e+00
573 574 1.000000000000000000e+00
573 605 1.000000000000000000e+00
573 1085 1.000000000000000000e+00
573 2620 1.000000000000000000e+00
574 318 1.000000000000000000e+00
574 573 1.000000000000000000e+00
574 574 1.000000000000000000e+00
574 606 1.000000000000000000e+00
574 1086 1.000000000000000000e+00
575 319 1.000000000000000000e+00
575 575 1.000000000000000000e+00
575 607 1.000000000000000000e+00
575 1087 1.000000000000000000e+00
575 2622 1.000000000000000000e+00
576 320 1.000000000000000000e+00
576 544 1.000000000000000000e+00
576 576 1.000000000000000000e+00
576 640 1.000000000000000000e+00
576 1088 1.000000000000000000e+00
577 321 1.000000000000000000e+00
577 545 1.000000000000000000e+00
577 578 1.000000000000000000e+00
577 641 1.000000000000000000e+00
577 1089 1.000000000000000000e+00
577 2624 1.000000000000000000e+00
578 322 1.000000000000000000e+00
578 546 1.000000000000000000e+00
578 577 1.000000000000000000e+00
578 580 1.000000000000000000e+00
578 642 1.000000000000000000e+00
578 1090 1.000000000000000000e+00
579 323 1.000000000000000000e+00
579 547 1.000000000000000000e+00
579 581 1.000000000000000000e+00
579 643 1.000000000000000000e+00
579 1091 1.000000000000000000e+00
579 2626 1.000000000000000000e+00
580 324 1.000000000000000000e+00
580 548 1.000000000000000000e+00
580 578 1.000000000000000000e+00
580 584 1.000000000000000000e+00
580 644 1.000000000000000000e+00
580 1092 1.000000000000000000e+00
581 325 1.000000000000000000e+00
581 549 1.000000000000000000e+00
581 579 1.000000000000000000e+00
581 581 -1.000000000000000000e+00
581 582 1.000000000000000000e+00
581 585 1.000000000000000000e+00
581 645 1.000000000000000000e+00
581 1093 1.000000000000000000e+00
581 2628 1.000000000000000000e+00
582 326 1.000000000000000000e+00
582 550 1.000000000000000000e+00
582 581 1.000000000000000000e+00
582 586 1.000000000000000000e+00
582 646 1.000000000000000000e+00
582 1094 1.000000000000000000e+00
583 327 1.000000000000000000e+00
583 551 1.000000000000000000e+00
583 587 1.000000000000000000e+00
583 647 1.000000000000000000e+00
583 1095 1.000000000000000000e+00
583 2630 1.000000000000000000e+00
584 328 1.000000000000000000e+00
584 552 1.000000000000000000e+00
584 580 1.000000000000000000e+00
584 592 1.000000000000000000e+00
584 648 1.000000000000000000e+00
584 1096 1.000000000000000000e+00
585 329 1.000000000000000000e+00
585 553 1.000000000000000000e+00
585 581 1.000000000000000000e+00
585 585 -1.000000000000000000e+00
585 586 1.000000000000000000e+00
585 593 1.000000000000000000e+00
585 649 1.000000000000000000e+00
585 1097 1.000000000000000000e+00
585 2632 1.000000000000000000e+00
586 330 1.000000000000000000e+00
586 554 1.000000000000000000e+00
586 582 1.000000000000000000e+00
586 585 1.000000000000000000e+00
586 586 -1.000000000000000000e+00
586 588 1.000000000000000000e+00
586 594 1.000000000000000000e+00
586 650 1.000000000000000000e+00
586 1098 1.000000000000000000e+00
587 331 1.000000000000000000e+00
587 555 1.000000000000000000e+00
587 583 1.000000000000000000e+00
587 587 -1.000000000000000000e+00
587 589 1.000000000000000000e+00
587 595 1.000000000000000000e+00
587 651 1.000000000000000000e+00
587 1099 1.000000000000000000e+00
587 2634 1.000000000000000000e+00
588 332 1.000000000000000000e+00
588 556 1.000000000000000000e+00
588 586 1.000000000000000000e+00
588 596 1.000000000000000000e+00
588 652 1.000000000000000000e+00
588 1100 1.000000000000000000e+00
589 333 1.000000000000000000e+00
589 557 1.000000000000000000e+00
589 587 1.000000000000000000e+00
589 589 -1.000000000000000000e+00
589 590 1.000000000000000000e+00
589 597 1.000000000000000000e+00
589 653 1.000000000000000000e+00
589 1101 1.000000000000000000e+00
589 2636 1.000000000000000000e+00
590 334 1.000000000000000000e+00
590 558 1.000000000000000000e+00
590 589 1.000000000000000000e+00
590 598 1.000000000000000000e+00
590 654 1.000000000000000000e+00
590 1102 1.000000000000000000e+00
591 335 1.000000000000000000e+00
591 559 1.000000000000000000e+00
591 599 1.000000000000000000e+00
591 655 1.000000000000000000e+00
591 1103 1.000000000000000000e+00
591 2638 1.000000000000000000e+00
592 336 1.000000000000000000e+00
592 560 1.000000000000000000e+00
592 584 1.000000000000000000e+00
592 608 1.000000000000000000e+00
592 656 1.000000000000000000e+00
592 1104 1.000000000000000000e+00
593 337 1.000000000000000000e+00
593 561 1.000000000000000000e+00
593 585 1.000000000000000000e+00
593 593 -1.000000000000000000e+00
593 594 1.000000000000000000e+00
593 609 1.000000000000000000e+00
593 657 1.000000000000000000e+00
593 1105 1.000000000000000000e+00
593 2640 1.000000000000000000e+00
594 338 1.000000000000000000e+00
594 562 1.000000000000000000e+00
594 586 1.000000000000000000e+00
594 593 1.000000000000000000e+00
594 594 -1.000000000000000000e+00
594 596 1.000000000000000000e+00
594 610 1.000000000000000000e+00
594 658 1.000000000000000000e+00
594 1106 1.000000000000000000e+00
595 339 1.000000000000000000e+00
595 563 1.000000000000000000e+00
595 587 1.000000000000000000e+00
595 595 -1.000000000000000000e+00
595 597 1.000000000000000000e+00
595 611 1.000000000000000000e+00
595 659 1.000000000000000000e+00
595 1107 1.000000000000000000e+00
595 2642 1.000000000000000000e+00
596 340 1.000000000000000000e+00
596 564 1.000000000000000000e+00
596 588 1.000000000000000000e+00
596 594 1.000000000000000000e+00
596 596 -1.000000000000000000e+00
596 600 1.000000000000000000e+00
596 612 1.000000000000000000e+00
596 660 1.000000000000000000e+00
596 1108 1.000000000000000000e+00
597 341 1.000000000000000000e+00
597 565 1.000000000000000000e+00
597 589 1.000000000000000000e+00
597 595 1.000000000000000000e+00
597 597 -2.000000000000000000e+00
597 598 1.000000000000000000e+00
597 601 1.000000000000000000e+00
597 613 1.000000000000000000e+00
597 661 1.000000000000000000e+00
597 1109 1.000000000000000000e+00
597 2644 1.000000000000000000e+00
598 342 1.000000000000000000e+00
598 566 1.000000000000000000e+00
598 590 1.000000000000000000e+00
598 597 1.000000000000000000e+00
598 598 -1.000000000000000000e+00
598 602 1.000000000000000000e+00
598 614 1.000000000000000000e+00
598 662 1.000000000000000000e+00
598 1110 1.000000000000000000e+00
599 343 1.000000000000000000e+00
599 567 1.000000000000000000e+00
599 591 1.000000000000000000e+00
599 599 -1.000000000000000000e+00
599 603 1.000000000000000000e+00
599 615 1.000000000000000000e+00
599 663 1.000000000000000000e+00
599 1111 1.000000000000000000e+00
599 2646 1.000000000000000000e+00
600 344 1.000000000000000000e+00
600 568 1.000000000000000000e+00
600 596 1.000000000000000000e+00
600 616 1.000000000000000000e+00
600 664 1.000000000000000000e+00
600 1112 1.000000000000000000e+00
601 345 1.000000000000000000e+00
601 569 1.000000000000000000e+00
601 597 1.000000000000000000e+00
601 601 -1.000000000000000000e+00
601 602 1.000000000000000000e+00
601 617 1.000000000000000000e+00
601 665 1.000000000000000000e+00
601 1113 1.000000000000000000e+00
601 2648 1.000000000000000000e+00
602 346 1.000000000000000000e+00
602 570 1.000000000000000000e+00
602 598 1.000000000000000000e+00
602 601 1.000000000000000000e+00
602 602 -1.000000000000000000e+00
602 604 1.000000000000000000e+00
602 618 1.000000000000000000e+00
602 666 1.000000000000000000e+00
602 1114 1.000000000000000000e+00
603 347 1.000000000000000000e+00
603 571 1.000000000000000000e+00
603 599 1.000000000000000000e+00
603 603 -1.000000000000000000e+00
603 605 1.000000000000000000e+00
603 619 1.000000000000000000e+00
603 667 1.000000000000000000e+00
603 1115 1.000000000000000000e+00
603 2650 1.000000000000000000e+00
604 348 1.000000000000000000e+00
604 572 1.000000000000000000e+00
604 602 1.000000000000000000e+00
604 620 1.000000000000000000e+00
604 668 1.000000000000000000e+00
604 1116 1.000000000000000000e+00
605 349 1.000000000000000000e+00
605 573 1.000000000000000000e+00
605 603 1.000000000000000000e+00
605 605 -1.000000000000000000e+00
605 606 1.000000000000000000e+00
605 621 1.000000000000000000e+00
605 669 1.000000000000000000e+00
605 1117 1.000000000000000000e+00
605 2652 1.000000000000000000e+00
606 350 1.000000000000000000e+00
606 574 1.000000000000000000e+00
606 605 1.000000000000000000e+00
606 622 1.000000000000000000e+00
606 670 1.000000000000000000e+00
606 1118 1.000000000000000000e+00
607 351 1.000000000000000000e+00
607 575 1.000000000000000000e+00
607 623 1.000000000000000000e+00
607 671 1.000000000000000000e+00
607 1119 1.000000000000000000e+00
607 2654 1.000000000000000000e+00
608 352 1.000000000000000000e+00
608 592 1.000000000000000000e+00
608 608 1.000000000000000000e+00
608 672 1.000000000000000000e+00
608 1120 1.000000000000000000e+00
609 353 1.000000000000000000e+00
609 593 1.000000000000000000e+00
609 610 1.000000000000000000e+00
609 673 1.000000000000000000e+00
609 1121 1.000000000000000000e+00
609 2656 1.000000000000000000e+00
610 354 1.000000000000000000e+00
610 594 1.000000000000000000e+00
610 609 1.000000000000000000e+00
610 612 1.000000000000000000e+00
610 674 1.000000000000000000e+00
610 1122 1.000000000000000000e+00
611 355 1.000000000000000000e+00
611 595 1.000000000000000000e+00
611 613 1.000000000000000000e+00
611 675 1.000000000000000000e+00
611 1123 1.000000000000000000e+00
611 2658 1.000000000000000000e+00
612 356 1.000000000000000000e+00
612 596 1.000000000000000000e+00
612 610 1.000000000000000000e+00
612 616 1.000000000000000000e+00
612 676 1.000000000000000000e+00
612 1124 1.000000000000000000e+00
613 357 1.000000000000000000e+00
613 597 1.000000000000000000e+00
613 611 1.000000000000000000e+00
613 613 -1.000000000000000000e+00
613 614 1.000000000000000000e+00
613 617 1.000000000000000000e+00
613 677 1.000000000000000000e+00
613 1125 1.000000000000000000e+00
613 2660 1.000000000000000000e+00
614 358 1.000000000000000000e+00
614 598 1.000000000000000000e+00
614 613 1.000000000000000000e+00
614 618 1.000000000000000000e+00
614 678 1.000000000000000000e+00
614 1126 1.000000000000000000e+00
615 359 1.000000000000000000e+00
615 599 1.000000000000000000e+00
615 619 1.000000000000000000e+00
615 679 1.000000000000000000e+00
615 1127 1.000000000000000000e+00
615 2662 1.000000000000000000e+00
616 360 1.000000000000000000e+00
616 600 1.000000000000000000e+00
616 612 1.000000000000000000e+00
616 624 1.000000000000000000e+00
616 680 1.000000000000000000e+00
616 1128 1.000000000000000000e+00
617 361 1.000000000000000000e+00
617 601 1.000000000000000000e+00
617 613 1.000000000000000000e+00
617 617 -1.000000000000000000e+00
617 618 1.000000000000000000e+00
617 625 1.000000000000000000e+00
617 681 1.000000000000000000e+00
617 1129 1.000000000000000000e+00
617 2664 1.000000000000000000e+00
618 362 1.000000000000000000e+00
618 602 1.000000000000000000e+00
618 614 1.000000000000000000e+00
618 617 1.000000000000000000e+00
618 618 -1.000000000000000000e+00
618 620 1.000000000000000000e+00
618 626 1.000000000000000000e+00
618 682 1.000000000000000000e+00
618 1130 1.000000000000000000e+00
619 363 1.000000000000000000e+00
619 603 1.000000000000000000e+00
619 615 1.000000000000000000e+00
619 619 -1.000000000000000000e+00
619 621 1.000000000000000000e+00
619 627 1.000000000000000000e+00
619 683 1.000000000000000000e+00
619 1131 1.000000000000000000e+00
619 2666 1.000000000000000000e+00
620 364 1.000000000000000000e+00
620 604 1.000000000000000000e+00
620 618 1.000000000000000000e+00
620 628 1.000000000000000000e+00
620 684 1.000000000000000000e+00
620 1132 1.000000000000000000e+00
621 365 1.000000000000000000e+00
621 605 1.000000000000000000e+00
621 619 1.000000000000000000e+00
621 621 -1.000000000000000000e+00
621 622 1.000000000000000000e+00
621 629 1.000000000000000000e+00
621 685 1.000000000000000000e+00
621 1133 1.000000000000000000e+00
621 2668 1.000000000000000000e+00
622 366 1.000000000000000000e+00
622 606 1.000000000000000000e+00
622 621 1.000000000000000000e+00
622 630 1.000000000000000000e+00
622 686 1.000000000000000000e+00
622 1134 1.000000000000000000e+00
623 367 1.000000000000000000e+00
623 607 1.000000000000000000e+00
623 631 1.000000000000000000e+00
623 687 1.000000000000000000e+00
623 1135 1.000000000000000000e+00
623 2670 1.000000000000000000e+00
624 368 1.000000000000000000e+00
624 616 1.000000000000000000e+00
624 624 1.000000000000000000e+00
624 688 1.000000000000000000e+00
624 1136 1.000000000000000000e+00
625 369 1.000000000000000000e+00
625 617 1.000000000000000000e+00
625 626 1.000000000000000000e+00
625 689 1.000000000000000000e+00
625 1137 1.000000000000000000e+00
625 2672 1.000000000000000000e+00
626 370 1.000000000000000000e+00
626 618 1.000000000000000000e+00
626 625 1.000000000000000000e+00
626 628 1.000000000000000000e+00
626 690 1.000000000000000000e+00
626 1138 1.000000000000000000e+00
627 371 1.000000000000000000e+00
627 619 1.000000000000000000e+00
627 629 1.000000000000000000e+00
627 691 1.000000000000000000e+00
627 1139 1.000000000000000000e+00
627 2674 1.000000000000000000e+00
628 372 1.000000000000000000e+00
628 620 1.000000000000000000e+00
628 626 1.000000000000000000e+00
628 632 1.000000000000000000e+00
628 692 1.000000000000000000e+00
628 1140 1.000000000000000000e+00
629 373 1.000000000000000000e+00
629 621 1.000000000000000000e+00
629 627 1.000000000000000000e+00
629 629 -1.000000000000000000e+00
629 630 1.000000000000000000e+00
629 633 1.000000000000000000e+00
629 693 1.000000000000000000e+00
629 1141 1.000000000000000000e+00
629 2676 1.000000000000000000e+00
630 374 1.000000000000000000e+00
630 622 1.000000000000000000e+00
630 629 1.000000000000000000e+00
630 634 1.000000000000000000e+00
630 694 1.000000000000000000e+00
630 1142 1.000000000000000000e+00
631 375 1.000000000000000000e+00
631 623 1.000000000000000000e+00
631 635 1.000000000000000000e+00
631 695 1.000000000000000000e+00
631 1143 1.000000000000000000e+00
631 2678 1.000000000000000000e+00
632 376 1.000000000000000000e+00
632 628 1.000000000000000000e+00
632 632 1.000000000000000000e+00
632 696 1.000000000000000000e+00
632 1144 1.000000000000000000e+00
633 377 1.000000000000000000e+00
633 629 1.000000000000000000e+00
633 634 1.000000000000000000e+00
633 697 1.000000000000000000e+00
633 1145 1.000000000000000000e+00
633 2680 1.000000000000000000e+00
634 378 1.000000000000000000e+00
634 630 1.000000000000000000e+00
634 633 1.000000000000000000e+00
634 636 1.000000000000000000e+00
634 698 1.000000000000000000e+00
634 1146 1.000000000000000000e+00
635 379 1.000000000000000000e+00
635 631 1.000000000000000000e+00
635 637 1.000000000000000000e+00
635 699 1.000000000000000000e+00
635 1147 1.000000000000000000e+00
635 2682 1.000000000000000000e+00
636 380 1.000000000000000000e+00
636 634 1.000000000000000000e+00
636 636 1.000000000000000000e+00
636 700 1.000000000000000000e+00
636 1148 1.000000000000000000e+00
637 381 1.000000000000000000e+00
637 635 1.000000000000000000e+00
637 638 1.000000000000000000e+00
637 701 1.000000000000000000e+00
637 1149 1.000000000000000000e+00
637 2684 1.000000000000000000e+00
638 382 1.000000000000000000e+00
638 637 1.000000000000000000e+00
638 638 1.000000000000000000e+00
638 702 1.000000000000000000e+00
638 1150 1.000000000000000000e+00
639 383 1.000000000000000000e+00
639 639 1.000000000000000000e+00
639 703 1.000000000000000000e+00
639 1151 1.000000000000000000e+00
639 2686 1.000000000000000000e+00
640 384 1.000000000000000000e+00
640 576 1.000000000000000000e+00
640 640 1.000000000000000000e+00
640 768 1.000000000000000000e+00
640 1152 1.000000000000000000e+00
641 385 1.000000000000000000e+00
641 577 1.000000000000000000e+00
641 642 1.000000000000000000e+00
641 769 1.000000000000000000e+00
641 1153 1.000000000000000000e+00
641 2688 1.000000000000000000e+00
642 386 1.000000000000000000e+00
642 578 1.000000000000000000e+00
642 641 1.000000000000000000e+00
642 644 1.000000000000000000e+00
642 770 1.000000000000000000e+00
642 1154 1.000000000000000000e+00
643 387 1.000000000000000000e+00
643 579 1.000000000000000000e+00
643 645 1.000000000000000000e+00
643 771 1.000000000000000000e+00
643 1155 1.000000000000000000e+00
643 2690 1.000000000000000000e+00
644 388 1.000000000000000000e+00
644 580 1.000000000000000000e+00
644 642 1.000000000000000000e+00
644 648 1.000000000000000000e+00
644 772 1.000000000000000000e+00
644 1156 1.000000000000000000e+00
645 389 1.000000000000000000e+00
645 581 1.000000000000000000e+00
645 643 1.000000000000000000e+00
645 645 -1.000000000000000000e+00
645 646 1.000000000000000000e+00
645 649 1.000000000000000000e+00
645 773 1.000000000000000000e+00
645 1157 1.000000000000000000e+00
645 2692 1.000000000000000000e+00
646 390 1.000000000000000000e+00
646 582 1.000000000000000000e+00
646 645 1.000000000000000000e+00
646 650 1.000000000000000000e+00
646 774 1.000000000000000000e+00
646 1158 1.000000000000000000e+00
647 391 1.000000000000000000e+00
647 583 1.000000000000000000e+00
647 651 1.000000000000000000e+00
647 775 1.000000000000000000e+00
647 1159 1.000000000000000000e+00
647 2694 1.000000000000000000e+00
648 392 1.000000000000000000e+00
648 584 1.000000000000000000e+00
648 644 1.000000000000000000e+00
648 656 1.000000000000000000e+00
648 776 1.000000000000000000e+00
648 1160 1.000000000000000000e+00
649 393 1.000000000000000000e+00
649 585 1.000000000000000000e+00
649 645 1.000000000000000000e+00
649 649 -1.000000000000000000e+00
649 650 1.000000000000000000e+00
649 657 1.000000000000000000e+00
649 777 1.000000000000000000e+00
649 1161 1.000000000000000000e+00
649 2696 1.000000000000000000e+00
650 394 1.000000000000000000e+00
650 586 1.000000000000000000e+00
650 646 1.000000000000000000e+00
650 649 1.000000000000000000e+00
650 650 -1.000000000000000000e+00
650 652 1.000000000000000000e+00
650 658 1.000000000000000000e+00
650 778 1.000000000000000000e+00
650 1162 1.000000000000000000e+00
651 395 1.000000000000000000e+00
651 587 1.000000000000000000e+00
651 647 1.000000000000000000e+00
651 651 -1.000000000000000000e+00
651 653 1.000000000000000000e+00
651 659 1.000000000000000000e+00
651 779 1.000000000000000000e+00
651 1163 1.000000000000000000e+00
651 2698 1.000000000000000000e+00
652 396 1.000000000000000000e+00
652 588 1.000000000000000000e+00
652 650 1.000000000000000000e+00
652 660 1.000000000000000000e+00
652 780 1.000000000000000000e+00
652 1164 1.000000000000000000e+00
653 397 1.000000000000000000e+00
653 589 1.000000000000000000e+00
653 651 1.000000000000000000e+00
653 653 -1.000000000000000000e+00
653 654 1.000000000000000000e+00
653 661 1.000000000000000000e+00
653 781 1.000000000000000000e+00
653 1165 1.000000000000000000e+00
653 2700 1.000000000000000000e+00
654 398 1.000000000000000000e+00
654 590 1.000000000000000000e+00
654 653 1.000000000000000000e+00
654 662 1.000000000000000000e+00
654 782 1.000000000000000000e+00
654 1166 1.000000000000000000e+00
655 399 1.000000000000000000e+00
655 591 1.000000000000000000e+00
655 663 1.000000000000000000e+00
655 783 1.000000000000000000e+00
655 1167 1.000000000000000000e+00
655 2702 1.000000000000000000e+00
656 400 1.000000000000000000e+00
656 592 1.000000000000000000e+00
656 648 1.000000000000000000e+00
656 672 1.000000000000000000e+00
656 784 1.000000000000000000e+00
656 1168 1.000000000000000000e+00
657 401 1.000000000000000000e+00
657 593 1.000000000000000000e+00
657 649 1.000000000000000000e+00
657 657 -1.000000000000000000e+00
657 658 1.000000000000000000e+00
657 673 1.000000000000000000e+00
657 785 1.000000000000000000e+00
657 1169 1.000000000000000000e+00
657 2704 1.000000000000000000e+00
658 402 1.000000000000000000e+00
658 594 1.000000000000000000e+00
658 650 1.000000000000000000e+00
658 657 1.000000000000000000e+00
658 658 -1.000000000000000000e+00
658 660 1.000000000000000000e+00
658 674 1.000000000000000000e+00
658 786 1.000000000000000000e+00
658 1170 1.000000000000000000e+00
659 403 1.000000000000000000e+00
659 595 1.000000000000000000e+00
659 651 1.000000000000000000e+00
659 659 -1.000000000000000000e+00
659 661 1.000000000000000000e+00
659 675 1.000000000000000000e+00
659 787 1.000000000000000000e+00
659 1171 1.000000000000000000e+00
659 2706 1.000000000000000000e+00
660 404 1.000000000000000000e+00
660 596 1.000000000000000000e+00
660 652 1.000000000000000000e+00
660 658 1.000000000000000000e+00
660 660 -1.000000000000000000e+00
660 664 1.000000000000000000e+00
660 676 1.000000000000000000e+00
660 788 1.000000000000000000e+00
660 1172 1.000000000000000000e+00
661 405 1.000000000000000000e+00
661 597 1.000000000000000000e+00
661 653 1.000000000000000000e+00
661 659 1.000000000000000000e+00
661 661 -2.000000000000000000e+00
661 662 1.000000000000000000e+00
661 665 1.000000000000000000e+00
661 677 1.000000000000000000e+00
661 789 1.000000000000000000e+00
661 1173 1.000000000000000000e+00
661 2708 1.000000000000000000e+00
662 406 1.000000000000000000e+00
662 598 1.000000000000000000e+00
662 654 1.000000000000000000e+00
662 661 1.000000000000000000e+00
662 662 -1.000000000000000000e+00
662 666 1.000000000000000000e+00
662 678 1.000000000000000000e+00
662 790 1.000000000000000000e+00
662 1174 1.000000000000000000e+00
663 407 1.000000000000000000e+00
663 599 1.000000000000000000e+00
663 655 1.000000000000000000e+00
663 663 -1.000000000000000000e+00
663 667 1.000000000000000000e+00
663 679 1.000000000000000000e+00
663 791 1.000000000000000000e+00
663 1175 1.000000000000000000e+00
663 2710 1.000000000000000000e+00
664 408 1.000000000000000000e+00
664 600 1.000000000000000000e+00
664 660 1.000000000000000000e+00
664 680 1.000000000000000000e+00
664 792 1.000000000000000000e+00
664 1176 1.000000000000000000e+00
665 409 1.000000000000000000e+00
665 601 1.000000000000000000e+00
665 661 1.000000000000000000e+00
665 665 -1.000000000000000000e+00
665 666 1.000000000000000000e+00
665 681 1.000000000000000000e+00
665 793 1.000000000000000000e+00
665 1177 1.000000000000000000e+00
665 2712 1.000000000000000000e+00
666 410 1.000000000000000000e+00
666 602 1.000000000000000000e+00
666 662 1.000000000000000000e+00
666 665 1.000000000000000000e+00
666 666 -1.000000000000000000e+00
666 668 1.000000000000000000e+00
666 682 1.000000000000000000e+00
666 794 1.000000000000000000e+00
666 1178 1.000000000000000000e+00
667 411 1.000000000000000000e+00
667 603 1.000000000000000000e+00
667 663 1.000000000000000000e+00
667 667 -1.000000000000000000e+00
667 669 1.000000000000000000e+00
667 683 1.000000000000000000e+00
667 795 1.000000000000000000e+00
667 1179 1.000000000000000000e+00
667 2714 1.000000000000000000e+00
668 412 1.000000000000000000e+00
668 604 1.000000000000000000e+00
668 666 1.000000000000000000e+00
668 684 1.000000000000000000e+00
668 796 1.000000000000000000e+00
668 1180 1.000000000000000000e+00
669 413 1.000000000000000000e+00
669 605 1.000000000000000000e+00
669 667 1.000000000000000000e+00
669 669 -1.000000000000000000e+00
669 670 1.000000000000000000e+00
669 685 1.000000000000000000e+00
669 797 1.000000000000000000e+00
669 1181 1.000000000000000000e+00
669 2716 1.000000000000000000e+00
670 414 1.000000000000000000e+00
670 606 1.000000000000000000e+00
670 669 1.000000000000000000e+00
670 686 1.000000000000000000e+00
670 798 1.000000000000000000e+00
670 1182 1.000000000000000000e+00
671 415 1.000000000000000000e+00
671 607 1.000000000000000000e+00
671 687 1.000000000000000000e+00
671 799 1.000000000000000000e+00
671 1183 1.000000000000000000e+00
671 2718 1.000000000000000000e+00
672 416 1.000000000000000000e+00
672 608 1.000000000000000000e+00
672 656 1.000000000000000000e+00
672 704 1.000000000000000000e+00
672 800 1.000000000000000000e+00
672 1184 1.000000000000000000e+00
673 417 1.000000000000000000e+00
673 609 1.000000000000000000e+00
673 657 1.000000000000000000e+00
673 673 -1.000000000000000000e+00
673 674 1.000000000000000000e+00
673 705 1.000000000000000000e+00
673 801 1.000000000000000000e+00
673 1185 1.000000000000000000e+00
673 2720 1.000000000000000000e+00
674 418 1.000000000000000000e+00
674 610 1.000000000000000000e+00
674 658 1.000000000000000000e+00
674 673 1.000000000000000000e+00
674 674 -1.000000000000000000e+00
674 676 1.000000000000000000e+00
674 706 1.000000000000000000e+00
674 802 1.000000000000000000e+00
674 1186 1.000000000000000000e+00
675 419 1.000000000000000000e+00
675 611 1.000000000000000000e+00
675 659 1.000000000000000000e+00
675 675 -1.000000000000000000e+00
675 677 1.000000000000000000e+00
675 707 1.000000000000000000e+00
675 803 1.000000000000000000e+00
675 1187 1.000000000000000000e+00
675 2722 1.000000000000000000e+00
676 420 1.000000000000000000e+00
676 612 1.000000000000000000e+00
676 660 1.000000000000000000e+00
676 674 1.000000000000000000e+00
676 676 -1.000000000000000000e+00
676 680 1.000000000000000000e+00
676 708 1.000000000000000000e+00
676 804 1.000000000000000000e+00
676 1188 1.000000000000000000e+00
677 421 1.000000000000000000e+00
677 613 1.000000000000000000e+00
677 661 1.000000000000000000e+00
677 675 1.000000000000000000e+00
677 677 -2.000000000000000000e+00
677 678 1.000000000000000000e+00
677 681 1.000000000000000000e+00
677 709 1.000000000000000000e+00
677 805 1.000000000000000000e+00
677 1189 1.000000000000000000e+00
677 2724 1.000000000000000000e+00
678 422 1.000000000000000000e+00
678 614 1.000000000000000000e+00
678 662 1.000000000000000000e+00
678 677 1.000000000000000000e+00
678 678 -1.000000000000000000e+00
678 682 1.000000000000000000e+00
678 710 1.000000000000000000e+00
678 806 1.000000000000000000e+00
678 1190 1.000000000000000000e+00
679 423 1.000000000000000000e+00
679 615 1.000000000000000000e+00
679 663 1.000000000000000000e+00
679 679 -1.000000000000000000e+00
679 683 1.000000000000000000e+00
679 711 1.000000000000000000e+00
679 807 1.000000000000000000e+00
679 1191 1.000000000000000000e+00
679 2726 1.000000000000000000e+00
680 424 1.000000000000000000e+00
680 616 1.000000000000000000e+00
680 664 1.000000000000000000e+00
680 676 1.000000000000000000e+00
680 680 -1.000000000000000000e+00
680 688 1.000000000000000000e+00
680 712 1.000000000000000000e+00
680 808 1.000000000000000000e+00
680 1192 1.000000000000000000e+00
681 425 1.000000000000000000e+00
681 617 1.000000000000000000e+00
681 665 1.000000000000000000e+00
681 677 1.000000000000000000e+00
681 681 -2.000000000000000000e+00
681 682 1.000000000000000000e+00
681 689 1.000000000000000000e+00
681 713 1.000000000000000000e+00
681 809 1.000000000000000000e+00
681 1193 1.000000000000000000e+00
681 2728 1.000000000000000000e+00
682 426 1.000000000000000000e+00
682 618 1.000000000000000000e+00
682 666 1.000000000000000000e+00
682 678 1.000000000000000000e+00
682 681 1.000000000000000000e+00
682 682 -2.000000000000000000e+00
682 684 1.000000000000000000e+00
682 690 1.000000000000000000e+00
682 714 1.000000000000000000e+00
682 810 1.000000000000000000e+00
682 1194 1.000000000000000000e+00
683 427 1.000000000000000000e+00
683 619 1.000000000000000000e+00
683 667 1.000000000000000000e+00
683 679 1.000000000000000000e+00
683 683 -2.000000000000000000e+00
683 685 1.000000000000000000e+00
683 691 1.000000000000000000e+00
683 715 1.000000000000000000e+00
683 811 1.000000000000000000e+00
683 1195 1.000000000000000000e+00
683 2730 1.000000000000000000e+00
684 428 1.000000000000000000e+00
684 620 1.000000000000000000e+00
684 668 1.000000000000000000e+00
684 682 1.000000000000000000e+00
684 684 -1.000000000000000000e+00
684 692 1.000000000000000000e+00
684 716 1.000000000000000000e+00
684 812 1.000000000000000000e+00
684 1196 1.000000000000000000e+00
685 429 1.000000000000000000e+00
685 621 1.000000000000000000e+00
685 669 1.000000000000000000e+00
685 683 1.000000000000000000e+00
685 685 -2.000000000000000000e+00
685 686 1.000000000000000000e+00
685 693 1.000000000000000000e+00
685 717 1.000000000000000000e+00
685 813 1.000000000000000000e+00
685 1197 1.000000000000000000e+00
685 2732 1.000000000000000000e+00
686 430 1.000000000000000000e+00
686 622 1.000000000000000000e+00
686 670 1.000000000000000000e+00
686 685 1.000000000000000000e+00
686 686 -1.000000000000000000e+00
686 694 1.000000000000000000e+00
686 718 1.000000000000000000e+00
686 814 1.000000000000000000e+00
686 1198 1.000000000000000000e+00
687 431 1.000000000000000000e+00
687 623 1.000000000000000000e+00
687 671 1.000000000000000000e+00
687 687 -1.000000000000000000e+00
687 695 1.000000000000000000e+00
687 719 1.000000000000000000e+00
687 815 1.000000000000000000e+00
687 1199 1.000000000000000000e+00
687 2734 1.000000000000000000e+00
688 432 1.000000000000000000e+00
688 624 1.000000000000000000e+00
688 680 1.000000000000000000e+00
688 720 1.000000000000000000e+00
688 816 1.000000000000000000e+00
688 1200 1.000000000000000000e+00
689 433 1.000000000000000000e+00
689 625 1.000000000000000000e+00
689 681 1.000000000000000000e+00
689 689 -1.000000000000000000e+00
689 690 1.000000000000000000e+00
689 721 1.000000000000000000e+00
689 817 1.000000000000000000e+00
689 1201 1.000000000000000000e+00
689 2736 1.000000000000000000e+00
690 434 1.000000000000000000e+00
690 626 1.000000000000000000e+00
690 682 1.000000000000000000e+00
690 689 1.000000000000000000e+00
690 690 -1.000000000000000000e+00
690 692 1.000000000000000000e+00
690 722 1.000000000000000000e+00
690 818 1.000000000000000000e+00
690 1202 1.000000000000000000e+00
691 435 1.000000000000000000e+00
691 627 1.000000000000000000e+00
691 683 1.000000000000000000e+00
691 691 -1.000000000000000000e+00
691 693 1.000000000000000000e+00
691 723 1.000000000000000000e+00
691 819 1.000000000000000000e+00
691 1203 1.000000000000000000e+00
691 2738 1.000000000000000000e+00
692 436 1.000000000000000000e+00
692 628 1.000000000000000000e+00
692 684 1.000000000000000000e+00
692 690 1.000000000000000000e+00
692 692 -1.000000000000000000e+00
692 696 1.000000000000000000e+00
692 724 1.000000000000000000e+00
692 820 1.000000000000000000e+00
692 1204 1.000000000000000000e+00
693 437 1.000000000000000000e+00
693 629 1.000000000000000000e+00
693 685 1.000000000000000000e+00
693 691 1.000000000000000000e+00
693 693 -2.000000000000000000e+00
693 694 1.000000000000000000e+00
693 697 1.000000000000000000e+00
693 725 1.000000000000000000e+00
693 821 1.000000000000000000e+00
693 1205 1.000000000000000000e+00
693 2740 1.000000000000000000e+00
694 438 1.000000000000000000e+00
694 630 1.000000000000000000e+00
694 686 1.000000000000000000e+00
694 693 1.000000000000000000e+00
694 694 -1.000000000000000000e+00
694 698 1.000000000000000000e+00
694 726 1.000000000000000000e+00
694 822 1.000000000000000000e+00
694 1206 1.000000000000000000e+00
695 439 1.000000000000000000e+00
695 631 1.000000000000000000e+00
695 687 1.000000000000000000e+00
695 695 -1.000000000000000000e+00
695 699 1.000000000000000000e+00
695 727 1.000000000000000000e+00
695 823 1.000000000000000000e+00
695 1207 1.000000000000000000e+00
695 2742 1.000000000000000000e+00
696 440 1.000000000000000000e+00
696 632 1.000000000000000000e+00
696 692 1.000000000000000000e+00
696 728 1.000000000000000000e+00
696 824 1.000000000000000000e+00
696 1208 1.000000000000000000e+00
697 441 1.000000000000000000e+00
697 633 1.000000000000000000e+00
697 693 1.000000000000000000e+00
697 697 -1.000000000000000000e+00
697 698 1.000000000000000000e+00
697 729 1.000000000000000000e+00
697 825 1.000000000000000000e+00
697 1209 1.000000000000000000e+00
697 2744 1.000000000000000000e+00
698 442 1.000000000000000000e+00
698 634 1.000000000000000000e+00
698 694 1.000000000000000000e+00
698 697 1.000000000000000000e+00
698 698 -1.000000000000000000e+00
698 700 1.000000000000000000e+00
698 730 1.000000000000000000e+00
698 826 1.000000000000000000e+00
698 1210 1.000000000000000000e+00
699 443 1.000000000000000000e+00
699 635 1.000000000000000000e+00
699 695 1.000000000000000000e+00
699 699 -1.000000000000000000e+00
699 701 1.000000000000000000e+00
699 731 1.000000000000000000e+00
699 827 1.000000000000000000e+00
699 1211 1.000000000000000000e+00
699 2746 1.000000000000000000e+00
700 444 1.000000000000000000e+00
700 636 1.000000000000000000e+00
700 698 1.000000000000000000e+00
700 732 1.000000000000000000e+00
700 828 1.000000000000000000e+00
700 1212 1.000000000000000000e+00
701 445 1.000000000000000000e+00
701 637 1.000000000000000000e+00
701 699 1.000000000000000000e+00
701 701 -1.000000000000000000e+00
701 702 1.000000000000000000e+00
701 733 1.000000000000000000e+00
701 829 1.000000000000000000e+00
701 1213 1.000000000000000000e+00
701 2748 1.000000000000000000e+00
702 446 1.000000000000000000e+00
702 638 1.000000000000000000e+00
702 701 1.000000000000000000e+00
702 734 1.000000000000000000e+00
702 830 1.000000000000000000e+00
702 1214 1.000000000000000000e+00
703 447 1.000000000000000000e+00
703 639 1.000000000000000000e+00
703 735 1.000000000000000000e+00
703 831 1.000000000000000000e+00
703 1215 1.000000000000000000e+00
703 2750 1.000000000000000000e+00
704 448 1.000000000000000000e+00
704 672 1.000000000000000000e+00
704 704 1.000000000000000000e+00
704 832 1.000000000000000000e+00
704 1216 1.000000000000000000e+00
705 449 1.000000000000000000e+00
705 673 1.000000000000000000e+00
705 706 1.000000000000000000e+00
705 833 1.000000000000000000e+00
705 1217 1.000000000000000000e+00
705 2752 1.000000000000000000e+00
706 450 1.000000000000000000e+00
706 674 1.000000000000000000e+00
706 705 1.000000000000000000e+00
706 708 1.000000000000000000e+00
706 834 1.000000000000000000e+00
706 1218 1.000000000000000000e+00
707 451 1.000000000000000000e+00
707 675 1.000000000000000000e+00
707 709 1.000000000000000000e+00
707 835 1.000000000000000000e+00
707 1219 1.000000000000000000e+00
707 2754 1.000000000000000000e+00
708 452 1.000000000000000000e+00
708 676 1.000000000000000000e+00
708 706 1.000000000000000000e+00
708 712 1.000000000000000000e+00
708 836 1.000000000000000000e+00
708 1220 1.000000000000000000e+00
709 453 1.000000000000000000e+00
709 677 1.000000000000000000e+00
709 707 1.000000000000000000e+00
709 709 -1.000000000000000000e+00
709 710 1.000000000000000000e+00
709 713 1.000000000000000000e+00
709 837 1.000000000000000000e+00
709 1221 1.000000000000000000e+00
709 2756 1.000000000000000000e+00
710 454 1.000000000000000000e+00
710 678 1.000000000000000000e+00
710 709 1.000000000000000000e+00
710 714 1.000000000000000000e+00
710 838 1.000000000000000000e+00
710 1222 1.000000000000000000e+00
711 455 1.000000000000000000e+00
711 679 1.000000000000000000e+00
711 715 1.000000000000000000e+00
711 839 1.000000000000000000e+00
711 1223 1.000000000000000000e+00
711 2758 1.000000000000000000e+00
712 456 1.000000000000000000e+00
712 680 1.000000000000000000e+00
712 708 1.000000000000000000e+00
712 720 1.000000000000000000e+00
712 840 1.000000000000000000e+00
712 1224 1.000000000000000000e+00
713 457 1.000000000000000000e+00
713 681 1.000000000000000000e+00
713 709 1.000000000000000000e+00
713 713 -1.000000000000000000e+00
713 714 1.000000000000000000e+00
713 721 1.000000000000000000e+00
713 841 1.000000000000000000e+00
713 1225 1.000000000000000000e+00
713 2760 1.000000000000000000e+00
714 458 1.000000000000000000e+00
714 682 1.000000000000000000e+00
714 710 1.000000000000000000e+00
714 713 1.000000000000000000e+00
714 714 -1.000000000000000000e+00
714 716 1.000000000000000000e+00
714 722 1.000000000000000000e+00
714 842 1.000000000000000000e+00
714 1226 1.000000000000000000e+00
715 459 1.000000000000000000e+00
715 683 1.000000000000000000e+00
715 711 1.000000000000000000e+00
715 715 -1.000000000000000000e+00
715 717 1.000000000000000000e+00
715 723 1.000000000000000000e+00
715 843 1.000000000000000000e+00
715 1227 1.000000000000000000e+00
715 2762 1.000000000000000000e+00
716 460 1.000000000000000000e+00
716 684 1.000000000000000000e+00
716 714 1.000000000000000000e+00
716 724 1.000000000000000000e+00
716 844 1.000000000000000000e+00
716 1228 1.000000000000000000e+00
717 461 1.000000000000000000e+00
717 685 1.000000000000000000e+00
717 715 1.000000000000000000e+00
717 717 -1.000000000000000000e+00
717 718 1.000000000000000000e+00
717 725 1.000000000000000000e+00
717 845 1.000000000000000000e+00
717 1229 1.000000000000000000e+00
717 2764 1.000000000000000000e+00
718 462 1.000000000000000000e+00
718 686 1.000000000000000000e+00
718 717 1.000000000000000000e+00
718 726 1.000000000000000000e+00
718 846 1.000000000000000000e+00
718 1230 1.000000000000000000e+00
719 463 1.000000000000000000e+00
719 687 1.000000000000000000e+00
719 727 1.000000000000000000e+00
719 847 1.000000000000000000e+00
719 1231 1.000000000000000000e+00
719 2766 1.000000000000000000e+00
720 464 1.000000000000000000e+00
720 688 1.000000000000000000e+00
720 712 1.000000000000000000e+00
720 736 1.000000000000000000e+00
720 848 1.000000000000000000e+00
720 1232 1.000000000000000000e+00
721 465 1.000000000000000000e+00
721 689 1.000000000000000000e+00
721 713 1.000000000000000000e+00
721 721 -1.000000000000000000e+00
721 722 1.000000000000000000e+00
721 737 1.000000000000000000e+00
721 849 1.000000000000000000e+00
721 1233 1.000000000000000000e+00
721 2768 1.000000000000000000e+00
722 466 1.000000000000000000e+00
722 690 1.000000000000000000e+00
722 714 1.000000000000000000e+00
722 721 1.000000000000000000e+00
722 722 -1.000000000000000000e+00
722 724 1.000000000000000000e+00
722 738 1.000000000000000000e+00
722 850 1.000000000000000000e+00
722 1234 1.000000000000000000e+00
723 467 1.000000000000000000e+00
723 691 1.000000000000000000e+00
723 715 1.000000000000000000e+00
723 723 -1.000000000000000000e+00
723 725 1.000000000000000000e+00
723 739 1.000000000000000000e+00
723 851 1.000000000000000000e+00
723 1235 1.000000000000000000e+00
723 2770 1.000000000000000000e+00
724 468 1.000000000000000000e+00
724 692 1.000000000000000000e+00
724 716 1.000000000000000000e+00
724 722 1.000000000000000000e+00
724 724 -1.000000000000000000e+00
724 728 1.000000000000000000e+00
724 740 1.000000000000000000e+00
724 852 1.000000000000000000e+00
724 1236 1.000000000000000000e+00
725 469 1.000000000000000000e+00
725 693 1.000000000000000000e+00
725 717 1.000000000000000000e+00
725 723 1.000000000000000000e+00
725 725 -2.000000000000000000e+00
725 726 1.000000000000000000e+00
725 729 1.000000000000000000e+00
725 741 1.000000000000000000e+00
725 853 1.000000000000000000e+00
725 1237 1.000000000000000000e+00
725 2772 1.000000000000000000e+00
726 470 1.000000000000000000e+00
726 694 1.000000000000000000e+00
726 718 1.000000000000000000e+00
726 725 1.000000000000000000e+00
726 726 -1.000000000000000000e+00
726 730 1.000000000000000000e+00
726 742 1.000000000000000000e+00
726 854 1.000000000000000000e+00
726 1238 1.000000000000000000e+00
727 471 1.000000000000000000e+00
727 695 1.000000000000000000e+00
727 719 1.000000000000000000e+00
727 727 -1.000000000000000000e+00
727 731 1.000000000000000000e+00
727 743 1.000000000000000000e+00
727 855 1.000000000000000000e+00
727 1239 1.000000000000000000e+00
727 2774 1.000000000000000000e+00
728 472 1.000000000000000000e+00
728 696 1.000000000000000000e+00
728 724 1.000000000000000000e+00
728 744 1.000000000000000000e+00
728 856 1.000000000000000000e+00
728 1240 1.000000000000000000e+00
729 473 1.000000000000000000e+00
729 697 1.000000000000000000e+00
729 725 1.000000000000000000e+00
729 729 -1.000000000000000000e+00
729 730 1.000000000000000000e+00
729 745 1.000000000000000000e+00
729 857 1.000000000000000000e+00
729 1241 1.000000000000000000e+00
729 2776 1.000000000000000000e+00
730 474 1.000000000000000000e+00
730 698 1.000000000000000000e+00
730 726 1.000000000000000000e+00
730 729 1.000000000000000000e+00
730 730 -1.000000000000000000e+00
730 732 1.000000000000000000e+00
730 746 1.000000000000000000e+00
730 858 1.000000000000000000e+00
730 1242 1.000000000000000000e+00
731 475 1.000000000000000000e+00
731 699 1.000000000000000000e+00
731 727 1.000000000000000000e+00
731 731 -1.000000000000000000e+00
731 733 1.000000000000000000e+00
731 747 1.000000000000000000e+00
731 859 1.000000000000000000e+00
731 1243 1.000000000000000000e+00
731 2778 1.000000000000000000e+00
732 476 1.000000000000000000e+00
732 700 1.000000000000000000e+00
732 730 1.000000000000000000e+00
732 748 1.000000000000000000e+00
732 860 1.000000000000000000e+00
732 1244 1.000000000000000000e+00
733 477 1.000000000000000000e+00
733 701 1.000000000000000000e+00
733 731 1.000000000000000000e+00
733 733 -1.000000000000000000e+00
733 734 1.000000000000000000e+00
733 749 1.000000000000000000e+00
733 861 1.000000000000000000e+00
733 1245 1.000000000000000000e+00
733 2780 1.000000000000000000e+00
734 478 1.000000000000000000e+00
734 702 1.000000000000000000e+00
734 733 1.000000000000000000e+00
734 750 1.000000000000000000e+00
734 862 1.000000000000000000e+00
734 1246 1.000000000000000000e+00
735 479 1.000000000000000000e+00
735 703 1.000000000000000000e+00
735 751 1.000000000000000000e+00
735 863 1.000000000000000000e+00
735 1247 1.000000000000000000e+00
735 2782 1.000000000000000000e+00
736 480 1.000000000000000000e+00
736 720 1.000000000000000000e+00
736 736 1.000000000000000000e+00
736 864 1.000000000000000000e+00
736 1248 1.000000000000000000e+00
737 481 1.000000000000000000e+00
737 721 1.000000000000000000e+00
737 738 1.000000000000000000e+00
737 865 1.000000000000000000e+00
737 1249 1.000000000000000000e+00
737 2784 1.000000000000000000e+00
738 482 1.000000000000000000e+00
738 722 1.000000000000000000e+00
738 737 1.000000000000000000e+00
738 740 1.000000000000000000e+00
738 866 1.000000000000000000e+00
738 1250 1.000000000000000000e+00
739 483 1.000000000000000000e+00
739 723 1.000000000000000000e+00
739 741 1.000000000000000000e+00
739 867 1.000000000000000000e+00
739 1251 1.000000000000000000e+00
739 2786 1.000000000000000000e+00
740 484 1.000000000000000000e+00
740 724 1.000000000000000000e+00
740 738 1.000000000000000000e+00
740 744 1.000000000000000000e+00
740 868 1.000000000000000000e+00
740 1252 1.000000000000000000e+00
741 485 1.000000000000000000e+00
741 725 1.000000000000000000e+00
741 739 1.000000000000000000e+00
741 741 -1.000000000000000000e+00
741 742 1.000000000000000000e+00
741 745 1.000000000000000000e+00
741 869 1.000000000000000000e+00
741 1253 1.000000000000000000e+00
741 2788 1.000000000000000000e+00
742 486 1.000000000000000000e+00
742 726 1.000000000000000000e+00
742 741 1.000000000000000000e+00
742 746 1.000000000000000000e+00
742 870 1.000000000000000000e+00
742 1254 1.000000000000000000e+00
743 487 1.000000000000000000e+00
743 727 1.000000000000000000e+00
743 747 1.000000000000000000e+00
743 871 1.000000000000000000e+00
743 1255 1.000000000000000000e+00
743 2790 1.000000000000000000e+00
744 488 1.000000000000000000e+00
744 728 1.000000000000000000e+00
744 740 1.000000000000000000e+00
744 752 1.000000000000000000e+00
744 872 1.000000000000000000e+00
744 1256 1.000000000000000000e+00
745 489 1.000000000000000000e+00
745 729 1.000000000000000000e+00
745 741 1.000000000000000000e+00
745 745 -1.000000000000000000e+00
745 746 1.000000000000000000e+00
745 753 1.000000000000000000e+00
745 873 1.000000000000000000e+00
745 1257 1.000000000000000000e+00
745 2792 1.000000000000000000e+00
746 490 1.000000000000000000e+00
746 730 1.000000000000000000e+00
746 742 1.000000000000000000e+00
746 745 1.000000000000000000e+00
746 746 -1.000000000000000000e+00
746 748 1.000000000000000000e+00
746 754 1.000000000000000000e+00
746 874 1.000000000000000000e+00
746 1258 1.000000000000000000e+00
747 491 1.000000000000000000e+00
747 731 1.000000000000000000e+00
747 743 1.000000000000000000e+00
747 747 -1.000000000000000000e+00
747 749 1.000000000000000000e+00
747 755 1.000000000000000000e+00
747 875 1.000000000000000000e+00
747 1259 1.000000000000000000e+00
747 2794 1.000000000000000000e+00
748 492 1.000000000000000000e+00
748 732 1.000000000000000000e+00
748 746 1.000000000000000000e+00
748 756 1.000000000000000000e+00
748 876 1.000000000000000000e+00
748 1260 1.000000000000000000e+00
749 493 1.000000000000000000e+00
749 733 1.000000000000000000e+00
749 747 1.000000000000000000e+00
749 749 -1.000000000000000000e+00
749 750 1.000000000000000000e+00
749 757 1.000000000000000000e+00
749 877 1.000000000000000000e+00
749 1261 1.000000000000000000e+00
749 2796 1.000000000000000000e+00
750 494 1.000000000000000000e+00
750 734 1.000000000000000000e+00
750 749 1.000000000000000000e+00
750 758 1.000000000000000000e+00
750 878 1.000000000000000000e+00
750 1262 1.000000000000000000e+00
751 495 1.000000000000000000e+00
751 735 1.000000000000000000e+00
751 759 1.000000000000000000e+00
751 879 1.000000000000000000e+00
751 1263 1.000000000000000000e+00
751 2798 1.000000000000000000e+00
752 496 1.000000000000000000e+00
752 744 1.000000000000000000e+00
752 752 1.000000000000000000e+00
752 880 1.000000000000000000e+00
752 1264 1.000000000000000000e+00
753 497 1.000000000000000000e+00
753 745 1.000000000000000000e+00
753 754 1.000000000000000000e+00
753 881 1.000000000000000000e+00
753 1265 1.000000000000000000e+00
753 2800 1.000000000000000000e+00
754 498 1.000000000000000000e+00
754 746 1.000000000000000000e+00
754 753 1.000000000000000000e+00
754 756 1.000000000000000000e+00
754 882 1.000000000000000000e+00
754 1266 1.000000000000000000e+00
755 499 1.000000000000000000e+00
755 747 1.000000000000000000e+00
755 757 1.000000000000000000e+00
755 883 1.000000000000000000e+00
755 1267 1.000000000000000000e+00
755 2802 1.000000000000000000e+00
756 500 1.000000000000000000e+00
756 748 1.000000000000000000e+00
756 754 1.000000000000000000e+00
756 760 1.000000000000000000e+00
756 884 1.000000000000000000e+00
756 1268 1.000000000000000000e+00
757 501 1.000000000000000000e+00
757 749 1.000000000000000000e+00
757 755 1.000000000000000000e+00
757 757 -1.000000000000000000e+00
757 758 1.000000000000000000e+00
757 761 1.000000000000000000e+00
757 885 1.000000000000000000e+00
757 1269 1.000000000000000000e+00
757 2804 1.000000000000000000e+00
758 502 1.000000000000000000e+00
758 750 1.000000000000000000e+00
758 757 1.000000000000000000e+00
758 762 1.000000000000000000e+00
758 886 1.000000000000000000e+00
758 1270 1.000000000000000000e+00
759 503 1.000000000000000000e+00
759 751 1.000000000000000000e+00
759 763 1.000000000000000000e+00
759 887 1.000000000000000000e+00
759 1271 1.000000000000000000e+00
759 2806 1.000000000000000000e+00
760 504 1.000000000000000000e+00
760 756 1.000000000000000000e+00
760 760 1.000000000000000000e+00
760 888 1.000000000000000000e+00
760 1272 1.000000000000000000e+00
761 505 1.000000000000000000e+00
761 757 1.000000000000000000e+00
761 762 1.000000000000000000e+00
761 889 1.000000000000000000e+00
761 1273 1.000000000000000000e+00
761 2808 1.000000000000000000e+00
762 506 1.000000000000000000e+00
762 758 1.000000000000000000e+00
762 761 1.000000000000000000e+00
762 764 1.000000000000000000e+00
762 890 1.000000000000000000e+00
762 1274 1.000000000000000000e+00
763 507 1.000000000000000000e+00
763 759 1.000000000000000000e+00
763 765 1.000000000000000000e+00
763 891 1.000000000000000000e+00
763 1275 1.000000000000000000e+00
763 2810 1.000000000000000000e+00
764 508 1.000000000000000000e+00
764 762 1.000000000000000000e+00
764 764 1.000000000000000000e+00
764 892 1.000000000000000000e+00
764 1276 1.000000000000000000e+00
765 509 1.000000000000000000e+00
765 763 1.000000000000000000e+00
765 766 1.000000000000000000e+00
765 893 1.000000000000000000e+00
765 1277 1.000000000000000000e+00
765 2812 1.000000000000000000e+00
766 510 1.000000000000000000e+00
766 765 1.000000000000000000e+00
766 766 1.000000000000000000e+00
766 894 1.000000000000000000e+00
766 1278 1.000000000000000000e+00
767 511 1.000000000000000000e+00
767 767 1.000000000000000000e+00
767 895 1.000000000000000000e+00
767 1279 1.000000000000000000e+00
767 2814 1.000000000000000000e+00
768 640 1.000000000000000000e+00
768 768 2.000000000000000000e+00
768 1280 1.000000000000000000e+00
769 641 1.000000000000000000e+00
769 769 1.000000000000000000e+00
769 770 1.000000000000000000e+00
769 1281 1.000000000000000000e+00
769 2816 1.000000000000000000e+00
770 642 1.000000000000000000e+00
770 769 1.000000000000000000e+00
770 770 1.000000000000000000e+00
770 772 1.000000000000000000e+00
770 1282 1.000000000000000000e+00
771 643 1.000000000000000000e+00
771 771 1.000000000000000000e+00
771 773 1.000000000000000000e+00
771 1283 1.000000000000000000e+00
771 2818 1.000000000000000000e+00
772 644 1.000000000000000000e+00
772 770 1.000000000000000000e+00
772 772 1.000000000000000000e+00
772 776 1.000000000000000000e+00
772 1284 1.000000000000000000e+00
773 645 1.000000000000000000e+00
773 771 1.000000000000000000e+00
773 774 1.000000000000000000e+00
773 777 1.000000000000000000e+00
773 1285 1.000000000000000000e+00
773 2820 1.000000000000000000e+00
774 646 1.000000000000000000e+00
774 773 1.000000000000000000e+00
774 774 1.000000000000000000e+00
774 778 1.000000000000000000e+00
774 1286 1.000000000000000000e+00
775 647 1.000000000000000000e+00
775 775 1.000000000000000000e+00
775 779 1.000000000000000000e+00
775 1287 1.000000000000000000e+00
775 2822 1.000000000000000000e+00
776 648 1.000000000000000000e+00
776 772 1.000000000000000000e+00
776 776 1.000000000000000000e+00
776 784 1.000000000000000000e+00
776 1288 1.000000000000000000e+00
777 649 1.000000000000000000e+00
777 773 1.000000000000000000e+00
777 778 1.000000000000000000e+00
777 785 1.000000000000000000e+00
777 1289 1.000000000000000000e+00
777 2824 1.000000000000000000e+00
778 650 1.000000000000000000e+00
778 774 1.000000000000000000e+00
778 777 1.000000000000000000e+00
778 780 1.000000000000000000e+00
778 786 1.000000000000000000e+00
778 1290 1.000000000000000000e+00
779 651 1.000000000000000000e+00
779 775 1.000000000000000000e+00
779 781 1.000000000000000000e+00
779 787 1.000000000000000000e+00
779 1291 1.000000000000000000e+00
779 2826 1.000000000000000000e+00
780 652 1.000000000000000000e+00
780 778 1.000000000000000000e+00
780 780 1.000000000000000000e+00
780 788 1.000000000000000000e+00
780 1292 1.000000000000000000e+00
781 653 1.000000000000000000e+00
781 779 1.000000000000000000e+00
781 782 1.000000000000000000e+00
781 789 1.000000000000000000e+00
781 1293 1.000000000000000000e+00
781 2828 1.000000000000000000e+00
782 654 1.000000000000000000e+00
782 781 1.000000000000000000e+00
782 782 1.000000000000000000e+00
782 790 1.000000000000000000e+00
782 1294 1.000000000000000000e+00
783 655 1.000000000000000000e+00
783 783 1.000000000000000000e+00
783 791 1.000000000000000000e+00
783 1295 1.000000000000000000e+00
783 2830 1.000000000000000000e+00
784 656 1.000000000000000000e+00
784 776 1.000000000000000000e+00
784 784 1.000000000000000000e+00
784 800 1.000000000000000000e+00
784 1296 1.000000000000000000e+00
785 657 1.000000000000000000e+00
785 777 1.000000000000000000e+00
785 786 1.000000000000000000e+00
785 801 1.000000000000000000e+00
785 1297 1.000000000000000000e+00
785 2832 1.000000000000000000e+00
786 658 1.000000000000000000e+00
786 778 1.000000000000000000e+00
786 785 1.000000000000000000e+00
786 788 1.000000000000000000e+00
786 802 1.000000000000000000e+00
786 1298 1.000000000000000000e+00
787 659 1.000000000000000000e+00
787 779 1.000000000000000000e+00
787 789 1.000000000000000000e+00
787 803 1.000000000000000000e+00
787 1299 1.000000000000000000e+00
787 2834 1.000000000000000000e+00
788 660 1.000000000000000000e+00
788 780 1.000000000000000000e+00
788 786 1.000000000000000000e+00
788 792 1.000000000000000000e+00
788 804 1.000000000000000000e+00
788 1300 1.000000000000000000e+00
789 661 1.000000000000000000e+00
789 781 1.000000000000000000e+00
789 787 1.000000000000000000e+00
789 789 -1.000000000000000000e+00
789 790 1.000000000000000000e+00
789 793 1.000000000000000000e+00
789 805 1.000000000000000000e+00
789 1301 1.000000000000000000e+00
789 2836 1.000000000000000000e+00
790 662 1.000000000000000000e+00
790 782 1.000000000000000000e+00
790 789 1.000000000000000000e+00
790 794 1.000000000000000000e+00
790 806 1.000000000000000000e+00
790 1302 1.000000000000000000e+00
791 663 1.000000000000000000e+00
791 783 1.000000000000000000e+00
791 795 1.000000000000000000e+00
791 807 1.000000000000000000e+00
791 1303 1.000000000000000000e+00
791 2838 1.000000000000000000e+00
792 664 1.000000000000000000e+00
792 788 1.000000000000000000e+00
792 792 1.000000000000000000e+00
792 808 1.000000000000000000e+00
792 1304 1.000000000000000000e+00
793 665 1.000000000000000000e+00
793 789 1.000000000000000000e+00
793 794 1.000000000000000000e+00
793 809 1.000000000000000000e+00
793 1305 1.000000000000000000e+00
793 2840 1.000000000000000000e+00
794 666 1.000000000000000000e+00
794 790 1.000000000000000000e+00
794 793 1.000000000000000000e+00
794 796 1.000000000000000000e+00
794 810 1.000000000000000000e+00
794 1306 1.000000000000000000e+00
795 667 1.000000000000000000e+00
795 791 1.000000000000000000e+00
795 797 1.000000000000000000e+00
795 811 1.000000000000000000e+00
795 1307 1.000000000000000000e+00
795 2842 1.000000000000000000e+00
796 668 1.000000000000000000e+00
796 794 1.000000000000000000e+00
796 796 1.000000000000000000e+00
796 812 1.000000000000000000e+00
796 1308 1.000000000000000000e+00
797 669 1.000000000000000000e+00
797 795 1.000000000000000000e+00
797 798 1.000000000000000000e+00
797 813 1.000000000000000000e+00
797 1309 1.000000000000000000e+00
797 2844 1.000000000000000000e+00
798 670 1.000000000000000000e+00
798 797 1.000000000000000000e+00
798 798 1.000000000000000000e+00
798 814 1.000000000000000000e+00
798 1310 1.000000000000000000e+00
799 671 1.000000000000000000e+00
799 799 1.000000000000000000e+00
799 815 1.000000000000000000e+00
799 1311 1.000000000000000000e+00
799 2846 1.000000000000000000e+00
800 672 1.000000000000000000e+00
800 784 1.000000000000000000e+00
800 800 1.000000000000000000e+00
800 832 1.000000000000000000e+00
800 1312 1.000000000000000000e+00
801 673 1.000000000000000000e+00
801 785 1.000000000000000000e+00
801 802 1.000000000000000000e+00
801 833 1.000000000000000000e+00
801 1313 1.000000000000000000e+00
801 2848 1.000000000000000000e+00
802 674 1.000000000000000000e+00
802 786 1.000000000000000000e+00
802 801 1.000000000000000000e+00
802 804 1.000000000000000000e+00
802 834 1.000000000000000000e+00
802 1314 1.000000000000000000e+00
803 675 1.000000000000000000e+00
803 787 1.000000000000000000e+00
803 805 1.000000000000000000e+00
803 835 1.000000000000000000e+00
803 1315 1.000000000000000000e+00
803 2850 1.000000000000000000e+00
804 676 1.000000000000000000e+00
804 788 1.000000000000000000e+00
804 802 1.000000000000000000e+00
804 808 1.000000000000000000e+00
804 836 1.000000000000000000e+00
804 1316 1.000000000000000000e+00
805 677 1.000000000000000000e+00
805 789 1.000000000000000000e+00
805 803 1.000000000000000000e+00
805 805 -1.000000000000000000e+00
805 806 1.000000000000000000e+00
805 809 1.000000000000000000e+00
805 837 1.000000000000000000e+00
805 1317 1.000000000000000000e+00
805 2852 1.000000000000000000e+00
806 678 1.000000000000000000e+00
806 790 1.000000000000000000e+00
806 805 1.000000000000000000e+00
806 810 1.000000000000000000e+00
806 838 1.000000000000000000e+00
806 1318 1.000000000000000000e+00
807 679 1.000000000000000000e+00
807 791 1.000000000000000000e+00
807 811 1.000000000000000000e+00
807 839 1.000000000000000000e+00
807 1319 1.000000000000000000e+00
807 2854 1.000000000000000000e+00
808 680 1.000000000000000000e+00
808 792 1.000000000000000000e+00
808 804 1.000000000000000000e+00
808 816 1.000000000000000000e+00
808 840 1.000000000000000000e+00
808 1320 1.000000000000000000e+00
809 681 1.000000000000000000e+00
809 793 1.000000000000000000e+00
809 805 1.000000000000000000e+00
809 809 -1.000000000000000000e+00
809 810 1.000000000000000000e+00
809 817 1.000000000000000000e+00
809 841 1.000000000000000000e+00
809 1321 1.000000000000000000e+00
809 2856 1.000000000000000000e+00
810 682 1.000000000000000000e+00
810 794 1.000000000000000000e+00
810 806 1.000000000000000000e+00
810 809 1.000000000000000000e+00
810 810 -1.000000000000000000e+00
810 812 1.000000000000000000e+00
810 818 1.000000000000000000e+00
810 842 1.000000000000000000e+00
810 1322 1.000000000000000000e+00
811 683 1.000000000000000000e+00
811 795 1.000000000000000000e+00
811 807 1.000000000000000000e+00
811 811 -1.000000000000000000e+00
811 813 1.000000000000000000e+00
811 819 1.000000000000000000e+00
811 843 1.000000000000000000e+00
811 1323 1.000000000000000000e+00
811 2858 1.000000000000000000e+00
812 684 1.000000000000000000e+00
812 796 1.000000000000000000e+00
812 810 1.000000000000000000e+00
812 820 1.000000000000000000e+00
812 844 1.000000000000000000e+00
812 1324 1.000000000000000000e+00
813 685 1.000000000000000000e+00
813 797 1.000000000000000000e+00
813 811 1.000000000000000000e+00
813 813 -1.000000000000000000e+00
813 814 1.000000000000000000e+00
813 821 1.000000000000000000e+00
813 845 1.000000000000000000e+00
813 1325 1.000000000000000000e+00
813 2860 1.000000000000000000e+00
814 686 1.000000000000000000e+00
814 798 1.000000000000000000e+00
814 813 1.000000000000000000e+00
814 822 1.000000000000000000e+00
814 846 1.000000000000000000e+00
814 1326 1.000000000000000000e+00
815 687 1.000000000000000000e+00
815 799 1.000000000000000000e+00
815 823 1.000000000000000000e+00
815 847 1.000000000000000000e+00
815 1327 1.000000000000000000e+00
815 2862 1.000000000000000000e+00
816 688 1.000000000000000000e+00
816 808 1.000000000000000000e+00
816 816 1.000000000000000000e+00
816 848 1.000000000000000000e+00
816 1328 1.000000000000000000e+00
817 689 1.000000000000000000e+00
817 809 1.000000000000000000e+00
817 818 1.000000000000000000e+00
817 849 1.000000000000000000e+00
817 1329 1.000000000000000000e+00
817 2864 1.000000000000000000e+00
818 690 1.000000000000000000e+00
818 810 1.000000000000000000e+00
818 817 1.000000000000000000e+00
818 820 1.000000000000000000e+00
818 850 1.000000000000000000e+00
818 1330 1.000000000000000000e+00
819 691 1.000000000000000000e+00
819 811 1.000000000000000000e+00
819 821 1.000000000000000000e+00
819 851 1.000000000000000000e+00
819 1331 1.000000000000000000e+00
819 2866 1.000000000000000000e+00
820 692 1.000000000000000000e+00
820 812 1.000000000000000000e+00
820 818 1.000000000000000000e+00
820 824 1.000000000000000000e+00
820 852 1.000000000000000000e+00
820 1332 1.000000000000000000e+00
821 693 1.000000000000000000e+00
821 813 1.000000000000000000e+00
821 819 1.000000000000000000e+00
821 821 -1.000000000000000000e+00
821 822 1.000000000000000000e+00
821 825 1.000000000000000000e+00
821 853 1.000000000000000000e+00
821 1333 1.000000000000000000e+00
821 2868 1.000000000000000000e+00
822 694 1.000000000000000000e+00
822 814 1.000000000000000000e+00
822 821 1.000000000000000000e+00
822 826 1.000000000000000000e+00
822 854 1.000000000000000000e+00
822 1334 1.000000000000000000e+00
823 695 1.000000000000000000e+00
823 815 1.000000000000000000e+00
823 827 1.000000000000000000e+00
823 855 1.000000000000000000e+00
823 1335 1.000000000000000000e+00
823 2870 1.000000000000000000e+00
824 696 1.000000000000000000e+00
824 820 1.000000000000000000e+00
824 824 1.000000000000000000e+00
824 856 1.000000000000000000e+00
824 1336 1.000000000000000000e+00
825 697 1.000000000000000000e+00
825 821 1.000000000000000000e+00
825 826 1.000000000000000000e+00
825 857 1.000000000000000000e+00
825 1337 1.000000000000000000e+00
825 2872 1.000000000000000000e+00
826 698 1.000000000000000000e+00
826 822 1.000000000000000000e+00
826 825 1.000000000000000000e+00
826 828 1.000000000000000000e+00
826 858 1.000000000000000000e+00
826 1338 1.000000000000000000e+00
827 699 1.000000000000000000e+00
827 823 1.000000000000000000e+00
827 829 1.000000000000000000e+00
827 859 1.000000000000000000e+00
827 1339 1.000000000000000000e+00
827 2874 1.000000000000000000e+00
828 700 1.000000000000000000e+00
828 826 1.000000000000000000e+00
828 828 1.000000000000000000e+00
828 860 1.000000000000000000e+00
828 1340 1.000000000000000000e+00
829 701 1.000000000000000000e+00
829 827 1.000000000000000000e+00
829 830 1.000000000000000000e+00
829 861 1.000000000000000000e+00
829 1341 1.000000000000000000e+00
829 2876 1.000000000000000000e+00
830 702 1.000000000000000000e+00
830 829 1.000000000000000000e+00
830 830 1.000000000000000000e+00
830 862 1.000000000000000000e+00
830 1342 1.000000000000000000e+00
831 703 1.000000000000000000e+00
831 831 1.000000000000000000e+00
831 863 1.000000000000000000e+00
831 1343 1.000000000000000000e+00
831 2878 1.000000000000000000e+00
832 704 1.000000000000000000e+00
832 800 1.000000000000000000e+00
832 832 1.000000000000000000e+00
832 896 1.000000000000000000e+00
832 1344 1.000000000000000000e+00
833 705 1.000000000000000000e+00
833 801 1.000000000000000000e+00
833 834 1.000000000000000000e+00
833 897 1.000000000000000000e+00
833 1345 1.000000000000000000e+00
833 2880 1.000000000000000000e+00
834 706 1.000000000000000000e+00
834 802 1.000000000000000000e+00
834 833 1.000000000000000000e+00
834 836 1.000000000000000000e+00
834 898 1.000000000000000000e+00
834 1346 1.000000000000000000e+00
835 707 1.000000000000000000e+00
835 803 1.000000000000000000e+00
835 837 1.000000000000000000e+00
835 899 1.000000000000000000e+00
835 1347 1.000000000000000000e+00
835 2882 1.000000000000000000e+00
836 708 1.000000000000000000e+00
836 804 1.000000000000000000e+00
836 834 1.000000000000000000e+00
836 840 1.000000000000000000e+00
836 900 1.000000000000000000e+00
836 1348 1.000000000000000000e+00
837 709 1.000000000000000000e+00
837 805 1.000000000000000000e+00
837 835 1.000000000000000000e+00
837 837 -1.000000000000000000e+00
837 838 1.000000000000000000e+00
837 841 1.000000000000000000e+00
837 901 1.000000000000000000e+00
837 1349 1.000000000000000000e+00
837 2884 1.000000000000000000e+00
838 710 1.000000000000000000e+00
838 806 1.000000000000000000e+00
838 837 1.000000000000000000e+00
838 842 1.000000000000000000e+00
838 902 1.000000000000000000e+00
838 1350 1.000000000000000000e+00
839 711 1.000000000000000000e+00
839 807 1.000000000000000000e+00
839 843 1.000000000000000000e+00
839 903 1.000000000000000000e+00
839 1351 1.000000000000000000e+00
839 2886 1.000000000000000000e+00
840 712 1.000000000000000000e+00
840 808 1.000000000000000000e+00
840 836 1.000000000000000000e+00
840 848 1.000000000000000000e+00
840 904 1.000000000000000000e+00
840 1352 1.000000000000000000e+00
841 713 1.000000000000000000e+00
841 809 1.000000000000000000e+00
841 837 1.000000000000000000e+00
841 841 -1.000000000000000000e+00
841 842 1.000000000000000000e+00
841 849 1.000000000000000000e+00
841 905 1.000000000000000000e+00
841 1353 1.000000000000000000e+00
841 2888 1.000000000000000000e+00
842 714 1.000000000000000000e+00
842 810 1.000000000000000000e+00
842 838 1.000000000000000000e+00
842 841 1.000000000000000000e+00
842 842 -1.000000000000000000e+00
842 844 1.000000000000000000e+00
842 850 1.000000000000000000e+00
842 906 1.000000000000000000e+00
842 1354 1.000000000000000000e+00
843 715 1.000000000000000000e+00
843 811 1.000000000000000000e+00
843 839 1.000000000000000000e+00
843 843 -1.000000000000000000e+00
843 845 1.000000000000000000e+00
843 851 1.000000000000000000e+00
843 907 1.000000000000000000e+00
843 1355 1.000000000000000000e+00
843 2890 1.000000000000000000e+00
844 716 1.000000000000000000e+00
844 812 1.000000000000000000e+00
844 842 1.000000000000000000e+00
844 852 1.000000000000000000e+00
844 908 1.000000000000000000e+00
844 1356 1.000000000000000000e+00
845 717 1.000000000000000000e+00
845 813 1.000000000000000000e+00
845 843 1.000000000000000000e+00
845 845 -1.000000000000000000e+00
845 846 1.000000000000000000e+00
845 853 1.000000000000000000e+00
845 909 1.000000000000000000e+00
845 1357 1.000000000000000000e+00
845 2892 1.000000000000000000e+00
846 718 1.000000000000000000e+00
846 814 1.000000000000000000e+00
846 845 1.000000000000000000e+00
846 854 1.000000000000000000e+00
846 910 1.000000000000000000e+00
846 1358 1.000000000000000000e+00
847 719 1.000000000000000000e+00
847 815 1.000000000000000000e+00
847 855 1.000000000000000000e+00
847 911 1.000000000000000000e+00
847 1359 1.000000000000000000e+00
847 2894 1.000000000000000000e+00
848 720 1.000000000000000000e+00
848 816 1.000000000000000000e+00
848 840 1.000000000000000000e+00
848 864 1.000000000000000000e+00
848 912 1.000000000000000000e+00
848 1360 1.000000000000000000e+00
849 721 1.000000000000000000e+00
849 817 1.000000000000000000e+00
849 841 1.000000000000000000e+00
849 849 -1.000000000000000000e+00
849 850 1.000000000000000000e+00
849 865 1.000000000000000000e+00
849 913 1.000000000000000000e+00
849 1361 1.000000000000000000e+00
849 2896 1.000000000000000000e+00
850 722 1.000000000000000000e+00
850 818 1.000000000000000000e+00
850 842 1.000000000000000000e+00
850 849 1.000000000000000000e+00
850 850 -1.000000000000000000e+00
850 852 1.000000000000000000e+00
850 866 1.000000000000000000e+00
850 914 1.000000000000000000e+00
850 1362 1.000000000000000000e+00
851 723 1.000000000000000000e+00
851 819 1.000000000000000000e+00
851 843 1.000000000000000000e+00
851 851 -1.000000000000000000e+00
851 853 1.000000000000000000e+00
851 867 1.000000000000000000e+00
851 915 1.000000000000000000e+00
851 1363 1.000000000000000000e+00
851 2898 1.000000000000000000e+00
852 724 1.000000000000000000e+00
852 820 1.000000000000000000e+00
852 844 1.000000000000000000e+00
852 850 1.000000000000000000e+00
852 852 -1.000000000000000000e+00
852 856 1.000000000000000000e+00
852 868 1.000000000000000000e+00
852 916 1.000000000000000000e+00
852 1364 1.000000000000000000e+00
853 725 1.000000000000000000e+00
853 821 1.000000000000000000e+00
853 845 1.000000000000000000e+00
853 851 1.000000000000000000e+00
853 853 -2.000000000000000000e+00
853 854 1.000000000000000000e+00
853 857 1.000000000000000000e+00
853 869 1.000000000000000000e+00
853 917 1.000000000000000000e+00
853 1365 1.000000000000000000e+00
853 2900 1.000000000000000000e+00
854 726 1.000000000000000000e+00
854 822 1.000000000000000000e+00
854 846 1.000000000000000000e+00
854 853 1.000000000000000000e+00
854 854 -1.000000000000000000e+00
854 858 1.000000000000000000e+00
854 870 1.000000000000000000e+00
854 918 1.000000000000000000e+00
854 1366 1.000000000000000000e+00
855 727 1.000000000000000000e+00
855 823 1.000000000000000000e+00
855 847 1.000000000000000000e+00
855 855 -1.000000000000000000e+00
855 859 1.000000000000000000e+00
855 871 1.000000000000000000e+00
855 919 1.000000000000000000e+00
855 1367 1.000000000000000000e+00
855 2902 1.000000000000000000e+00
856 728 1.000000000000000000e+00
856 824 1.000000000000000000e+00
856 852 1.000000000000000000e+00
856 872 1.000000000000000000e+00
856 920 1.000000000000000000e+00
856 1368 1.000000000000000000e+00
857 729 1.000000000000000000e+00
857 825 1.000000000000000000e+00
857 853 1.000000000000000000e+00
857 857 -1.000000000000000000e+00
857 858 1.000000000000000000e+00
857 873 1.000000000000000000e+00
857 921 1.000000000000000000e+00
857 1369 1.000000000000000000e+00
857 2904 1.000000000000000000e+00
858 730 1.000000000000000000e+00
858 826 1.000000000000000000e+00
858 854 1.000000000000000000e+00
858 857 1.000000000000000000e+00
858 858 -1.000000000000000000e+00
858 860 1.000000000000000000e+00
858 874 1.000000000000000000e+00
858 922 1.000000000000000000e+00
858 1370 1.000000000000000000e+00
859 731 1.000000000000000000e+00
859 827 1.000000000000000000e+00
859 855 1.000000000000000000e+00
859 859 -1.000000000000000000e+00
859 861 1.000000000000000000e+00
859 875 1.000000000000000000e+00
859 923 1.000000000000000000e+00
859 1371 1.000000000000000000e+00
859 2906 1.000000000000000000e+00
860 732 1.000000000000000000e+00
860 828 1.000000000000000000e+00
860 858 1.000000000000000000e+00
860 876 1.000000000000000000e+00
860 924 1.000000000000000000e+00
860 1372 1.000000000000000000e+00
861 733 1.000000000000000000e+00
861 829 1.000000000000000000e+00
861 859 1.000000000000000000e+00
861 861 -1.000000000000000000e+00
861 862 1.000000000000000000e+00
861 877 1.000000000000000000e+00
861 925 1.000000000000000000e+00
861 1373 1.000000000000000000e+00
861 2908 1.000000000000000000e+00
862 734 1.000000000000000000e+00
862 830 1.000000000000000000e+00
862 861 1.000000000000000000e+00
862 878 1.000000000000000000e+00
862 926 1.000000000000000000e+00
862 1374 1.000000000000000000e+00
863 735 1.000000000000000000e+00
863 831 1.000000000000000000e+00
863 879 1.000000000000000000e+00
863 927 1.000000000000000000e+00
863 1375 1.000000000000000000e+00
863 2910 1.000000000000000000e+00
864 736 1.000000000000000000e+00
864 848 1.000000000000000000e+00
864 864 1.000000000000000000e+00
864 928 1.000000000000000000e+00
864 1376 1.000000000000000000e+00
865 737 1.000000000000000000e+00
865 849 1.000000000000000000e+00
865 866 1.000000000000000000e+00
865 929 1.000000000000000000e+00
865 1377 1.000000000000000000e+00
865 2912 1.000000000000000000e+00
866 738 1.000000000000000000e+00
866 850 1.000000000000000000e+00
866 865 1.000000000000000000e+00
866 868 1.000000000000000000e+00
866 930 1.000000000000000000e+00
866 1378 1.000000000000000000e+00
867 739 1.000000000000000000e+00
867 851 1.000000000000000000e+00
867 869 1.000000000000000000e+00
867 931 1.000000000000000000e+00
867 1379 1.000000000000000000e+00
867 2914 1.000000000000000000e+00
868 740 1.000000000000000000e+00
868 852 1.000000000000000000e+00
868 866 1.000000000000000000e+00
868 872 1.000000000000000000e+00
868 932 1.000000000000000000e+00
868 1380 1.000000000000000000e+00
869 741 1.000000000000000000e+00
869 853 1.000000000000000000e+00
869 867 1.000000000000000000e+00
869 869 -1.000000000000000000e+00
869 870 1.000000000000000000e+00
869 873 1.000000000000000000e+00
869 933 1.000000000000000000e+00
869 1381 1.000000000000000000e+00
869 2916 1.000000000000000000e+00
870 742 1.000000000000000000e+00
870 854 1.000000000000000000e+00
870 869 1.000000000000000000e+00
870 874 1.000000000000000000e+00
870 934 1.000000000000000000e+00
870 1382 1.000000000000000000e+00
871 743 1.000000000000000000e+00
871 855 1.000000000000000000e+00
871 875 1.000000000000000000e+00
871 935 1.000000000000000000e+00
871 1383 1.000000000000000000e+00
871 2918 1.000000000000000000e+00
872 744 1.000000000000000000e+00
872 856 1.000000000000000000e+00
872 868 1.000000000000000000e+00
872 880 1.000000000000000000e+00
872 936 1.000000000000000000e+00
872 1384 1.000000000000000000e+00
873 745 1.000000000000000000e+00
873 857 1.000000000000000000e+00
873 869 1.000000000000000000e+00
873 873 -1.000000000000000000e+00
873 874 1.000000000000000000e+00
873 881 1.000000000000000000e+00
873 937 1.000000000000000000e+00
873 1385 1.000000000000000000e+00
873 2920 1.000000000000000000e+00
874 746 1.000000000000000000e+00
874 858 1.000000000000000000e+00
874 870 1.000000000000000000e+00
874 873 1.000000000000000000e+00
874 874 -1.000000000000000000e+00
874 876 1.000000000000000000e+00
874 882 1.000000000000000000e+00
874 938 1.000000000000000000e+00
874 1386 1.000000000000000000e+00
875 747 1.000000000000000000e+00
875 859 1.000000000000000000e+00
875 871 1.000000000000000000e+00
875 875 -1.000000000000000000e+00
875 877 1.000000000000000000e+00
875 883 1.000000000000000000e+00
875 939 1.000000000000000000e+00
875 1387 1.000000000000000000e+00
875 2922 1.000000000000000000e+00
876 748 1.000000000000000000e+00
876 860 1.000000000000000000e+00
876 874 1.000000000000000000e+00
876 884 1.000000000000000000e+00
876 940 1.000000000000000000e+00
876 1388 1.000000000000000000e+00
877 749 1.000000000000000000e+00
877 861 1.000000000000000000e+00
877 875 1.000000000000000000e+00
877 877 -1.000000000000000000e+00
877 878 1.000000000000000000e+00
877 885 1.000000000000000000e+00
877 941 1.000000000000000000e+00
877 1389 1.000000000000000000e+00
877 2924 1.000000000000000000e+00
878 750 1.000000000000000000e+00
878 862 1.000000000000000000e+00
878 877 1.000000000000000000e+00
878 886 1.000000000000000000e+00
878 942 1.000000000000000000e+00
878 1390 1.000000000000000000e+00
879 751 1.000000000000000000e+00
879 863 1.000000000000000000e+00
879 887 1.000000000000000000e+00
879 943 1.000000000000000000e+00
879 1391 1.000000000000000000e+00
879 2926 1.000000000000000000e+00
880 752 1.000000000000000000e+00
880 872 1.000000000000000000e+00
880 880 1.000000000000000000e+00
880 944 1.000000000000000000e+00
880 1392 1.000000000000000000e+00
881 753 1.000000000000000000e+00
881 873 1.000000000000000000e+00
881 882 1.000000000000000000e+00
881 945 1.000000000000000000e+00
881 1393 1.000000000000000000e+00
881 2928 1.000000000000000000e+00
882 754 1.000000000000000000e+00
882 874 1.000000000000000000e+00
882 881 1.000000000000000000e+00
882 884 1.000000000000000000e+00
882 946 1.000000000000000000e+00
882 1394 1.000000000000000000e+00
883 755 1.000000000000000000e+00
883 875 1.000000000000000000e+00
883 885 1.000000000000000000e+00
883 947 1.000000000000000000e+00
883 1395 1.000000000000000000e+00
883 2930 1.000000000000000000e+00
884 756 1.000000000000000000e+00
884 876 1.000000000000000000e+00
884 882 1.000000000000000000e+00
884 888 1.000000000000000000e+00
884 948 1.000000000000000000e+00
884 1396 1.000000000000000000e+00
885 757 1.000000000000000000e+00
885 877 1.000000000000000000e+00
885 883 1.000000000000000000e+00
885 885 -1.000000000000000000e+00
885 886 1.000000000000000000e+00
885 889 1.000000000000000000e+00
885 949 1.000000000000000000e+00
885 1397 1.000000000000000000e+00
885 2932 1.000000000000000000e+00
886 758 1.000000000000000000e+00
886 878 1.000000000000000000e+00
886 885 1.000000000000000000e+00
886 890 1.000000000000000000e+00
886 950 1.000000000000000000e+00
886 1398 1.000000000000000000e+00
887 759 1.000000000000000000e+00
887 879 1.000000000000000000e+00
887 891 1.000000000000000000e+00
887 951 1.000000000000000000e+00
887 1399 1.000000000000000000e+00
887 2934 1.000000000000000000e+00
888 760 1.000000000000000000e+00
888 884 1.000000000000000000e+00
888 888 1.000000000000000000e+00
888 952 1.000000000000000000e+00
888 1400 1.000000000000000000e+00
889 761 1.000000000000000000e+00
889 885 1.000000000000000000e+00
889 890 1.000000000000000000e+00
889 953 1.000000000000000000e+00
889 1401 1.000000000000000000e+00
889 2936 1.000000000000000000e+00
890 762 1.000000000000000000e+00
890 886 1.000000000000000000e+00
890 889 1.000000000000000000e+00
890 892 1.000000000000000000e+00
890 954 1.000000000000000000e+00
890 1402 1.000000000000000000e+00
891 763 1.000000000000000000e+00
891 887 1.000000000000000000e+00
891 893 1.000000000000000000e+00
891 955 1.000000000000000000e+00
891 1403 1.000000000000000000e+00
891 2938 1.000000000000000000e+00
892 764 1.000000000000000000e+00
892 890 1.000000000000000000e+00
892 892 1.000000000000000000e+00
892 956 1.000000000000000000e+00
892 1404 1.000000000000000000e+00
893 765 1.000000000000000000e+00
893 891 1.000000000000000000e+00
893 894 1.000000000000000000e+00
893 957 1.000000000000000000e+00
893 1405 1.000000000000000000e+00
893 2940 1.000000000000000000e+00
894 766 1.000000000000000000e+00
894 893 1.000000000000000000e+00
894 894 1.000000000000000000e+00
894 958 1.000000000000000000e+00
894 1406 1.000000000000000000e+00
895 767 1.000000000000000000e+00
895 895 1.000000000000000000e+00
895 959 1.000000000000000000e+00
895 1407 1.000000000000000000e+00
895 2942 1.000000000000000000e+00
896 832 1.000000000000000000e+00
896 896 2.000000000000000000e+00
896 1408 1.000000000000000000e+00
897 833 1.000000000000000000e+00
897 897 1.000000000000000000e+00
897 898 1.000000000000000000e+00
897 1409 1.000000000000000000e+00
897 2944 1.000000000000000000e+00
898 834 1.000000000000000000e+00
898 897 1.000000000000000000e+00
898 898 1.000000000000000000e+00
898 900 1.000000000000000000e+00
898 1410 1.000000000000000000e+00
899 835 1.000000000000000000e+00
899 899 1.000000000000000000e+00
899 901 1.000000000000000000e+00
899 1411 1.000000000000000000e+00
899 2946 1.000000000000000000e+00
900 836 1.000000000000000000e+00
900 898 1.000000000000000000e+00
900 900 1.000000000000000000e+00
900 904 1.000000000000000000e+00
900 1412 1.000000000000000000e+00
901 837 1.000000000000000000e+00
901 899 1.000000000000000000e+00
901 902 1.000000000000000000e+00
901 905 1.000000000000000000e+00
901 1413 1.000000000000000000e+00
901 2948 1.000000000000000000e+00
902 838 1.000000000000000000e+00
902 901 1.000000000000000000e+00
902 902 1.000000000000000000e+00
902 906 1.000000000000000000e+00
902 1414 1.000000000000000000e+00
903 839 1.000000000000000000e+00
903 903 1.000000000000000000e+00
903 907 1.000000000000000000e+00
903 1415 1.000000000000000000e+00
903 2950 1.000000000000000000e+00
904 840 1.000000000000000000e+00
904 900 1.000000000000000000e+00
904 904 1.000000000000000000e+00
904 912 1.000000000000000000e+00
904 1416 1.000000000000000000e+00
905 841 1.000000000000000000e+00
905 901 1.000000000000000000e+00
905 906 1.000000000000000000e+00
905 913 1.000000000000000000e+00
905 1417 1.000000000000000000e+00
905 2952 1.000000000000000000e+00
906 842 1.000000000000000000e+00
906 902 1.000000000000000000e+00
906 905 1.000000000000000000e+00
906 908 1.000000000000000000e+00
906 914 1.000000000000000000e+00
906 1418 1.000000000000000000e+00
907 843 1.000000000000000000e+00
907 903 1.000000000000000000e+00
907 909 1.000000000000000000e+00
907 915 1.000000000000000000e+00
907 1419 1.000000000000000000e+00
907 2954 1.000000000000000000e+00
908 844 1.000000000000000000e+00
908 906 1.000000000000000000e+00
908 908 1.000000000000000000e+00
908 916 1.000000000000000000e+00
908 1420 1.000000000000000000e+00
909 845 1.000000000000000000e+00
909 907 1.000000000000000000e+00
909 910 1.000000000000000000e+00
909 917 1.000000000000000000e+00
909 1421 1.000000000000000000e+00
909 2956 1.000000000000000000e+00
910 846 1.000000000000000000e+00
910 909 1.000000000000000000e+00
910 910 1.000000000000000000e+00
910 918 1.000000000000000000e+00
910 1422 1.000000000000000000e+00
911 847 1.000000000000000000e+00
911 911 1.000000000000000000e+00
911 919 1.000000000000000000e+00
911 1423 1.000000000000000000e+00
911 2958 1.000000000000000000e+00
912 848 1.000000000000000000e+00
912 904 1.000000000000000000e+00
912 912 1.000000000000000000e+00
912 928 1.000000000000000000e+00
912 1424 1.000000000000000000e+00
913 849 1.000000000000000000e+00
913 905 1.000000000000000000e+00
913 914 1.000000000000000000e+00
913 929 1.000000000000000000e+00
913 1425 1.000000000000000000e+00
913 2960 1.000000000000000000e+00
914 850 1.000000000000000000e+00
914 906 1.000000000000000000e+00
914 913 1.000000000000000000e+00
914 916 1.000000000000000000e+00
914 930 1.000000000000000000e+00
914 1426 1.000000000000000000e+00
915 851 1.000000000000000000e+00
915 907 1.000000000000000000e+00
915 917 1.000000000000000000e+00
915 931 1.000000000000000000e+00
915 1427 1.000000000000000000e+00
915 2962 1.000000000000000000e+00
916 852 1.000000000000000000e+00
916 908 1.000000000000000000e+00
916 914 1.000000000000000000e+00
916 920 1.000000000000000000e+00
916 932 1.000000000000000000e+00
916 1428 1.000000000000000000e+00
917 853 1.000000000000000000e+00
917 909 1.000000000000000000e+00
917 915 1.000000000000000000e+00
917 917 -1.000000000000000000e+00
917 918 1.000000000000000000e+00
917 921 1.000000000000000000e+00
917 933 1.000000000000000000e+00
917 1429 1.000000000000000000e+00
917 2964 1.000000000000000000e+00
918 854 1.000000000000000000e+00
918 910 1.000000000000000000e+00
918 917 1.000000000000000000e+00
918 922 1.000000000000000000e+00
918 934 1.000000000000000000e+00
918 1430 1.000000000000000000e+00
919 855 1.000000000000000000e+00
919 911 1.000000000000000000e+00
919 923 1.000000000000000000e+00
919 935 1.000000000000000000e+00
919 1431 1.000000000000000000e+00
919 2966 1.000000000000000000e+00
920 856 1.000000000000000000e+00
920 916 1.000000000000000000e+00
920 920 1.000000000000000000e+00
920 936 1.000000000000000000e+00
920 1432 1.000000000000000000e+00
921 857 1.000000000000000000e+00
921 917 1.000000000000000000e+00
921 922 1.000000000000000000e+00
921 937 1.000000000000000000e+00
921 1433 1.000000000000000000e+00
921 2968 1.000000000000000000e+00
922 858 1.000000000000000000e+00
922 918 1.000000000000000000e+00
922 921 1.000000000000000000e+00
922 924 1.000000000000000000e+00
922 938 1.000000000000000000e+00
922 1434 1.000000000000000000e+00
923 859 1.000000000000000000e+00
923 919 1.000000000000000000e+00
923 925 1.000000000000000000e+00
923 939 1.000000000000000000e+00
923 1435 1.000000000000000000e+00
923 2970 1.000000000000000000e+00
924 860 1.000000000000000000e+00
924 922 1.000000000000000000e+00
924 924 1.000000000000000000e+00
924 940 1.000000000000000000e+00
924 1436 1.000000000000000000e+00
925 861 1.000000000000000000e+00
925 923 1.000000000000000000e+00
925 926 1.000000000000000000e+00
925 941 1.000000000000000000e+00
925 1437 1.000000000000000000e+00
925 2972 1.000000000000000000e+00
926 862 1.000000000000000000e+00
926 925 1.000000000000000000e+00
926 926 1.000000000000000000e+00
926 942 1.000000000000000000e+00
926 1438 1.000000000000000000e+00
927 863 1.000000000000000000e+00
927 927 1.000000000000000000e+00
927 943 1.000000000000000000e+00
927 1439 1.000000000000000000e+00
927 2974 1.000000000000000000e+00
928 864 1.000000000000000000e+00
928 912 1.000000000000000000e+00
928 928 1.000000000000000000e+00
928 960 1.000000000000000000e+00
928 1440 1.000000000000000000e+00
929 865 1.000000000000000000e+00
929 913 1.000000000000000000e+00
929 930 1.000000000000000000e+00
929 961 1.000000000000000000e+00
929 1441 1.000000000000000000e+00
929 2976 1.000000000000000000e+00
930 866 1.000000000000000000e+00
930 914 1.000000000000000000e+00
930 929 1.000000000000000000e+00
930 932 1.000000000000000000e+00
930 962 1.000000000000000000e+00
930 1442 1.000000000000000000e+00
931 867 1.000000000000000000e+00
931 915 1.000000000000000000e+00
931 933 1.000000000000000000e+00
931 963 1.000000000000000000e+00
931 1443 1.000000000000000000e+00
931 2978 1.000000000000000000e+00
932 868 1.000000000000000000e+00
932 916 1.000000000000000000e+00
932 930 1.000000000000000000e+00
932 936 1.000000000000000000e+00
932 964 1.000000000000000000e+00
932 1444 1.000000000000000000e+00
933 869 1.000000000000000000e+00
933 917 1.000000000000000000e+00
933 931 1.000000000000000000e+00
933 933 -1.000000000000000000e+00
933 934 1.000000000000000000e+00
933 937 1.000000000000000000e+00
933 965 1.000000000000000000e+00
933 1445 1.000000000000000000e+00
933 2980 1.000000000000000000e+00
934 870 1.000000000000000000e+00
934 918 1.000000000000000000e+00
934 933 1.000000000000000000e+00
934 938 1.000000000000000000e+00
934 966 1.000000000000000000e+00
934 1446 1.000000000000000000e+00
935 871 1.000000000000000000e+00
935 919 1.000000000000000000e+00
935 939 1.000000000000000000e+00
935 967 1.000000000000000000e+00
935 1447 1.000000000000000000e+00
935 2982 1.000000000000000000e+00
936 872 1.000000000000000000e+00
936 920 1.000000000000000000e+00
936 932 1.000000000000000000e+00
936 944 1.000000000000000000e+00
936 968 1.000000000000000000e+00
936 1448 1.000000000000000000e+00
937 873 1.000000000000000000e+00
937 921 1.000000000000000000e+00
937 933 1.000000000000000000e+00
937 937 -1.000000000000000000e+00
937 938 1.000000000000000000e+00
937 945 1.000000000000000000e+00
937 969 1.000000000000000000e+00
937 1449 1.000000000000000000e+00
937 2984 1.000000000000000000e+00
938 874 1.000000000000000000e+00
938 922 1.000000000000000000e+00
938 934 1.000000000000000000e+00
938 937 1.000000000000000000e+00
938 938 -1.000000000000000000e+00
938 940 1.000000000000000000e+00
938 946 1.000000000000000000e+00
938 970 1.000000000000000000e+00
938 1450 1.000000000000000000e+00
939 875 1.000000000000000000e+00
939 923 1.000000000000000000e+00
939 935 1.000000000000000000e+00
939 939 -1.000000000000000000e+00
939 941 1.000000000000000000e+00
939 947 1.000000000000000000e+00
939 971 1.000000000000000000e+00
939 1451 1.000000000000000000e+00
939 2986 1.000000000000000000e+00
940 876 1.000000000000000000e+00
940 924 1.000000000000000000e+00
940 938 1.000000000000000000e+00
940 948 1.000000000000000000e+00
940 972 1.000000000000000000e+00
940 1452 1.000000000000000000e+00
941 877 1.000000000000000000e+00
941 925 1.000000000000000000e+00
941 939 1.000000000000000000e+00
941 941 -1.000000000000000000e+00
941 942 1.000000000000000000e+00
941 949 1.000000000000000000e+00
941 973 1.000000000000000000e+00
941 1453 1.000000000000000000e+00
941 2988 1.000000000000000000e+00
942 878 1.000000000000000000e+00
942 926 1.000000000000000000e+00
942 941 1.000000000000000000e+00
942 950 1.000000000000000000e+00
942 974 1.000000000000000000e+00
942 1454 1.000000000000000000e+00
943 879 1.000000000000000000e+00
943 927 1.000000000000000000e+00
943 951 1.000000000000000000e+00
943 975 1.000000000000000000e+00
943 1455 1.000000000000000000e+00
943 2990 1.000000000000000000e+00
944 880 1.000000000000000000e+00
944 936 1.000000000000000000e+00
944 944 1.000000000000000000e+00
944 976 1.000000000000000000e+00
944 1456 1.000000000000000000e+00
945 881 1.000000000000000000e+00
945 937 1.000000000000000000e+00
945 946 1.000000000000000000e+00
945 977 1.000000000000000000e+00
945 1457 1.000000000000000000e+00
945 2992 1.000000000000000000e+00
946 882 1.000000000000000000e+00
946 938 1.000000000000000000e+00
946 945 1.000000000000000000e+00
946 948 1.000000000000000000e+00
946 978 1.000000000000000000e+00
946 1458 1.000000000000000000e+00
947 883 1.000000000000000000e+00
947 939 1.000000000000000000e+00
947 949 1.000000000000000000e+00
947 979 1.000000000000000000e+00
947 1459 1.000000000000000000e+00
947 2994 1.000000000000000000e+00
948 884 1.000000000000000000e+00
948 940 1.000000000000000000e+00
948 946 1.000000000000000000e+00
948 952 1.000000000000000000e+00
948 980 1.000000000000000000e+00
948 1460 1.000000000000000000e+00
949 885 1.000000000000000000e+00
949 941 1.000000000000000000e+00
949 947 1.000000000000000000e+00
949 949 -1.000000000000000000e+00
949 950 1.000000000000000000e+00
949 953 1.000000000000000000e+00
949 981 1.000000000000000000e+00
949 1461 1.000000000000000000e+00
949 2996 1.000000000000000000e+00
950 886 1.000000000000000000e+00
950 942 1.000000000000000000e+00
950 949 1.000000000000000000e+00
950 954 1.000000000000000000e+00
950 982 1.000000000000000000e+00
950 1462 1.000000000000000000e+00
951 887 1.000000000000000000e+00
951 943 1.000000000000000000e+00
951 955 1.000000000000000000e+00
951 983 1.000000000000000000e+00
951 1463 1.000000000000000000e+00
951 2998 1.000000000000000000e+00
952 888 1.000000000000000000e+00
952 948 1.000000000000000000e+00
952 952 1.000000000000000000e+00
952 984 1.000000000000000000e+00
952 1464 1.000000000000000000e+00
953 889 1.000000000000000000e+00
953 949 1.000000000000000000e+00
953 954 1.000000000000000000e+00
953 985 1.000000000000000000e+00
953 1465 1.000000000000000000e+00
953 3000 1.000000000000000000e+00
954 890 1.000000000000000000e+00
954 950 1.000000000000000000e+00
954 953 1.000000000000000000e+00
954 956 1.000000000000000000e+00
954 986 1.000000000000000000e+00
954 1466 1.000000000000000000e+00
955 891 1.000000000000000000e+00
955 951 1.000000000000000000e+00
955 957 1.000000000000000000e+00
955 987 1.000000000000000000e+00
955 1467 1.000000000000000000e+00
955 3002 1.000000000000000000e+00
956 892 1.000000000000000000e+00
956 954 1.000000000000000000e+00
956 956 1.000000000000000000e+00
956 988 1.000000000000000000e+00
956 1468 1.000000000000000000e+00
957 893 1.000000000000000000e+00
957 955 1.000000000000000000e+00
957 958 1.000000000000000000e+00
957 989 1.000000000000000000e+00
957 1469 1.000000000000000000e+00
957 3004 1.000000000000000000e+00
958 894 1.000000000000000000e+00
958 957 1.000000000000000000e+00
958 958 1.000000000000000000e+00
958 990 1.000000000000000000e+00
958 1470 1.000000000000000000e+00
959 895 1.000000000000000000e+00
959 959 1.000000000000000000e+00
959 991 1.000000000000000000e+00
959 1471 1.000000000000000000e+00
959 3006 1.000000000000000000e+00
960 928 1.000000000000000000e+00
960 960 2.000000000000000000e+00
960 1472 1.000000000000000000e+00
961 929 1.000000000000000000e+00
961 961 1.000000000000000000e+00
961 962 1.000000000000000000e+00
961 1473 1.000000000000000000e+00
961 3008 1.000000000000000000e+00
962 930 1.000000000000000000e+00
962 961 1.000000000000000000e+00
962 962 1.000000000000000000e+00
962 964 1.000000000000000000e+00
962 1474 1.000000000000000000e+00
963 931 1.000000000000000000e+00
963 963 1.000000000000000000e+00
963 965 1.000000000000000000e+00
963 1475 1.000000000000000000e+00
963 3010 1.000000000000000000e+00
964 932 1.000000000000000000e+00
964 962 1.000000000000000000e+00
964 964 1.000000000000000000e+00
964 968 1.000000000000000000e+00
964 1476 1.000000000000000000e+00
965 933 1.000000000000000000e+00
965 963 1.000000000000000000e+00
965 966 1.000000000000000000e+00
965 969 1.000000000000000000e+00
965 1477 1.000000000000000000e+00
965 3012 1.000000000000000000e+00
966 934 1.000000000000000000e+00
966 965 1.000000000000000000e+00
966 966 1.000000000000000000e+00
966 970 1.000000000000000000e+00
966 1478 1.000000000000000000e+00
967 935 1.000000000000000000e+00
967 967 1.000000000000000000e+00
967 971 1.000000000000000000e+00
967 1479 1.000000000000000000e+00
967 3014 1.000000000000000000e+00
968 936 1.000000000000000000e+00
968 964 1.000000000000000000e+00
968 968 1.000000000000000000e+00
968 976 1.000000000000000000e+00
968 1480 1.000000000000000000e+00
969 937 1.000000000000000000e+00
969 965 1.000000000000000000e+00
969 970 1.000000000000000000e+00
969 977 1.000000000000000000e+00
969 1481 1.000000000000000000e+00
969 3016 1.000000000000000000e+00
970 938 1.000000000000000000e+00
970 966 1.000000000000000000e+00
970 969 1.000000000000000000e+00
970 972 1.000000000000000000e+00
970 978 1.000000000000000000e+00
970 1482 1.000000000000000000e+00
971 939 1.000000000000000000e+00
971 967 1.000000000000000000e+00
971 973 1.000000000000000000e+00
971 979 1.000000000000000000e+00
971 1483 1.000000000000000000e+00
971 3018 1.000000000000000000e+00
972 940 1.000000000000000000e+00
972 970 1.000000000000000000e+00
972 972 1.000000000000000000e+00
972 980 1.000000000000000000e+00
972 1484 1.000000000000000000e+00
973 941 1.000000000000000000e+00
973 971 1.000000000000000000e+00
973 974 1.000000000000000000e+00
973 981 1.000000000000000000e+00
973 1485 1.000000000000000000e+00
973 3020 1.000000000000000000e+00
974 942 1.000000000000000000e+00
974 973 1.000000000000000000e+00
974 974 1.000000000000000000e+00
974 982 1.000000000000000000e+00
974 1486 1.000000000000000000e+00
975 943 1.000000000000000000e+00
975 975 1.000000000000000000e+00
975 983 1.000000000000000000e+00
975 1487 1.000000000000000000e+00
975 3022 1.000000000000000000e+00
976 944 1.000000000000000000e+00
976 968 1.000000000000000000e+00
976 976 1.000000000000000000e+00
976 992 1.000000000000000000e+00
976 1488 1.000000000000000000e+00
977 945 1.000000000000000000e+00
977 969 1.000000000000000000e+00
977 978 1.000000000000000000e+00
977 993 1.000000000000000000e+00
977 1489 1.000000000000000000e+00
977 3024 1.000000000000000000e+00
978 946 1.000000000000000000e+00
978 970 1.000000000000000000e+00
978 977 1.000000000000000000e+00
978 980 1.000000000000000000e+00
978 994 1.000000000000000000e+00
978 1490 1.000000000000000000e+00
979 947 1.000000000000000000e+00
979 971 1.000000000000000000e+00
979 981 1.000000000000000000e+00
979 995 1.000000000000000000e+00
979 1491 1.000000000000000000e+00
979 3026 1.000000000000000000e+00
980 948 1.000000000000000000e+00
980 972 1.000000000000000000e+00
980 978 1.000000000000000000e+00
980 984 1.000000000000000000e+00
980 996 1.000000000000000000e+00
980 1492 1.000000000000000000e+00
981 949 1.000000000000000000e+00
981 973 1.000000000000000000e+00
981 979 1.000000000000000000e+00
981 981 -1.000000000000000000e+00
981 982 1.000000000000000000e+00
981 985 1.000000000000000000e+00
981 997 1.000000000000000000e+00
981 1493 1.000000000000000000e+00
981 3028 1.000000000000000000e+00
982 950 1.000000000000000000e+00
982 974 1.000000000000000000e+00
982 981 1.000000000000000000e+00
982 986 1.000000000000000000e+00
982 998 1.000000000000000000e+00
982 1494 1.000000000000000000e+00
983 951 1.000000000000000000e+00
983 975 1.000000000000000000e+00
983 987 1.000000000000000000e+00
983 999 1.000000000000000000e+00
983 1495 1.000000000000000000e+00
983 3030 1.000000000000000000e+00
984 952 1.000000000000000000e+00
984 980 1.000000000000000000e+00
984 984 1.000000000000000000e+00
984 1000 1.000000000000000000e+00
984 1496 1.000000000000000000e+00
985 953 1.000000000000000000e+00
985 981 1.000000000000000000e+00
985 986 1.000000000000000000e+00
985 1001 1.000000000000000000e+00
985 1497 1.000000000000000000e+00
985 3032 1.000000000000000000e+00
986 954 1.000000000000000000e+00
986 982 1.000000000000000000e+00
986 985 1.000000000000000000e+00
986 988 1.000000000000000000e+00
986 1002 1.000000000000000000e+00
986 1498 1.000000000000000000e+00
987 955 1.000000000000000000e+00
987 983 1.000000000000000000e+00
987 989 1.000000000000000000e+00
987 1003 1.000000000000000000e+00
987 1499 1.000000000000000000e+00
987 3034 1.000000000000000000e+00
988 956 1.000000000000000000e+00
988 986 1.000000000000000000e+00
988 988 1.000000000000000000e+00
988 1004 1.000000000000000000e+00
988 1500 1.000000000000000000e+00
989 957 1.000000000000000000e+00
989 987 1.000000000000000000e+00
989 990 1.000000000000000000e+00
989 1005 1.000000000000000000e+00
989 1501 1.000000000000000000e+00
989 3036 1.000000000000000000e+00
990 958 1.000000000000000000e+00
990 989 1.000000000000000000e+00
990 990 1.000000000000000000e+00
990 1006 1.000000000000000000e+00
990 1502 1.000000000000000000e+00
991 959 1.000000000000000000e+00
991 991 1.000000000000000000e+00
991 1007 1.000000000000000000e+00
991 1503 1.000000000000000000e+00
991 3038 1.000000000000000000e+00
992 976 1.000000000000000000e+00
992 992 2.000000000000000000e+00
992 1504 1.000000000000000000e+00
993 977 1.000000000000000000e+00
993 993 1.000000000000000000e+00
993 994 1.000000000000000000e+00
993 1505 1.000000000000000000e+00
993 3040 1.000000000000000000e+00
994 978 1.000000000000000000e+00
994 993 1.000000000000000000e+00
994 994 1.000000000000000000e+00
994 996 1.000000000000000000e+00
994 1506 1.000000000000000000e+00
995 979 1.000000000000000000e+00
995 995 1.000000000000000000e+00
995 997 1.000000000000000000e+00
995 1507 1.000000000000000000e+00
995 3042 1.000000000000000000e+00
996 980 1.000000000000000000e+00
996 994 1.000000000000000000e+00
996 996 1.000000000000000000e+00
996 1000 1.000000000000000000e+00
996 1508 1.000000000000000000e+00
997 981 1.000000000000000000e+00
997 995 1.000000000000000000e+00
997 998 1.000000000000000000e+00
997 1001 1.000000000000000000e+00
997 1509 1.000000000000000000e+00
997 3044 1.000000000000000000e+00
998 982 1.000000000000000000e+00
998 997 1.000000000000000000e+00
998 998 1.000000000000000000e+00
998 1002 1.000000000000000000e+00
998 1510 1.000000000000000000e+00
999 983 1.000000000000000000e+00
999 999 1.000000000000000000e+00
999 1003 1.000000000000000000e+00
999 1511 1.000000000000000000e+00
999 3046 1.000000000000000000e+00
1000 984 1.000000000000000000e+00
1000 996 1.000000000000000000e+00
1000 1000 1.000000000000000000e+00
1000 1008 1.000000000000000000e+00
1000 1512 1.000000000000000000e+00
1001 985 1.000000000000000000e+00
1001 997 1.000000000000000000e+00
1001 1002 1.000000000000000000e+00
1001 1009 1.000000000000000000e+00
1001 1513 1.000000000000000000e+00
1001 3048 1.000000000000000000e+00
1002 986 1.000000000000000000e+00
1002 998 1.000000000000000000e+00
1002 1001 1.000000000000000000e+00
1002 1004 1.000000000000000000e+00
1002 1010 1.000000000000000000e+00
1002 1514 1.000000000000000000e+00
1003 987 1.000000000000000000e+00
1003 999 1.000000000000000000e+00
1003 1005 1.000000000000000000e+00
1003 1011 1.000000000000000000e+00
1003 1515 1.000000000000000000e+00
1003 3050 1.000000000000000000e+00
1004 988 1.000000000000000000e+00
1004 1002 1.000000000000000000e+00
1004 1004 1.000000000000000000e+00
1004 1012 1.000000000000000000e+00
1004 1516 1.000000000000000000e+00
1005 989 1.000000000000000000e+00
1005 1003 1.000000000000000000e+00
1005 1006 1.000000000000000000e+00
1005 1013 1.000000000000000000e+00
1005 1517 1.000000000000000000e+00
1005 3052 1.000000000000000000e+00
1006 990 1.000000000000000000e+00
1006 1005 1.000000000000000000e+00
1006 1006 1.000000000000000000e+00
1006 1014 1.000000000000000000e+00
1006 1518 1.000000000000000000e+00
1007 991 1.000000000000000000e+00
1007 1007 1.000000000000000000e+00
1007 1015 1.000000000000000000e+00
1007 1519 1.000000000000000000e+00
1007 3054 1.000000000000000000e+00
1008 1000 1.000000000000000000e+00
1008 1008 2.000000000000000000e+00
1008 1520 1.000000000000000000e+00
1009 1001 1.000000000000000000e+00
1009 1009 1.000000000000000000e+00
1009 1010 1.000000000000000000e+00
1009 1521 1.000000000000000000e+00
1009 3056 1.000000000000000000e+00
1010 1002 1.000000000000000000e+00
1010 1009 1.000000000000000000e+00
1010 1010 1.000000000000000000e+00
1010 1012 1.000000000000000000e+00
1010 1522 1.000000000000000000e+00
1011 1003 1.000000000000000000e+00
1011 1011 1.000000000000000000e+00
1011 1013 1.000000000000000000e+00
1011 1523 1.000000000000000000e+00
1011 3058 1.000000000000000000e+00
1012 1004 1.000000000000000000e+00
1012 1010 1.000000000000000000e+00
1012 1012 1.000000000000000000e+00
1012 1016 1.000000000000000000e+00
1012 1524 1.000000000000000000e+00
1013 1005 1.000000000000000000e+00
1013 1011 1.000000000000000000e+00
1013 1014 1.000000000000000000e+00
1013 1017 1.000000000000000000e+00
1013 1525 1.000000000000000000e+00
1013 3060 1.000000000000000000e+00
1014 1006 1.000000000000000000e+00
1014 1013 1.000000000000000000e+00
1014 1014 1.000000000000000000e+00
1014 1018 1.000000000000000000e+00
1014 1526 1.000000000000000000e+00
1015 1007 1.000000000000000000e+00
1015 1015 1.000000000000000000e+00
1015 1019 1.000000000000000000e+00
1015 1527 1.000000000000000000e+00
1015 3062 1.000000000000000000e+00
1016 1012 1.000000000000000000e+00
1016 1016 2.000000000000000000e+00
1016 1528 1.000000000000000000e+00
1017 1013 1.000000000000000000e+00
1017 1017 1.000000000000000000e+00
1017 1018 1.000000000000000000e+00
1017 1529 1.000000000000000000e+00
1017 3064 1.000000000000000000e+00
1018 1014 1.000000000000000000e+00
1018 1017 1.000000000000000000e+00
1018 1018 1.000000000000000000e+00
1018 1020 1.000000000000000000e+00
1018 1530 1.000000000000000000e+00
1019 1015 1.000000000000000000e+00
1019 1019 1.000000000000000000e+00
1019 1021 1.000000000000000000e+00
1019 1531 1.000000000000000000e+00
1019 3066 1.000000000000000000e+00
1020 1018 1.000000000000000000e+00
1020 1020 2.000000000000000000e+00
1020 1532 1.000000000000000000e+00
1021 1019 1.000000000000000000e+00
1021 1021 1.000000000000000000e+00
1021 1022 1.000000000000000000e+00
1021 1533 1.000000000000000000e+00
1021 3068 1.000000000000000000e+00
1022 1021 1.000000000000000000e+00
1022 1022 2.000000000000000000e+00
1022 1534 1.000000000000000000e+00
1023 1023 2.000000000000000000e+00
1023 1535 1.000000000000000000e+00
1023 3070 1.000000000000000000e+00
1024 512 1.000000000000000000e+00
1024 1024 2.000000000000000000e+00
1024 2048 1.000000000000000000e+00
1025 513 1.000000000000000000e+00
1025 1025 1.000000000000000000e+00
1025 1026 1.000000000000000000e+00
1025 2049 1.000000000000000000e+00
1025 3072 1.000000000000000000e+00
1026 514 1.000000000000000000e+00
1026 1025 1.000000000000000000e+00
1026 1026 1.000000000000000000e+00
1026 1028 1.000000000000000000e+00
1026 2050 1.000000000000000000e+00
1027 515 1.000000000000000000e+00
1027 1027 1.000000000000000000e+00
1027 1029 1.000000000000000000e+00
1027 2051 1.000000000000000000e+00
1027 3074 1.000000000000000000e+00
1028 516 1.000000000000000000e+00
1028 1026 1.000000000000000000e+00
1028 1028 1.000000000000000000e+00
1028 1032 1.000000000000000000e+00
1028 2052 1.000000000000000000e+00
1029 517 1.000000000000000000e+00
1029 1027 1.000000000000000000e+00
1029 1030 1.000000000000000000e+00
1029 1033 1.000000000000000000e+00
1029 2053 1.000000000000000000e+00
1029 3076 1.000000000000000000e+00
1030 518 1.000000000000000000e+00
1030 1029 1.000000000000000000e+00
1030 1030 1.000000000000000000e+00
1030 1034 1.000000000000000000e+00
1030 2054 1.000000000000000000e+00
1031 519 1.000000000000000000e+00
1031 1031 1.000000000000000000e+00
1031 1035 1.000000000000000000e+00
1031 2055 1.000000000000000000e+00
1031 3078 1.000000000000000000e+00
1032 520 1.000000000000000000e+00
1032 1028 1.000000000000000000e+00
1032 1032 1.000000000000000000e+00
1032 1040 1.000000000000000000e+00
1032 2056 1.000000000000000000e+00
1033 521 1.000000000000000000e+00
1033 1029 1.000000000000000000e+00
1033 1034 1.000000000000000000e+00
1033 1041 1.000000000000000000e+00
1033 2057 1.000000000000000000e+00
1033 3080 1.000000000000000000e+00
1034 522 1.000000000000000000e+00
1034 1030 1.000000000000000000e+00
1034 1033 1.000000000000000000e+00
1034 1036 1.000000000000000000e+00
1034 1042 1.000000000000000000e+00
1034 2058 1.000000000000000000e+00
1035 523 1.000000000000000000e+00
1035 1031 1.000000000000000000e+00
1035 1037 1.000000000000000000e+00
1035 1043 1.000000000000000000e+00
1035 2059 1.000000000000000000e+00
1035 3082 1.000000000000000000e+00
1036 524 1.000000000000000000e+00
1036 1034 1.000000000000000000e+00
1036 1036 1.000000000000000000e+00
1036 1044 1.000000000000000000e+00
1036 2060 1.000000000000000000e+00
1037 525 1.000000000000000000e+00
1037 1035 1.000000000000000000e+00
1037 1038 1.000000000000000000e+00
1037 1045 1.000000000000000000e+00
1037 2061 1.000000000000000000e+00
1037 3084 1.000000000000000000e+00
1038 526 1.000000000000000000e+00
1038 1037 1.000000000000000000e+00
1038 1038 1.000000000000000000e+00
1038 1046 1.000000000000000000e+00
1038 2062 1.000000000000000000e+00
1039 527 1.000000000000000000e+00
1039 1039 1.000000000000000000e+00
1039 1047 1.000000000000000000e+00
1039 2063 1.000000000000000000e+00
1039 3086 1.000000000000000000e+00
1040 528 1.000000000000000000e+00
1040 1032 1.000000000000000000e+00
1040 1040 1.000000000000000000e+00
1040 1056 1.000000000000000000e+00
1040 2064 1.000000000000000000e+00
1041 529 1.000000000000000000e+00
1041 1033 1.000000000000000000e+00
1041 1042 1.000000000000000000e+00
1041 1057 1.000000000000000000e+00
1041 2065 1.000000000000000000e+00
1041 3088 1.000000000000000000e+00
1042 530 1.000000000000000000e+00
1042 1034 1.000000000000000000e+00
1042 1041 1.000000000000000000e+00
1042 1044 1.000000000000000000e+00
1042 1058 1.000000000000000000e+00
1042 2066 1.000000000000000000e+00
1043 531 1.000000000000000000e+00
1043 1035 1.000000000000000000e+00
1043 1045 1.000000000000000000e+00
1043 1059 1.000000000000000000e+00
1043 2067 1.000000000000000000e+00
1043 3090 1.000000000000000000e+00
1044 532 1.000000000000000000e+00
1044 1036 1.000000000000000000e+00
1044 1042 1.000000000000000000e+00
1044 1048 1.000000000000000000e+00
1044 1060 1.000000000000000000e+00
1044 2068 1.000000000000000000e+00
1045 533 1.000000000000000000e+00
1045 1037 1.000000000000000000e+00
1045 1043 1.000000000000000000e+00
1045 1045 -1.000000000000000000e+00
1045 1046 1.000000000000000000e+00
1045 1049 1.000000000000000000e+00
1045 1061 1.000000000000000000e+00
1045 2069 1.000000000000000000e+00
1045 3092 1.000000000000000000e+00
1046 534 1.000000000000000000e+00
1046 1038 1.000000000000000000e+00
1046 1045 1.000000000000000000e+00
1046 1050 1.000000000000000000e+00
1046 1062 1.000000000000000000e+00
1046 2070 1.000000000000000000e+00
1047 535 1.000000000000000000e+00
1047 1039 1.000000000000000000e+00
1047 1051 1.000000000000000000e+00
1047 1063 1.000000000000000000e+00
1047 2071 1.000000000000000000e+00
1047 3094 1.000000000000000000e+00
1048 536 1.000000000000000000e+00
1048 1044 1.000000000000000000e+00
1048 1048 1.000000000000000000e+00
1048 1064 1.000000000000000000e+00
1048 2072 1.000000000000000000e+00
1049 537 1.000000000000000000e+00
1049 1045 1.000000000000000000e+00
1049 1050 1.000000000000000000e+00
1049 1065 1.000000000000000000e+00
1049 2073 1.000000000000000000e+00
1049 3096 1.000000000000000000e+00
1050 538 1.000000000000000000e+00
1050 1046 1.000000000000000000e+00
1050 1049 1.000000000000000000e+00
1050 1052 1.000000000000000000e+00
1050 1066 1.000000000000000000e+00
1050 2074 1.000000000000000000e+00
1051 539 1.000000000000000000e+00
1051 1047 1.000000000000000000e+00
1051 1053 1.000000000000000000e+00
1051 1067 1.000000000000000000e+00
1051 2075 1.000000000000000000e+00
1051 3098 1.000000000000000000e+00
1052 540 1.000000000000000000e+00
1052 1050 1.000000000000000000e+00
1052 1052 1.000000000000000000e+00
1052 1068 1.000000000000000000e+00
1052 2076 1.000000000000000000e+00
1053 541 1.000000000000000000e+00
1053 1051 1.000000000000000000e+00
1053 1054 1.000000000000000000e+00
1053 1069 1.000000000000000000e+00
1053 2077 1.000000000000000000e+00
1053 3100 1.000000000000000000e+00
1054 542 1.000000000000000000e+00
1054 1053 1.000000000000000000e+00
1054 1054 1.000000000000000000e+00
1054 1070 1.000000000000000000e+00
1054 2078 1.000000000000000000e+00
1055 543 1.000000000000000000e+00
1055 1055 1.000000000000000000e+00
1055 1071 1.000000000000000000e+00
1055 2079 1.000000000000000000e+00
1055 3102 1.000000000000000000e+00
1056 544 1.000000000000000000e+00
1056 1040 1.000000000000000000e+00
1056 1056 1.000000000000000000e+00
1056 1088 1.000000000000000000e+00
1056 2080 1.000000000000000000e+00
1057 545 1.000000000000000000e+00
1057 1041 1.000000000000000000e+00
1057 1058 1.000000000000000000e+00
1057 1089 1.000000000000000000e+00
1057 2081 1.000000000000000000e+00
1057 3104 1.000000000000000000e+00
1058 546 1.000000000000000000e+00
1058 1042 1.000000000000000000e+00
1058 1057 1.000000000000000000e+00
1058 1060 1.000000000000000000e+00
1058 1090 1.000000000000000000e+00
1058 2082 1.000000000000000000e+00
1059 547 1.000000000000000000e+00
1059 1043 1.000000000000000000e+00
1059 1061 1.000000000000000000e+00
1059 1091 1.000000000000000000e+00
1059 2083 1.000000000000000000e+00
1059 3106 1.000000000000000000e+00
1060 548 1.000000000000000000e+00
1060 1044 1.000000000000000000e+00
1060 1058 1.000000000000000000e+00
1060 1064 1.000000000000000000e+00
1060 1092 1.000000000000000000e+00
1060 2084 1.000000000000000000e+00
1061 549 1.000000000000000000e+00
1061 1045 1.000000000000000000e+00
1061 1059 1.000000000000000000e+00
1061 1061 -1.000000000000000000e+00
1061 1062 1.000000000000000000e+00
1061 1065 1.000000000000000000e+00
1061 1093 1.000000000000000000e+00
1061 2085 1.000000000000000000e+00
1061 3108 1.000000000000000000e+00
1062 550 1.000000000000000000e+00
1062 1046 1.000000000000000000e+00
1062 1061 1.000000000000000000e+00
1062 1066 1.000000000000000000e+00
1062 1094 1.000000000000000000e+00
1062 2086 1.000000000000000000e+00
1063 551 1.000000000000000000e+00
1063 1047 1.000000000000000000e+00
1063 1067 1.000000000000000000e+00
1063 1095 1.000000000000000000e+00
1063 2087 1.000000000000000000e+00
1063 3110 1.000000000000000000e+00
1064 552 1.000000000000000000e+00
1064 1048 1.000000000000000000e+00
1064 1060 1.000000000000000000e+00
1064 1072 1.000000000000000000e+00
1064 1096 1.000000000000000000e+00
1064 2088 1.000000000000000000e+00
1065 553 1.000000000000000000e+00
1065 1049 1.000000000000000000e+00
1065 1061 1.000000000000000000e+00
1065 1065 -1.000000000000000000e+00
1065 1066 1.000000000000000000e+00
1065 1073 1.000000000000000000e+00
1065 1097 1.000000000000000000e+00
1065 2089 1.000000000000000000e+00
1065 3112 1.000000000000000000e+00
1066 554 1.000000000000000000e+00
1066 1050 1.000000000000000000e+00
1066 1062 1.000000000000000000e+00
1066 1065 1.000000000000000000e+00
1066 1066 -1.000000000000000000e+00
1066 1068 1.000000000000000000e+00
1066 1074 1.000000000000000000e+00
1066 1098 1.000000000000000000e+00
1066 2090 1.000000000000000000e+00
1067 555 1.000000000000000000e+00
1067 1051 1.000000000000000000e+00
1067 1063 1.000000000000000000e+00
1067 1067 -1.000000000000000000e+00
1067 1069 1.000000000000000000e+00
1067 1075 1.000000000000000000e+00
1067 1099 1.000000000000000000e+00
1067 2091 1.000000000000000000e+00
1067 3114 1.000000000000000000e+00
1068 556 1.000000000000000000e+00
1068 1052 1.000000000000000000e+00
1068 1066 1.000000000000000000e+00
1068 1076 1.000000000000000000e+00
1068 1100 1.000000000000000000e+00
1068 2092 1.000000000000000000e+00
1069 557 1.000000000000000000e+00
1069 1053 1.000000000000000000e+00
1069 1067 1.000000000000000000e+00
1069 1069 -1.000000000000000000e+00
1069 1070 1.000000000000000000e+00
1069 1077 1.000000000000000000e+00
1069 1101 1.000000000000000000e+00
1069 2093 1.000000000000000000e+00
1069 3116 1.000000000000000000e+00
1070 558 1.000000000000000000e+00
1070 1054 1.000000000000000000e+00
1070 1069 1.000000000000000000e+00
1070 1078 1.000000000000000000e+00
1070 1102 1.000000000000000000e+00
1070 2094 1.000000000000000000e+00
1071 559 1.000000000000000000e+00
1071 1055 1.000000000000000000e+00
1071 1079 1.000000000000000000e+00
1071 1103 1.000000000000000000e+00
1071 2095 1.000000000000000000e+00
1071 3118 1.000000000000000000e+00
1072 560 1.000000000000000000e+00
1072 1064 1.000000000000000000e+00
1072 1072 1.000000000000000000e+00
1072 1104 1.000000000000000000e+00
1072 2096 1.000000000000000000e+00
1073 561 1.000000000000000000e+00
1073 1065 1.000000000000000000e+00
1073 1074 1.000000000000000000e+00
1073 1105 1.000000000000000000e+00
1073 2097 1.000000000000000000e+00
1073 3120 1.000000000000000000e+00
1074 562 1.000000000000000000e+00
1074 1066 1.000000000000000000e+00
1074 1073 1.000000000000000000e+00
1074 1076 1.000000000000000000e+00
1074 1106 1.000000000000000000e+00
1074 2098 1.000000000000000000e+00
1075 563 1.000000000000000000e+00
1075 1067 1.000000000000000000e+00
1075 1077 1.000000000000000000e+00
1075 1107 1.000000000000000000e+00
1075 2099 1.000000000000000000e+00
1075 3122 1.000000000000000000e+00
1076 564 1.000000000000000000e+00
1076 1068 1.000000000000000000e+00
1076 1074 1.000000000000000000e+00
1076 1080 1.000000000000000000e+00
1076 1108 1.000000000000000000e+00
1076 2100 1.000000000000000000e+00
1077 565 1.000000000000000000e+00
1077 1069 1.000000000000000000e+00
1077 1075 1.000000000000000000e+00
1077 1077 -1.000000000000000000e+00
1077 1078 1.000000000000000000e+00
1077 1081 1.000000000000000000e+00
1077 1109 1.000000000000000000e+00
1077 2101 1.000000000000000000e+00
1077 3124 1.000000000000000000e+00
1078 566 1.000000000000000000e+00
1078 1070 1.000000000000000000e+00
1078 1077 1.000000000000000000e+00
1078 1082 1.000000000000000000e+00
1078 1110 1.000000000000000000e+00
1078 2102 1.000000000000000000e+00
1079 567 1.000000000000000000e+00
1079 1071 1.000000000000000000e+00
1079 1083 1.000000000000000000e+00
1079 1111 1.000000000000000000e+00
1079 2103 1.000000000000000000e+00
1079 3126 1.000000000000000000e+00
1080 568 1.000000000000000000e+00
1080 1076 1.000000000000000000e+00
1080 1080 1.000000000000000000e+00
1080 1112 1.000000000000000000e+00
1080 2104 1.000000000000000000e+00
1081 569 1.000000000000000000e+00
1081 1077 1.000000000000000000e+00
1081 1082 1.000000000000000000e+00
1081 1113 1.000000000000000000e+00
1081 2105 1.000000000000000000e+00
1081 3128 1.000000000000000000e+00
1082 570 1.000000000000000000e+00
1082 1078 1.000000000000000000e+00
1082 1081 1.000000000000000000e+00
1082 1084 1.000000000000000000e+00
1082 1114 1.000000000000000000e+00
1082 2106 1.000000000000000000e+00
1083 571 1.000000000000000000e+00
1083 1079 1.000000000000000000e+00
1083 1085 1.000000000000000000e+00
1083 1115 1.000000000000000000e+00
1083 2107 1.000000000000000000e+00
1083 3130 1.000000000000000000e+00
1084 572 1.000000000000000000e+00
1084 1082 1.000000000000000000e+00
1084 1084 1.000000000000000000e+00
1084 1116 1.000000000000000000e+00
1084 2108 1.000000000000000000e+00
1085 573 1.000000000000000000e+00
1085 1083 1.000000000000000000e+00
1085 1086 1.000000000000000000e+00
1085 1117 1.000000000000000000e+00
1085 2109 1.000000000000000000e+00
1085 3132 1.000000000000000000e+00
1086 574 1.000000000000000000e+00
1086 1085 1.000000000000000000e+00
1086 1086 1.000000000000000000e+00
1086 1118 1.000000000000000000e+00
1086 2110 1.000000000000000000e+00
1087 575 1.000000000000000000e+00
1087 1087 1.000000000000000000e+00
1087 1119 1.000000000000000000e+00
1087 2111 1.000000000000000000e+00
1087 3134 1.000000000000000000e+00
1088 576 1.000000000000000000e+00
1088 1056 1.000000000000000000e+00
1088 1088 1.000000000000000000e+00
1088 1152 1.000000000000000000e+00
1088 2112 1.000000000000000000e+00
1089 577 1.000000000000000000e+00
1089 1057 1.000000000000000000e+00
1089 1090 1.000000000000000000e+00
1089 1153 1.000000000000000000e+00
1089 2113 1.000000000000000000e+00
1089 3136 1.000000000000000000e+00
1090 578 1.000000000000000000e+00
1090 1058 1.000000000000000000e+00
1090 1089 1.000000000000000000e+00
1090 1092 1.000000000000000000e+00
1090 1154 1.000000000000000000e+00
1090 2114 1.000000000000000000e+00
1091 579 1.000000000000000000e+00
1091 1059 1.000000000000000000e+00
1091 1093 1.000000000000000000e+00
1091 1155 1.000000000000000000e+00
1091 2115 1.000000000000000000e+00
1091 3138 1.000000000000000000e+00
1092 580 1.000000000000000000e+00
1092 1060 1.000000000000000000e+00
1092 1090 1.000000000000000000e+00
1092 1096 1.000000000000000000e+00
1092 1156 1.000000000000000000e+00
1092 2116 1.000000000000000000e+00
1093 581 1.000000000000000000e+00
1093 1061 1.000000000000000000e+00
1093 1091 1.000000000000000000e+00
1093 1093 -1.000000000000000000e+00
1093 1094 1.000000000000000000e+00
1093 1097 1.000000000000000000e+00
1093 1157 1.000000000000000000e+00
1093 2117 1.000000000000000000e+00
1093 3140 1.000000000000000000e+00
1094 582 1.000000000000000000e+00
1094 1062 1.000000000000000000e+00
1094 1093 1.000000000000000000e+00
1094 1098 1.000000000000000000e+00
1094 1158 1.000000000000000000e+00
1094 2118 1.000000000000000000e+00
1095 583 1.000000000000000000e+00
1095 1063 1.000000000000000000e+00
1095 1099 1.000000000000000000e+00
1095 1159 1.000000000000000000e+00
1095 2119 1.000000000000000000e+00
1095 3142 1.000000000000000000e+00
1096 584 1.000000000000000000e+00
1096 1064 1.000000000000000000e+00
1096 1092 1.000000000000000000e+00
1096 1104 1.000000000000000000e+00
1096 1160 1.000000000000000000e+00
1096 2120 1.000000000000000000e+00
1097 585 1.000000000000000000e+00
1097 1065 1.000000000000000000e+00
1097 1093 1.000000000000000000e+00
1097 1097 -1.000000000000000000e+00
1097 1098 1.000000000000000000e+00
1097 1105 1.000000000000000000e+00
1097 1161 1.000000000000000000e+00
1097 2121 1.000000000000000000e+00
1097 3144 1.000000000000000000e+00
1098 586 1.000000000000000000e+00
1098 1066 1.000000000000000000e+00
1098 1094 1.000000000000000000e+00
1098 1097 1.000000000000000000e+00
1098 1098 -1.000000000000000000e+00
1098 1100 1.000000000000000000e+00
1098 1106 1.000000000000000000e+00
1098 1162 1.000000000000000000e+00
1098 2122 1.000000000000000000e+00
1099 587 1.000000000000000000e+00
1099 1067 1.000000000000000000e+00
1099 1095 1.000000000000000000e+00
1099 1099 -1.000000000000000000e+00
1099 1101 1.000000000000000000e+00
1099 1107 1.000000000000000000e+00
1099 1163 1.000000000000000000e+00
1099 2123 1.000000000000000000e+00
1099 3146 1.000000000000000000e+00
1100 588 1.000000000000000000e+00
1100 1068 1.000000000000000000e+00
1100 1098 1.000000000000000000e+00
1100 1108 1.000000000000000000e+00
1100 1164 1.000000000000000000e+00
1100 2124 1.000000000000000000e+00
1101 589 1.000000000000000000e+00
1101 1069 1.000000000000000000e+00
1101 1099 1.000000000000000000e+00
1101 1101 -1.000000000000000000e+00
1101 1102 1.000000000000000000e+00
1101 1109 1.000000000000000000e+00
1101 1165 1.000000000000000000e+00
1101 2125 1.000000000000000000e+00
1101 3148 1.000000000000000000e+00
1102 590 1.000000000000000000e+00
1102 1070 1.000000000000000000e+00
1102 1101 1.000000000000000000e+00
1102 1110 1.000000000000000000e+00
1102 1166 1.000000000000000000e+00
1102 2126 1.000000000000000000e+00
1103 591 1.000000000000000000e+00
1103 1071 1.000000000000000000e+00
1103 1111 1.000000000000000000e+00
1103 1167 1.000000000000000000e+00
1103 2127 1.000000000000000000e+00
1103 3150 1.000000000000000000e+00
1104 592 1.000000000000000000e+00
1104 1072 1.000000000000000000e+00
1104 1096 1.000000000000000000e+00
1104 1120 1.000000000000000000e+00
1104 1168 1.000000000000000000e+00
1104 2128 1.000000000000000000e+00
1105 593 1.000000000000000000e+00
1105 1073 1.000000000000000000e+00
1105 1097 1.000000000000000000e+00
1105 1105 -1.000000000000000000e+00
1105 1106 1.000000000000000000e+00
1105 1121 1.000000000000000000e+00
1105 1169 1.000000000000000000e+00
1105 2129 1.000000000000000000e+00
1105 3152 1.000000000000000000e+00
1106 594 1.000000000000000000e+00
1106 1074 1.000000000000000000e+00
1106 1098 1.000000000000000000e+00
1106 1105 1.000000000000000000e+00
1106 1106 -1.000000000000000000e+00
1106 1108 1.000000000000000000e+00
1106 1122 1.000000000000000000e+00
1106 1170 1.000000000000000000e+00
1106 2130 1.000000000000000000e+00
1107 595 1.000000000000000000e+00
1107 1075 1.000000000000000000e+00
1107 1099 1.000000000000000000e+00
1107 1107 -1.000000000000000000e+00
1107 1109 1.000000000000000000e+00
1107 1123 1.000000000000000000e+00
1107 1171 1.000000000000000000e+00
1107 2131 1.000000000000000000e+00
1107 3154 1.000000000000000000e+00
1108 596 1.000000000000000000e+00
1108 1076 1.000000000000000000e+00
1108 1100 1.000000000000000000e+00
1108 1106 1.000000000000000000e+00
1108 1108 -1.000000000000000000e+00
1108 1112 1.000000000000000000e+00
1108 1124 1.000000000000000000e+00
1108 1172 1.000000000000000000e+00
1108 2132 1.000000000000000000e+00
1109 597 1.000000000000000000e+00
1109 1077 1.000000000000000000e+00
1109 1101 1.000000000000000000e+00
1109 1107 1.000000000000000000e+00
1109 1109 -2.000000000000000000e+00
1109 1110 1.000000000000000000e+00
1109 1113 1.000000000000000000e+00
1109 1125 1.000000000000000000e+00
1109 1173 1.000000000000000000e+00
1109 2133 1.000000000000000000e+00
1109 3156 1.000000000000000000e+00
1110 598 1.000000000000000000e+00
1110 1078 1.000000000000000000e+00
1110 1102 1.000000000000000000e+00
1110 1109 1.000000000000000000e+00
1110 1110 -1.000000000000000000e+00
1110 1114 1.000000000000000000e+00
1110 1126 1.000000000000000000e+00
1110 1174 1.000000000000000000e+00
1110 2134 1.000000000000000000e+00
1111 599 1.000000000000000000e+00
1111 1079 1.000000000000000000e+00
1111 1103 1.000000000000000000e+00
1111 1111 -1.000000000000000000e+00
1111 1115 1.000000000000000000e+00
1111 1127 1.000000000000000000e+00
1111 1175 1.000000000000000000e+00
1111 2135 1.000000000000000000e+00
1111 3158 1.000000000000000000e+00
1112 600 1.000000000000000000e+00
1112 1080 1.000000000000000000e+00
1112 1108 1.000000000000000000e+00
1112 1128 1.000000000000000000e+00
1112 1176 1.000000000000000000e+00
1112 2136 1.000000000000000000e+00
1113 601 1.000000000000000000e+00
1113 1081 1.000000000000000000e+00
1113 1109 1.000000000000000000e+00
1113 1113 -1.000000000000000000e+00
1113 1114 1.000000000000000000e+00
1113 1129 1.000000000000000000e+00
1113 1177 1.000000000000000000e+00
1113 2137 1.000000000000000000e+00
1113 3160 1.000000000000000000e+00
1114 602 1.000000000000000000e+00
1114 1082 1.000000000000000000e+00
1114 1110 1.000000000000000000e+00
1114 1113 1.000000000000000000e+00
1114 1114 -1.000000000000000000e+00
1114 1116 1.000000000000000000e+00
1114 1130 1.000000000000000000e+00
1114 1178 1.000000000000000000e+00
1114 2138 1.000000000000000000e+00
1115 603 1.000000000000000000e+00
1115 1083 1.000000000000000000e+00
1115 1111 1.000000000000000000e+00
1115 1115 -1.000000000000000000e+00
1115 1117 1.000000000000000000e+00
1115 1131 1.000000000000000000e+00
1115 1179 1.000000000000000000e+00
1115 2139 1.000000000000000000e+00
1115 3162 1.000000000000000000e+00
1116 604 1.000000000000000000e+00
1116 1084 1.000000000000000000e+00
1116 1114 1.000000000000000000e+00
1116 1132 1.000000000000000000e+00
1116 1180 1.000000000000000000e+00
1116 2140 1.000000000000000000e+00
1117 605 1.000000000000000000e+00
1117 1085 1.000000000000000000e+00
1117 1115 1.000000000000000000e+00
1117 1117 -1.000000000000000000e+00
1117 1118 1.000000000000000000e+00
1117 1133 1.000000000000000000e+00
1117 1181 1.000000000000000000e+00
1117 2141 1.000000000000000000e+00
1117 3164 1.000000000000000000e+00
1118 606 1.000000000000000000e+00
1118 1086 1.000000000000000000e+00
1118 1117 1.000000000000000000e+00
1118 1134 1.000000000000000000e+00
1118 1182 1.000000000000000000e+00
1118 2142 1.000000000000000000e+00
1119 607 1.000000000000000000e+00
1119 1087 1.000000000000000000e+00
1119 1135 1.000000000000000000e+00
1119 1183 1.000000000000000000e+00
1119 2143 1.000000000000000000e+00
1119 3166 1.000000000000000000e+00
1120 608 1.000000000000000000e+00
1120 1104 1.000000000000000000e+00
1120 1120 1.000000000000000000e+00
1120 1184 1.000000000000000000e+00
1120 2144 1.000000000000000000e+00
1121 609 1.000000000000000000e+00
1121 1105 1.000000000000000000e+00
1121 1122 1.000000000000000000e+00
1121 1185 1.000000000000000000e+00
1121 2145 1.000000000000000000e+00
1121 3168 1.000000000000000000e+00
1122 610 1.000000000000000000e+00
1122 1106 1.000000000000000000e+00
1122 1121 1.000000000000000000e+00
1122 1124 1.000000000000000000e+00
1122 1186 1.000000000000000000e+00
1122 2146 1.000000000000000000e+00
1123 611 1.000000000000000000e+00
1123 1107 1.000000000000000000e+00
1123 1125 1.000000000000000000e+00
1123 1187 1.000000000000000000e+00
1123 2147 1.000000000000000000e+00
1123 3170 1.000000000000000000e+00
1124 612 1.000000000000000000e+00
1124 1108 1.000000000000000000e+00
1124 1122 1.000000000000000000e+00
1124 1128 1.000000000000000000e+00
1124 1188 1.000000000000000000e+00
1124 2148 1.000000000000000000e+00
1125 613 1.000000000000000000e+00
1125 1109 1.000000000000000000e+00
1125 1123 1.000000000000000000e+00
1125 1125 -1.000000000000000000e+00
1125 1126 1.000000000000000000e+00
1125 1129 1.000000000000000000e+00
1125 1189 1.000000000000000000e+00
1125 2149 1.000000000000000000e+00
1125 3172 1.000000000000000000e+00
1126 614 1.000000000000000000e+00
1126 1110 1.000000000000000000e+00
1126 1125 1.000000000000000000e+00
1126 1130 1.000000000000000000e+00
1126 1190 1.000000000000000000e+00
1126 2150 1.000000000000000000e+00
1127 615 1.000000000000000000e+00
1127 1111 1.000000000000000000e+00
1127 1131 1.000000000000000000e+00
1127 1191 1.000000000000000000e+00
1127 2151 1.000000000000000000e+00
1127 3174 1.000000000000000000e+00
1128 616 1.000000000000000000e+00
1128 1112 1.000000000000000000e+00
1128 1124 1.000000000000000000e+00
1128 1136 1.000000000000000000e+00
1128 1192 1.000000000000000000e+00
1128 2152 1.000000000000000000e+00
1129 617 1.000000000000000000e+00
1129 1113 1.000000000000000000e+00
1129 1125 1.000000000000000000e+00
1129 1129 -1.000000000000000000e+00
1129 1130 1.000000000000000000e+00
1129 1137 1.000000000000000000e+00
1129 1193 1.000000000000000000e+00
1129 2153 1.000000000000000000e+00
1129 3176 1.000000000000000000e+00
1130 618 1.000000000000000000e+00
1130 1114 1.000000000000000000e+00
1130 1126 1.000000000000000000e+00
1130 1129 1.000000000000000000e+00
1130 1130 -1.000000000000000000e+00
1130 1132 1.000000000000000000e+00
1130 1138 1.000000000000000000e+00
1130 1194 1.000000000000000000e+00
1130 2154 1.000000000000000000e+00
1131 619 1.000000000000000000e+00
1131 1115 1.000000000000000000e+00
1131 1127 1.000000000000000000e+00
1131 1131 -1.000000000000000000e+00
1131 1133 1.000000000000000000e+00
1131 1139 1.000000000000000000e+00
1131 1195 1.000000000000000000e+00
1131 2155 1.000000000000000000e+00
1131 3178 1.000000000000000000e+00
1132 620 1.000000000000000000e+00
1132 1116 1.000000000000000000e+00
1132 1130 1.000000000000000000e+00
1132 1140 1.000000000000000000e+00
1132 1196 1.000000000000000000e+00
1132 2156 1.000000000000000000e+00
1133 621 1.000000000000000000e+00
1133 1117 1.000000000000000000e+00
1133 1131 1.000000000000000000e+00
1133 1133 -1.000000000000000000e+00
1133 1134 1.000000000000000000e+00
1133 1141 1.000000000000000000e+00
1133 1197 1.000000000000000000e+00
1133 2157 1.000000000000000000e+00
1133 3180 1.000000000000000000e+00
1134 622 1.000000000000000000e+00
1134 1118 1.000000000000000000e+00
1134 1133 1.000000000000000000e+00
1134 1142 1.000000000000000000e+00
1134 1198 1.000000000000000000e+00
1134 2158 1.000000000000000000e+00
1135 623 1.000000000000000000e+00
1135 1119 1.000000000000000000e+00
1135 1143 1.000000000000000000e+00
1135 1199 1.000000000000000000e+00
1135 2159 1.000000000000000000e+00
1135 3182 1.000000000000000000e+00
1136 624 1.000000000000000000e+00
1136 1128 1.000000000000000000e+00
1136 1136 1.000000000000000000e+00
1136 1200 1.000000000000000000e+00
1136 2160 1.000000000000000000e+00
1137 625 1.000000000000000000e+00
1137 1129 1.000000000000000000e+00
1137 1138 1.000000000000000000e+00
1137 1201 1.000000000000000000e+00
1137 2161 1.000000000000000000e+00
1137 3184 1.000000000000000000e+00
1138 626 1.000000000000000000e+00
1138 1130 1.000000000000000000e+00
1138 1137 1.000000000000000000e+00
1138 1140 1.000000000000000000e+00
1138 1202 1.000000000000000000e+00
1138 2162 1.000000000000000000e+00
1139 627 1.000000000000000000e+00
1139 1131 1.000000000000000000e+00
1139 1141 1.000000000000000000e+00
1139 1203 1.000000000000000000e+00
1139 2163 1.000000000000000000e+00
1139 3186 1.000000000000000000e+00
1140 628 1.000000000000000000e+00
1140 1132 1.000000000000000000e+00
1140 1138 1.000000000000000000e+00
1140 1144 1.000000000000000000e+00
1140 1204 1.000000000000000000e+00
1140 2164 1.000000000000000000e+00
1141 629 1.000000000000000000e+00
1141 1133 1.000000000000000000e+00
1141 1139 1.000000000000000000e+00
1141 1141 -1.000000000000000000e+00
1141 1142 1.000000000000000000e+00
1141 1145 1.000000000000000000e+00
1141 1205 1.000000000000000000e+00
1141 2165 1.000000000000000000e+00
1141 3188 1.000000000000000000e+00
1142 630 1.000000000000000000e+00
1142 1134 1.000000000000000000e+00
1142 1141 1.000000000000000000e+00
1142 1146 1.000000000000000000e+00
1142 1206 1.000000000000000000e+00
1142 2166 1.000000000000000000e+00
1143 631 1.000000000000000000e+00
1143 1135 1.000000000000000000e+00
1143 1147 1.000000000000000000e+00
1143 1207 1.000000000000000000e+00
1143 2167 1.000000000000000000e+00
1143 3190 1.000000000000000000e+00
1144 632 1.000000000000000000e+00
1144 1140 1.000000000000000000e+00
1144 1144 1.000000000000000000e+00
1144 1208 1.000000000000000000e+00
1144 2168 1.000000000000000000e+00
1145 633 1.000000000000000000e+00
1145 1141 1.000000000000000000e+00
1145 1146 1.000000000000000000e+00
1145 1209 1.000000000000000000e+00
1145 2169 1.000000000000000000e+00
1145 3192 1.000000000000000000e+00
1146 634 1.000000000000000000e+00
1146 1142 1.000000000000000000e+00
1146 1145 1.000000000000000000e+00
1146 1148 1.000000000000000000e+00
1146 1210 1.000000000000000000e+00
1146 2170 1.000000000000000000e+00
1147 635 1.000000000000000000e+00
1147 1143 1.000000000000000000e+00
1147 1149 1.000000000000000000e+00
1147 1211 1.000000000000000000e+00
1147 2171 1.000000000000000000e+00
1147 3194 1.000000000000000000e+00
1148 636 1.000000000000000000e+00
1148 1146 1.000000000000000000e+00
1148 1148 1.000000000000000000e+00
1148 1212 1.000000000000000000e+00
1148 2172 1.000000000000000000e+00
1149 637 1.000000000000000000e+00
1149 1147 1.000000000000000000e+00
1149 1150 1.000000000000000000e+00
1149 1213 1.000000000000000000e+00
1149 2173 1.000000000000000000e+00
1149 3196 1.000000000000000000e+00
1150 638 1.000000000000000000e+00
1150 1149 1.000000000000000000e+00
1150 1150 1.000000000000000000e+00
1150 1214 1.000000000000000000e+00
1150 2174 1.000000000000000000e+00
1151 639 1.000000000000000000e+00
1151 1151 1.000000000000000000e+00
1151 1215 1.000000000000000000e+00
1151 2175 1.000000000000000000e+00
1151 3198 1.000000000000000000e+00
1152 640 1.000000000000000000e+00
1152 1088 1.000000000000000000e+00
1152 1152 1.000000000000000000e+00
1152 1280 1.000000000000000000e+00
1152 2176 1.000000000000000000e+00
1153 641 1.000000000000000000e+00
1153 1089 1.000000000000000000e+00
1153 1154 1.000000000000000000e+00
1153 1281 1.000000000000000000e+00
1153 2177 1.000000000000000000e+00
1153 3200 1.000000000000000000e+00
1154 642 1.000000000000000000e+00
1154 1090 1.000000000000000000e+00
1154 1153 1.000000000000000000e+00
1154 1156 1.000000000000000000e+00
1154 1282 1.000000000000000000e+00
1154 2178 1.000000000000000000e+00
1155 643 1.000000000000000000e+00
1155 1091 1.000000000000000000e+00
1155 1157 1.000000000000000000e+00
1155 1283 1.000000000000000000e+00
1155 2179 1.000000000000000000e+00
1155 3202 1.000000000000000000e+00
1156 644 1.000000000000000000e+00
1156 1092 1.000000000000000000e+00
1156 1154 1.000000000000000000e+00
1156 1160 1.000000000000000000e+00
1156 1284 1.000000000000000000e+00
1156 2180 1.000000000000000000e+00
1157 645 1.000000000000000000e+00
1157 1093 1.000000000000000000e+00
1157 1155 1.000000000000000000e+00
1157 1157 -1.000000000000000000e+00
1157 1158 1.000000000000000000e+00
1157 1161 1.000000000000000000e+00
1157 1285 1.000000000000000000e+00
1157 2181 1.000000000000000000e+00
1157 3204 1.000000000000000000e+00
1158 646 1.000000000000000000e+00
1158 1094 1.000000000000000000e+00
1158 1157 1.000000000000000000e+00
1158 1162 1.000000000000000000e+00
1158 1286 1.000000000000000000e+00
1158 2182 1.000000000000000000e+00
1159 647 1.000000000000000000e+00
1159 1095 1.000000000000000000e+00
1159 1163 1.000000000000000000e+00
1159 1287 1.000000000000000000e+00
1159 2183 1.000000000000000000e+00
1159 3206 1.000000000000000000e+00
1160 648 1.000000000000000000e+00
1160 1096 1.000000000000000000e+00
1160 1156 1.000000000000000000e+00
1160 1168 1.000000000000000000e+00
1160 1288 1.000000000000000000e+00
1160 2184 1.000000000000000000e+00
1161 649 1.000000000000000000e+00
1161 1097 1.000000000000000000e+00
1161 1157 1.000000000000000000e+00
1161 1161 -1.000000000000000000e+00
1161 1162 1.000000000000000000e+00
1161 1169 1.000000000000000000e+00
1161 1289 1.000000000000000000e+00
1161 2185 1.000000000000000000e+00
1161 3208 1.000000000000000000e+00
1162 650 1.000000000000000000e+00
1162 1098 1.000000000000000000e+00
1162 1158 1.000000000000000000e+00
1162 1161 1.000000000000000000e+00
1162 1162 -1.000000000000000000e+00
1162 1164 1.000000000000000000e+00
1162 1170 1.000000000000000000e+00
1162 1290 1.000000000000000000e+00
1162 2186 1.000000000000000000e+00
1163 651 1.000000000000000000e+00
1163 1099 1.000000000000000000e+00
1163 1159 1.000000000000000000e+00
1163 1163 -1.000000000000000000e+00
1163 1165 1.000000000000000000e+00
1163 1171 1.000000000000000000e+00
1163 1291 1.000000000000000000e+00
1163 2187 1.000000000000000000e+00
1163 3210 1.000000000000000000e+00
1164 652 1.000000000000000000e+00
1164 1100 1.000000000000000000e+00
1164 1162 1.000000000000000000e+00
1164 1172 1.000000000000000000e+00
1164 1292 1.000000000000000000e+00
1164 2188 1.000000000000000000e+00
1165 653 1.000000000000000000e+00
1165 1101 1.000000000000000000e+00
1165 1163 1.000000000000000000e+00
1165 1165 -1.000000000000000000e+00
1165 1166 1.000000000000000000e+00
1165 1173 1.000000000000000000e+00
1165 1293 1.000000000000000000e+00
1165 2189 1.000000000000000000e+00
1165 3212 1.000000000000000000e+00
1166 654 1.000000000000000000e+00
1166 1102 1.000000000000000000e+00
1166 1165 1.000000000000000000e+00
1166 1174 1.000000000000000000e+00
1166 1294 1.000000000000000000e+00
1166 2190 1.000000000000000000e+00
1167 655 1.000000000000000000e+00
1167 1103 1.000000000000000000e+00
1167 1175 1.000000000000000000e+00
1167 1295 1.000000000000000000e+00
1167 2191 1.000000000000000000e+00
1167 3214 1.000000000000000000e+00
1168 656 1.000000000000000000e+00
1168 1104 1.000000000000000000e+00
1168 1160 1.000000000000000000e+00
1168 1184 1.000000000000000000e+00
1168 1296 1.000000000000000000e+00
1168 2192 1.000000000000000000e+00
1169 657 1.000000000000000000e+00
1169 1105 1.000000000000000000e+00
1169 1161 1.000000000000000000e+00
1169 1169 -1.000000000000000000e+00
1169 1170 1.000000000000000000e+00
1169 1185 1.000000000000000000e+00
1169 1297 1.000000000000000000e+00
1169 2193 1.000000000000000000e+00
1169 3216 1.000000000000000000e+00
1170 658 1.000000000000000000e+00
1170 1106 1.000000000000000000e+00
1170 1162 1.000000000000000000e+00
1170 1169 1.000000000000000000e+00
1170 1170 -1.000000000000000000e+00
1170 1172 1.000000000000000000e+00
1170 1186 1.000000000000000000e+00
1170 1298 1.000000000000000000e+00
1170 2194 1.000000000000000000e+00
1171 659 1.000000000000000000e+00
1171 1107 1.000000000000000000e+00
1171 1163 1.000000000000000000e+00
1171 1171 -1.000000000000000000e+00
1171 1173 1.000000000000000000e+00
1171 1187 1.000000000000000000e+00
1171 1299 1.000000000000000000e+00
1171 2195 1.000000000000000000e+00
1171 3218 1.000000000000000000e+00
1172 660 1.000000000000000000e+00
1172 1108 1.000000000000000000e+00
1172 1164 1.000000000000000000e+00
1172 1170 1.000000000000000000e+00
1172 1172 -1.000000000000000000e+00
1172 1176 1.000000000000000000e+00
1172 1188 1.000000000000000000e+00
1172 1300 1.000000000000000000e+00
1172 2196 1.000000000000000000e+00
1173 661 1.000000000000000000e+00
1173 1109 1.000000000000000000e+00
1173 1165 1.000000000000000000e+00
1173 1171 1.000000000000000000e+00
1173 1173 -2.000000000000000000e+00
1173 1174 1.000000000000000000e+00
1173 1177 1.000000000000000000e+00
1173 1189 1.000000000000000000e+00
1173 1301 1.000000000000000000e+00
1173 2197 1.000000000000000000e+00
1173 3220 1.000000000000000000e+00
1174 662 1.000000000000000000e+00
1174 1110 1.000000000000000000e+00
1174 1166 1.000000000000000000e+00
1174 1173 1.000000000000000000e+00
1174 1174 -1.000000000000000000e+00
1174 1178 1.000000000000000000e+00
1174 1190 1.000000000000000000e+00
1174 1302 1.000000000000000000e+00
1174 2198 1.000000000000000000e+00
1175 663 1.000000000000000000e+00
1175 1111 1.000000000000000000e+00
1175 1167 1.000000000000000000e+00
1175 1175 -1.000000000000000000e+00
1175 1179 1.000000000000000000e+00
1175 1191 1.000000000000000000e+00
1175 1303 1.000000000000000000e+00
1175 2199 1.000000000000000000e+00
1175 3222 1.000000000000000000e+00
1176 664 1.000000000000000000e+00
1176 1112 1.000000000000000000e+00
1176 1172 1.000000000000000000e+00
1176 1192 1.000000000000000000e+00
1176 1304 1.000000000000000000e+00
1176 2200 1.000000000000000000e+00
1177 665 1.000000000000000000e+00
1177 1113 1.000000000000000000e+00
1177 1173 1.000000000000000000e+00
1177 1177 -1.000000000000000000e+00
1177 1178 1.000000000000000000e+00
1177 1193 1.000000000000000000e+00
1177 1305 1.000000000000000000e+00
1177 2201 1.000000000000000000e+00
1177 3224 1.000000000000000000e+00
1178 666 1.000000000000000000e+00
1178 1114 1.000000000000000000e+00
1178 1174 1.000000000000000000e+00
1178 1177 1.000000000000000000e+00
1178 1178 -1.000000000000000000e+00
1178 1180 1.000000000000000000e+00
1178 1194 1.000000000000000000e+00
1178 1306 1.000000000000000000e+00
1178 2202 1.000000000000000000e+00
1179 667 1.000000000000000000e+00
1179 1115 1.000000000000000000e+00
1179 1175 1.000000000000000000e+00
1179 1179 -1.000000000000000000e+00
1179 1181 1.000000000000000000e+00
1179 1195 1.000000000000000000e+00
1179 1307 1.000000000000000000e+00
1179 2203 1.000000000000000000e+00
1179 3226 1.000000000000000000e+00
1180 668 1.000000000000000000e+00
1180 1116 1.000000000000000000e+00
1180 1178 1.000000000000000000e+00
1180 1196 1.000000000000000000e+00
1180 1308 1.000000000000000000e+00
1180 2204 1.000000000000000000e+00
1181 669 1.000000000000000000e+00
1181 1117 1.000000000000000000e+00
1181 1179 1.000000000000000000e+00
1181 1181 -1.000000000000000000e+00
1181 1182 1.000000000000000000e+00
1181 1197 1.000000000000000000e+00
1181 1309 1.000000000000000000e+00
1181 2205 1.000000000000000000e+00
1181 3228 1.000000000000000000e+00
1182 670 1.000000000000000000e+00
1182 1118 1.000000000000000000e+00
1182 1181 1.000000000000000000e+00
1182 1198 1.000000000000000000e+00
1182 1310 1.000000000000000000e+00
1182 2206 1.000000000000000000e+00
1183 671 1.000000000000000000e+00
1183 1119 1.000000000000000000e+00
1183 1199 1.000000000000000000e+00
1183 1311 1.000000000000000000e+00
1183 2207 1.000000000000000000e+00
1183 3230 1.000000000000000000e+00
1184 672 1.000000000000000000e+00
1184 1120 1.000000000000000000e+00
1184 1168 1.000000000000000000e+00
1184 1216 1.000000000000000000e+00
1184 1312 1.000000000000000000e+00
1184 2208 1.000000000000000000e+00
1185 673 1.000000000000000000e+00
1185 1121 1.000000000000000000e+00
1185 1169 1.000000000000000000e+00
1185 1185 -1.000000000000000000e+00
1185 1186 1.000000000000000000e+00
1185 1217 1.000000000000000000e+00
1185 1313 1.000000000000000000e+00
1185 2209 1.000000000000000000e+00
1185 3232 1.000000000000000000e+00
1186 674 1.000000000000000000e+00
1186 1122 1.000000000000000000e+00
1186 1170 1.000000000000000000e+00
1186 1185 1.000000000000000000e+00
1186 1186 -1.000000000000000000e+00
1186 1188 1.000000000000000000e+00
1186 1218 1.000000000000000000e+00
1186 1314 1.000000000000000000e+00
1186 2210 1.000000000000000000e+00
1187 675 1.000000000000000000e+00
1187 1123 1.000000000000000000e+00
1187 1171 1.000000000000000000e+00
1187 1187 -1.000000000000000000e+00
1187 1189 1.000000000000000000e+00
1187 1219 1.000000000000000000e+00
1187 1315 1.000000000000000000e+00
1187 2211 1.000000000000000000e+00
1187 3234 1.000000000000000000e+00
1188 676 1.000000000000000000e+00
1188 1124 1.000000000000000000e+00
1188 1172 1.000000000000000000e+00
1188 1186 1.000000000000000000e+00
1188 1188 -1.000000000000000000e+00
1188 1192 1.000000000000000000e+00
1188 1220 1.000000000000000000e+00
1188 1316 1.000000000000000000e+00
1188 2212 1.000000000000000000e+00
1189 677 1.000000000000000000e+00
1189 1125 1.000000000000000000e+00
1189 1173 1.000000000000000000e+00
1189 1187 1.000000000000000000e+00
1189 1189 -2.000000000000000000e+00
1189 1190 1.000000000000000000e+00
1189 1193 1.000000000000000000e+00
1189 1221 1.000000000000000000e+00
1189 1317 1.000000000000000000e+00
1189 2213 1.000000000000000000e+00
1189 3236 1.000000000000000000e+00
1190 678 1.000000000000000000e+00
1190 1126 1.000000000000000000e+00
1190 1174 1.000000000000000000e+00
1190 1189 1.000000000000000000e+00
1190 1190 -1.000000000000000000e+00
1190 1194 1.000000000000000000e+00
1190 1222 1.000000000000000000e+00
1190 1318 1.000000000000000000e+00
1190 2214 1.000000000000000000e+00
1191 679 1.000000000000000000e+00
1191 1127 1.000000000000000000e+00
1191 1175 1.000000000000000000e+00
1191 1191 -1.000000000000000000e+00
1191 1195 1.000000000000000000e+00
1191 1223 1.000000000000000000e+00
1191 1319 1.000000000000000000e+00
1191 2215 1.000000000000000000e+00
1191 3238 1.000000000000000000e+00
1192 680 1.000000000000000000e+00
1192 1128 1.000000000000000000e+00
1192 1176 1.000000000000000000e+00
1192 1188 1.000000000000000000e+00
1192 1192 -1.000000000000000000e+00
1192 1200 1.000000000000000000e+00
1192 1224 1.000000000000000000e+00
1192 1320 1.000000000000000000e+00
1192 2216 1.000000000000000000e+00
1193 681 1.000000000000000000e+00
1193 1129 1.000000000000000000e+00
1193 1177 1.000000000000000000e+00
1193 1189 1.000000000000000000e+00
1193 1193 -2.000000000000000000e+00
1193 1194 1.000000000000000000e+00
1193 1201 1.000000000000000000e+00
1193 1225 1.000000000000000000e+00
1193 1321 1.000000000000000000e+00
1193 2217 1.000000000000000000e+00
1193 3240 1.000000000000000000e+00
1194 682 1.000000000000000000e+00
1194 1130 1.000000000000000000e+00
1194 1178 1.000000000000000000e+00
1194 1190 1.000000000000000000e+00
1194 1193 1.000000000000000000e+00
1194 1194 -2.000000000000000000e+00
1194 1196 1.000000000000000000e+00
1194 1202 1.000000000000000000e+00
1194 1226 1.000000000000000000e+00
1194 1322 1.000000000000000000e+00
1194 2218 1.000000000000000000e+00
1195 683 1.000000000000000000e+00
1195 1131 1.000000000000000000e+00
1195 1179 1.000000000000000000e+00
1195 1191 1.000000000000000000e+00
1195 1195 -2.000000000000000000e+00
1195 1197 1.000000000000000000e+00
1195 1203 1.000000000000000000e+00
1195 1227 1.000000000000000000e+00
1195 1323 1.000000000000000000e+00
1195 2219 1.000000000000000000e+00
1195 3242 1.000000000000000000e+00
1196 684 1.000000000000000000e+00
1196 1132 1.000000000000000000e+00
1196 1180 1.000000000000000000e+00
1196 1194 1.000000000000000000e+00
1196 1196 -1.000000000000000000e+00
1196 1204 1.000000000000000000e+00
1196 1228 1.000000000000000000e+00
1196 1324 1.000000000000000000e+00
1196 2220 1.000000000000000000e+00
1197 685 1.000000000000000000e+00
1197 1133 1.000000000000000000e+00
1197 1181 1.000000000000000000e+00
1197 1195 1.000000000000000000e+00
1197 1197 -2.000000000000000000e+00
1197 1198 1.000000000000000000e+00
1197 1205 1.000000000000000000e+00
1197 1229 1.000000000000000000e+00
1197 1325 1.000000000000000000e+00
1197 2221 1.000000000000000000e+00
1197 3244 1.000000000000000000e+00
1198 686 1.000000000000000000e+00
1198 1134 1.000000000000000000e+00
1198 1182 1.000000000000000000e+00
1198 1197 1.000000000000000000e+00
1198 1198 -1.000000000000000000e+00
1198 1206 1.000000000000000000e+00
1198 1230 1.000000000000000000e+00
1198 1326 1.000000000000000000e+00
1198 2222 1.000000000000000000e+00
1199 687 1.000000000000000000e+00
1199 1135 1.000000000000000000e+00
1199 1183 1.000000000000000000e+00
1199 1199 -1.000000000000000000e+00
1199 1207 1.000000000000000000e+00
1199 1231 1.000000000000000000e+00
1199 1327 1.000000000000000000e+00
1199 2223 1.000000000000000000e+00
1199 3246 1.000000000000000000e+00
1200 688 1.000000000000000000e+00
1200 1136 1.000000000000000000e+00
1200 1192 1.000000000000000000e+00
1200 1232 1.000000000000000000e+00
1200 1328 1.000000000000000000e+00
1200 2224 1.000000000000000000e+00
1201 689 1.000000000000000000e+00
1201 1137 1.000000000000000000e+00
1201 1193 1.000000000000000000e+00
1201 1201 -1.000000000000000000e+00
1201 1202 1.000000000000000000e+00
1201 1233 1.000000000000000000e+00
1201 1329 1.000000000000000000e+00
1201 2225 1.000000000000000000e+00
1201 3248 1.000000000000000000e+00
1202 690 1.000000000000000000e+00
1202 1138 1.000000000000000000e+00
1202 1194 1.000000000000000000e+00
1202 1201 1.000000000000000000e+00
1202 1202 -1.000000000000000000e+00
1202 1204 1.000000000000000000e+00
1202 1234 1.000000000000000000e+00
1202 1330 1.000000000000000000e+00
1202 2226 1.000000000000000000e+00
1203 691 1.000000000000000000e+00
1203 1139 1.000000000000000000e+00
1203 1195 1.000000000000000000e+00
1203 1203 -1.000000000000000000e+00
1203 1205 1.000000000000000000e+00
1203 1235 1.000000000000000000e+00
1203 1331 1.000000000000000000e+00
1203 2227 1.000000000000000000e+00
1203 3250 1.000000000000000000e+00
1204 692 1.000000000000000000e+00
1204 1140 1.000000000000000000e+00
1204 1196 1.000000000000000000e+00
1204 1202 1.000000000000000000e+00
1204 1204 -1.000000000000000000e+00
1204 1208 1.000000000000000000e+00
1204 1236 1.000000000000000000e+00
1204 1332 1.000000000000000000e+00
1204 2228 1.000000000000000000e+00
1205 693 1.000000000000000000e+00
1205 1141 1.000000000000000000e+00
1205 1197 1.000000000000000000e+00
1205 1203 1.000000000000000000e+00
1205 1205 -2.000000000000000000e+00
1205 1206 1.000000000000000000e+00
1205 1209 1.000000000000000000e+00
1205 1237 1.000000000000000000e+00
1205 1333 1.000000000000000000e+00
1205 2229 1.000000000000000000e+00
1205 3252 1.000000000000000000e+00
1206 694 1.000000000000000000e+00
1206 1142 1.000000000000000000e+00
1206 1198 1.000000000000000000e+00
1206 1205 1.000000000000000000e+00
1206 1206 -1.000000000000000000e+00
1206 1210 1.000000000000000000e+00
1206 1238 1.000000000000000000e+00
1206 1334 1.000000000000000000e+00
1206 2230 1.000000000000000000e+00
1207 695 1.000000000000000000e+00
1207 1143 1.000000000000000000e+00
1207 1199 1.000000000000000000e+00
1207 1207 -1.000000000000000000e+00
1207 1211 1.000000000000000000e+00
1207 1239 1.000000000000000000e+00
1207 1335 1.000000000000000000e+00
1207 2231 1.000000000000000000e+00
1207 3254 1.000000000000000000e+00
1208 696 1.000000000000000000e+00
1208 1144 1.000000000000000000e+00
1208 1204 1.000000000000000000e+00
1208 1240 1.000000000000000000e+00
1208 1336 1.000000000000000000e+00
1208 2232 1.000000000000000000e+00
1209 697 1.000000000000000000e+00
1209 1145 1.000000000000000000e+00
1209 1205 1.000000000000000000e+00
1209 1209 -1.000000000000000000e+00
1209 1210 1.000000000000000000e+00
1209 1241 1.000000000000000000e+00
1209 1337 1.000000000000000000e+00
1209 2233 1.000000000000000000e+00
1209 3256 1.000000000000000000e+00
1210 698 1.000000000000000000e+00
1210 1146 1.000000000000000000e+00
1210 1206 1.000000000000000000e+00
1210 1209 1.000000000000000000e+00
1210 1210 -1.000000000000000000e+00
1210 1212 1.000000000000000000e+00
1210 1242 1.000000000000000000e+00
1210 1338 1.000000000000000000e+00
1210 2234 1.000000000000000000e+00
1211 699 1.000000000000000000e+00
1211 1147 1.000000000000000000e+00
1211 1207 1.000000000000000000e+00
1211 1211 -1.000000000000000000e+00
1211 1213 1.000000000000000000e+00
1211 1243 1.000000000000000000e+00
1211 1339 1.000000000000000000e+00
1211 2235 1.000000000000000000e+00
1211 3258 1.000000000000000000e+00
1212 700 1.000000000000000000e+00
1212 1148 1.000000000000000000e+00
1212 1210 1.000000000000000000e+00
1212 1244 1.000000000000000000e+00
1212 1340 1.000000000000000000e+00
1212 2236 1.000000000000000000e+00
1213 701 1.000000000000000000e+00
1213 1149 1.000000000000000000e+00
1213 1211 1.000000000000000000e+00
1213 1213 -1.000000000000000000e+00
1213 1214 1.000000000000000000e+00
1213 1245 1.000000000000000000e+00
1213 1341 1.000000000000000000e+00
1213 2237 1.000000000000000000e+00
1213 3260 1.000000000000000000e+00
1214 702 1.000000000000000000e+00
1214 1150 1.000000000000000000e+00
1214 1213 1.000000000000000000e+00
1214 1246 1.000000000000000000e+00
1214 1342 1.000000000000000000e+00
1214 2238 1.000000000000000000e+00
1215 703 1.000000000000000000e+00
1215 1151 1.000000000000000000e+00
1215 1247 1.000000000000000000e+00
1215 1343 1.000000000000000000e+00
1215 2239 1.000000000000000000e+00
1215 3262 1.000000000000000000e+00
1216 704 1.000000000000000000e+00
1216 1184 1.000000000000000000e+00
1216 1216 1.000000000000000000e+00
1216 1344 1.000000000000000000e+00
1216 2240 1.000000000000000000e+00
1217 705 1.000000000000000000e+00
1217 1185 1.000000000000000000e+00
1217 1218 1.000000000000000000e+00
1217 1345 1.000000000000000000e+00
1217 2241 1.000000000000000000e+00
1217 3264 1.000000000000000000e+00
1218 706 1.000000000000000000e+00
1218 1186 1.000000000000000000e+00
1218 1217 1.000000000000000000e+00
1218 1220 1.000000000000000000e+00
1218 1346 1.000000000000000000e+00
1218 2242 1.000000000000000000e+00
1219 707 1.000000000000000000e+00
1219 1187 1.000000000000000000e+00
1219 1221 1.000000000000000000e+00
1219 1347 1.000000000000000000e+00
1219 2243 1.000000000000000000e+00
1219 3266 1.000000000000000000e+00
1220 708 1.000000000000000000e+00
1220 1188 1.000000000000000000e+00
1220 1218 1.000000000000000000e+00
1220 1224 1.000000000000000000e+00
1220 1348 1.000000000000000000e+00
1220 2244 1.000000000000000000e+00
1221 709 1.000000000000000000e+00
1221 1189 1.000000000000000000e+00
1221 1219 1.000000000000000000e+00
1221 1221 -1.000000000000000000e+00
1221 1222 1.000000000000000000e+00
1221 1225 1.000000000000000000e+00
1221 1349 1.000000000000000000e+00
1221 2245 1.000000000000000000e+00
1221 3268 1.000000000000000000e+00
1222 710 1.000000000000000000e+00
1222 1190 1.000000000000000000e+00
1222 1221 1.000000000000000000e+00
1222 1226 1.000000000000000000e+00
1222 1350 1.000000000000000000e+00
1222 2246 1.000000000000000000e+00
1223 711 1.000000000000000000e+00
1223 1191 1.000000000000000000e+00
1223 1227 1.000000000000000000e+00
1223 1351 1.000000000000000000e+00
1223 2247 1.000000000000000000e+00
1223 3270 1.000000000000000000e+00
1224 712 1.000000000000000000e+00
1224 1192 1.000000000000000000e+00
1224 1220 1.000000000000000000e+00
1224 1232 1.000000000000000000e+00
1224 1352 1.000000000000000000e+00
1224 2248 1.000000000000000000e+00
1225 713 1.000000000000000000e+00
1225 1193 1.000000000000000000e+00
1225 1221 1.000000000000000000e+00
1225 1225 -1.000000000000000000e+00
1225 1226 1.000000000000000000e+00
1225 1233 1.000000000000000000e+00
1225 1353 1.000000000000000000e+00
1225 2249 1.000000000000000000e+00
1225 3272 1.000000000000000000e+00
1226 714 1.000000000000000000e+00
1226 1194 1.000000000000000000e+00
1226 1222 1.000000000000000000e+00
1226 1225 1.000000000000000000e+00
1226 1226 -1.000000000000000000e+00
1226 1228 1.000000000000000000e+00
1226 1234 1.000000000000000000e+00
1226 1354 1.000000000000000000e+00
1226 2250 1.000000000000000000e+00
1227 715 1.000000000000000000e+00
1227 1195 1.000000000000000000e+00
1227 1223 1.000000000000000000e+00
1227 1227 -1.000000000000000000e+00
1227 1229 1.000000000000000000e+00
1227 1235 1.000000000000000000e+00
1227 1355 1.000000000000000000e+00
1227 2251 1.000000000000000000e+00
1227 3274 1.000000000000000000e+00
1228 716 1.000000000000000000e+00
1228 1196 1.000000000000000000e+00
1228 1226 1.000000000000000000e+00
1228 1236 1.000000000000000000e+00
1228 1356 1.000000000000000000e+00
1228 2252 1.000000000000000000e+00
1229 717 1.000000000000000000e+00
1229 1197 1.000000000000000000e+00
1229 1227 1.000000000000000000e+00
1229 1229 -1.000000000000000000e+00
1229 1230 1.000000000000000000e+00
1229 1237 1.000000000000000000e+00
1229 1357 1.000000000000000000e+00
1229 2253 1.000000000000000000e+00
1229 3276 1.000000000000000000e+00
1230 718 1.000000000000000000e+00
1230 1198 1.000000000000000000e+00
1230 1229 1.000000000000000000e+00
1230 1238 1.000000000000000000e+00
1230 1358 1.000000000000000000e+00
1230 2254 1.000000000000000000e+00
1231 719 1.000000000000000000e+00
1231 1199 1.000000000000000000e+00
1231 1239 1.000000000000000000e+00
1231 1359 1.000000000000000000e+00
1231 2255 1.000000000000000000e+00
1231 3278 1.000000000000000000e+00
1232 720 1.000000000000000000e+00
1232 1200 1.000000000000000000e+00
1232 1224 1.000000000000000000e+00
1232 1248 1.000000000000000000e+00
1232 1360 1.000000000000000000e+00
1232 2256 1.000000000000000000e+00
1233 721 1.000000000000000000e+00
1233 1201 1.000000000000000000e+00
1233 1225 1.000000000000000000e+00
1233 1233 -1.000000000000000000e+00
1233 1234 1.000000000000000000e+00
1233 1249 1.000000000000000000e+00
1233 1361 1.000000000000000000e+00
1233 2257 1.000000000000000000e+00
1233 3280 1.000000000000000000e+00
1234 722 1.000000000000000000e+00
1234 1202 1.000000000000000000e+00
1234 1226 1.000000000000000000e+00
1234 1233 1.000000000000000000e+00
1234 1234 -1.000000000000000000e+00
1234 1236 1.000000000000000000e+00
1234 1250 1.000000000000000000e+00
1234 1362 1.000000000000000000e+00
1234 2258 1.000000000000000000e+00
1235 723 1.000000000000000000e+00
1235 1203 1.000000000000000000e+00
1235 1227 1.000000000000000000e+00
1235 1235 -1.000000000000000000e+00
1235 1237 1.000000000000000000e+00
1235 1251 1.000000000000000000e+00
1235 1363 1.000000000000000000e+00
1235 2259 1.000000000000000000e+00
1235 3282 1.000000000000000000e+00
1236 724 1.000000000000000000e+00
1236 1204 1.000000000000000000e+00
1236 1228 1.000000000000000000e+00
1236 1234 1.000000000000000000e+00
1236 1236 -1.000000000000000000e+00
1236 1240 1.000000000000000000e+00
1236 1252 1.000000000000000000e+00
1236 1364 1.000000000000000000e+00
1236 2260 1.000000000000000000e+00
1237 725 1.000000000000000000e+00
1237 1205 1.000000000000000000e+00
1237 1229 1.000000000000000000e+00
1237 1235 1.000000000000000000e+00
1237 1237 -2.000000000000000000e+00
1237 1238 1.000000000000000000e+00
1237 1241 1.000000000000000000e+00
1237 1253 1.000000000000000000e+00
1237 1365 1.000000000000000000e+00
1237 2261 1.000000000000000000e+00
1237 3284 1.000000000000000000e+00
1238 726 1.000000000000000000e+00
1238 1206 1.000000000000000000e+00
1238 1230 1.000000000000000000e+00
1238 1237 1.000000000000000000e+00
1238 1238 -1.000000000000000000e+00
1238 1242 1.000000000000000000e+00
1238 1254 1.000000000000000000e+00
1238 1366 1.000000000000000000e+00
1238 2262 1.000000000000000000e+00
1239 727 1.000000000000000000e+00
1239 1207 1.000000000000000000e+00
1239 1231 1.000000000000000000e+00
1239 1239 -1.000000000000000000e+00
1239 1243 1.000000000000000000e+00
1239 1255 1.000000000000000000e+00
1239 1367 1.000000000000000000e+00
1239 2263 1.000000000000000000e+00
1239 3286 1.000000000000000000e+00
1240 728 1.000000000000000000e+00
1240 1208 1.000000000000000000e+00
1240 1236 1.000000000000000000e+00
1240 1256 1.000000000000000000e+00
1240 1368 1.000000000000000000e+00
1240 2264 1.000000000000000000e+00
1241 729 1.000000000000000000e+00
1241 1209 1.000000000000000000e+00
1241 1237 1.000000000000000000e+00
1241 1241 -1.000000000000000000e+00
1241 1242 1.000000000000000000e+00
1241 1257 1.000000000000000000e+00
1241 1369 1.000000000000000000e+00
1241 2265 1.000000000000000000e+00
1241 3288 1.000000000000000000e+00
1242 730 1.000000000000000000e+00
1242 1210 1.000000000000000000e+00
1242 1238 1.000000000000000000e+00
1242 1241 1.000000000000000000e+00
1242 1242 -1.000000000000000000e+00
1242 1244 1.000000000000000000e+00
1242 1258 1.000000000000000000e+00
1242 1370 1.000000000000000000e+00
1242 2266 1.000000000000000000e+00
1243 731 1.000000000000000000e+00
1243 1211 1.000000000000000000e+00
1243 1239 1.000000000000000000e+00
1243 1243 -1.000000000000000000e+00
1243 1245 1.000000000000000000e+00
1243 1259 1.000000000000000000e+00
1243 1371 1.000000000000000000e+00
1243 2267 1.000000000000000000e+00
1243 3290 1.000000000000000000e+00
1244 732 1.000000000000000000e+00
1244 1212 1.000000000000000000e+00
1244 1242 1.000000000000000000e+00
1244 1260 1.000000000000000000e+00
1244 1372 1.000000000000000000e+00
1244 2268 1.000000000000000000e+00
1245 733 1.000000000000000000e+00
1245 1213 1.000000000000000000e+00
1245 1243 1.000000000000000000e+00
1245 1245 -1.000000000000000000e+00
1245 1246 1.000000000000000000e+00
1245 1261 1.000000000000000000e+00
1245 1373 1.000000000000000000e+00
1245 2269 1.000000000000000000e+00
1245 3292 1.000000000000000000e+00
1246 734 1.000000000000000000e+00
1246 1214 1.000000000000000000e+00
1246 1245 1.000000000000000000e+00
1246 1262 1.000000000000000000e+00
1246 1374 1.000000000000000000e+00
1246 2270 1.000000000000000000e+00
1247 735 1.000000000000000000e+00
1247 1215 1.000000000000000000e+00
1247 1263 1.000000000000000000e+00
1247 1375 1.000000000000000000e+00
1247 2271 1.000000000000000000e+00
1247 3294 1.000000000000000000e+00
1248 736 1.000000000000000000e+00
1248 1232 1.000000000000000000e+00
1248 1248 1.000000000000000000e+00
1248 1376 1.000000000000000000e+00
1248 2272 1.000000000000000000e+00
1249 737 1.000000000000000000e+00
1249 1233 1.000000000000000000e+00
1249 1250 1.000000000000000000e+00
1249 1377 1.000000000000000000e+00
1249 2273 1.000000000000000000e+00
1249 3296 1.000000000000000000e+00
1250 738 1.000000000000000000e+00
1250 1234 1.000000000000000000e+00
1250 1249 1.000000000000000000e+00
1250 1252 1.000000000000000000e+00
1250 1378 1.000000000000000000e+00
1250 2274 1.000000000000000000e+00
1251 739 1.000000000000000000e+00
1251 1235 1.000000000000000000e+00
1251 1253 1.000000000000000000e+00
1251 1379 1.000000000000000000e+00
1251 2275 1.000000000000000000e+00
1251 3298 1.000000000000000000e+00
1252 740 1.000000000000000000e+00
1252 1236 1.000000000000000000e+00
1252 1250 1.000000000000000000e+00
1252 1256 1.000000000000000000e+00
1252 1380 1.000000000000000000e+00
1252 2276 1.000000000000000000e+00
1253 741 1.000000000000000000e+00
1253 1237 1.000000000000000000e+00
1253 1251 1.000000000000000000e+00
1253 1253 -1.000000000000000000e+00
1253 1254 1.000000000000000000e+00
1253 1257 1.000000000000000000e+00
1253 1381 1.000000000000000000e+00
1253 2277 1.000000000000000000e+00
1253 3300 1.000000000000000000e+00
1254 742 1.000000000000000000e+00
1254 1238 1.000000000000000000e+00
1254 1253 1.000000000000000000e+00
1254 1258 1.000000000000000000e+00
1254 1382 1.000000000000000000e+00
1254 2278 1.000000000000000000e+00
1255 743 1.000000000000000000e+00
1255 1239 1.000000000000000000e+00
1255 1259 1.000000000000000000e+00
1255 1383 1.000000000000000000e+00
1255 2279 1.000000000000000000e+00
1255 3302 1.000000000000000000e+00
1256 744 1.000000000000000000e+00
1256 1240 1.000000000000000000e+00
1256 1252 1.000000000000000000e+00
1256 1264 1.000000000000000000e+00
1256 1384 1.000000000000000000e+00
1256 2280 1.000000000000000000e+00
1257 745 1.000000000000000000e+00
1257 1241 1.000000000000000000e+00
1257 1253 1.000000000000000000e+00
1257 1257 -1.000000000000000000e+00
1257 1258 1.000000000000000000e+00
1257 1265 1.000000000000000000e+00
1257 1385 1.000000000000000000e+00
1257 2281 1.000000000000000000e+00
1257 3304 1.000000000000000000e+00
1258 746 1.000000000000000000e+00
1258 1242 1.000000000000000000e+00
1258 1254 1.000000000000000000e+00
1258 1257 1.000000000000000000e+00
1258 1258 -1.000000000000000000e+00
1258 1260 1.000000000000000000e+00
1258 1266 1.000000000000000000e+00
1258 1386 1.000000000000000000e+00
1258 2282 1.000000000000000000e+00
1259 747 1.000000000000000000e+00
1259 1243 1.000000000000000000e+00
1259 1255 1.000000000000000000e+00
1259 1259 -1.000000000000000000e+00
1259 1261 1.000000000000000000e+00
1259 1267 1.000000000000000000e+00
1259 1387 1.000000000000000000e+00
1259 2283 1.000000000000000000e+00
1259 3306 1.000000000000000000e+00
1260 748 1.000000000000000000e+00
1260 1244 1.000000000000000000e+00
1260 1258 1.000000000000000000e+00
1260 1268 1.000000000000000000e+00
1260 1388 1.000000000000000000e+00
1260 2284 1.000000000000000000e+00
1261 749 1.000000000000000000e+00
1261 1245 1.000000000000000000e+00
1261 1259 1.000000000000000000e+00
1261 1261 -1.000000000000000000e+00
1261 1262 1.000000000000000000e+00
1261 1269 1.000000000000000000e+00
1261 1389 1.000000000000000000e+00
1261 2285 1.000000000000000000e+00
1261 3308 1.000000000000000000e+00
1262 750 1.000000000000000000e+00
1262 1246 1.000000000000000000e+00
1262 1261 1.000000000000000000e+00
1262 1270 1.000000000000000000e+00
1262 1390 1.000000000000000000e+00
1262 2286 1.000000000000000000e+00
1263 751 1.000000000000000000e+00
1263 1247 1.000000000000000000e+00
1263 1271 1.000000000000000000e+00
1263 1391 1.000000000000000000e+00
1263 2287 1.000000000000000000e+00
1263 3310 1.000000000000000000e+00
1264 752 1.000000000000000000e+00
1264 1256 1.000000000000000000e+00
1264 1264 1.000000000000000000e+00
1264 1392 1.000000000000000000e+00
1264 2288 1.000000000000000000e+00
1265 753 1.000000000000000000e+00
1265 1257 1.000000000000000000e+00
1265 1266 1.000000000000000000e+00
1265 1393 1.000000000000000000e+00
1265 2289 1.000000000000000000e+00
1265 3312 1.000000000000000000e+00
1266 754 1.000000000000000000e+00
1266 1258 1.000000000000000000e+00
1266 1265 1.000000000000000000e+00
1266 1268 1.000000000000000000e+00
1266 1394 1.000000000000000000e+00
1266 2290 1.000000000000000000e+00
1267 755 1.000000000000000000e+00
1267 1259 1.000000000000000000e+00
1267 1269 1.000000000000000000e+00
1267 1395 1.000000000000000000e+00
1267 2291 1.000000000000000000e+00
1267 3314 1.000000000000000000e+00
1268 756 1.000000000000000000e+00
1268 1260 1.000000000000000000e+00
1268 1266 1.000000000000000000e+00
1268 1272 1.000000000000000000e+00
1268 1396 1.000000000000000000e+00
1268 2292 1.000000000000000000e+00
1269 757 1.000000000000000000e+00
1269 1261 1.000000000000000000e+00
1269 1267 1.000000000000000000e+00
1269 1269 -1.000000000000000000e+00
1269 1270 1.000000000000000000e+00
1269 1273 1.000000000000000000e+00
1269 1397 1.000000000000000000e+00
1269 2293 1.000000000000000000e+00
1269 3316 1.000000000000000000e+00
1270 758 1.000000000000000000e+00
1270 1262 1.000000000000000000e+00
1270 1269 1.000000000000000000e+00
1270 1274 1.000000000000000000e+00
1270 1398 1.000000000000000000e+00
1270 2294 1.000000000000000000e+00
1271 759 1.000000000000000000e+00
1271 1263 1.000000000000000000e+00
1271 1275 1.000000000000000000e+00
1271 1399 1.000000000000000000e+00
1271 2295 1.000000000000000000e+00
1271 3318 1.000000000000000000e+00
1272 760 1.000000000000000000e+00
1272 1268 1.000000000000000000e+00
1272 1272 1.000000000000000000e+00
1272 1400 1.000000000000000000e+00
1272 2296 1.000000000000000000e+00
1273 761 1.000000000000000000e+00
1273 1269 1.000000000000000000e+00
1273 1274 1.000000000000000000e+00
1273 1401 1.000000000000000000e+00
1273 2297 1.000000000000000000e+00
1273 3320 1.000000000000000000e+00
1274 762 1.000000000000000000e+00
1274 1270 1.000000000000000000e+00
1274 1273 1.000000000000000000e+00
1274 1276 1.000000000000000000e+00
1274 1402 1.000000000000000000e+00
1274 2298 1.000000000000000000e+00
1275 763 1.000000000000000000e+00
1275 1271 1.000000000000000000e+00
1275 1277 1.000000000000000000e+00
1275 1403 1.000000000000000000e+00
1275 2299 1.000000000000000000e+00
1275 3322 1.000000000000000000e+00
1276 764 1.000000000000000000e+00
1276 1274 1.000000000000000000e+00
1276 1276 1.000000000000000000e+00
1276 1404 1.000000000000000000e+00
1276 2300 1.000000000000000000e+00
1277 765 1.000000000000000000e+00
1277 1275 1.000000000000000000e+00
1277 1278 1.000000000000000000e+00
1277 1405 1.000000000000000000e+00
1277 2301 1.000000000000000000e+00
1277 3324 1.000000000000000000e+00
1278 766 1.000000000000000000e+00
1278 1277 1.000000000000000000e+00
1278 1278 1.000000000000000000e+00
1278 1406 1.000000000000000000e+00
1278 2302 1.000000000000000000e+00
1279 767 1.000000000000000000e+00
1279 1279 1.000000000000000000e+00
1279 1407 1.000000000000000000e+00
1279 2303 1.000000000000000000e+00
1279 3326 1.000000000000000000e+00
1280 768 1.000000000000000000e+00
1280 1152 1.000000000000000000e+00
1280 1280 1.000000000000000000e+00
1280 1536 1.000000000000000000e+00
1280 2304 1.000000000000000000e+00
1281 769 1.000000000000000000e+00
1281 1153 1.000000000000000000e+00
1281 1282 1.000000000000000000e+00
1281 1537 1.000000000000000000e+00
1281 2305 1.000000000000000000e+00
1281 3328 1.000000000000000000e+00
1282 770 1.000000000000000000e+00
1282 1154 1.000000000000000000e+00
1282 1281 1.000000000000000000e+00
1282 1284 1.000000000000000000e+00
1282 1538 1.000000000000000000e+00
1282 2306 1.000000000000000000e+00
1283 771 1.000000000000000000e+00
1283 1155 1.000000000000000000e+00
1283 1285 1.000000000000000000e+00
1283 1539 1.000000000000000000e+00
1283 2307 1.000000000000000000e+00
1283 3330 1.000000000000000000e+00
1284 772 1.000000000000000000e+00
1284 1156 1.000000000000000000e+00
1284 1282 1.000000000000000000e+00
1284 1288 1.000000000000000000e+00
1284 1540 1.000000000000000000e+00
1284 2308 1.000000000000000000e+00
1285 773 1.000000000000000000e+00
1285 1157 1.000000000000000000e+00
1285 1283 1.000000000000000000e+00
1285 1285 -1.000000000000000000e+00
1285 1286 1.000000000000000000e+00
1285 1289 1.000000000000000000e+00
1285 1541 1.000000000000000000e+00
1285 2309 1.000000000000000000e+00
1285 3332 1.000000000000000000e+00
1286 774 1.000000000000000000e+00
1286 1158 1.000000000000000000e+00
1286 1285 1.000000000000000000e+00
1286 1290 1.000000000000000000e+00
1286 1542 1.000000000000000000e+00
1286 2310 1.000000000000000000e+00
1287 775 1.000000000000000000e+00
1287 1159 1.000000000000000000e+00
1287 1291 1.000000000000000000e+00
1287 1543 1.000000000000000000e+00
1287 2311 1.000000000000000000e+00
1287 3334 1.000000000000000000e+00
1288 776 1.000000000000000000e+00
1288 1160 1.000000000000000000e+00
1288 1284 1.000000000000000000e+00
1288 1296 1.000000000000000000e+00
1288 1544 1.000000000000000000e+00
1288 2312 1.000000000000000000e+00
1289 777 1.000000000000000000e+00
1289 1161 1.000000000000000000e+00
1289 1285 1.000000000000000000e+00
1289 1289 -1.000000000000000000e+00
1289 1290 1.000000000000000000e+00
1289 1297 1.000000000000000000e+00
1289 1545 1.000000000000000000e+00
1289 2313 1.000000000000000000e+00
1289 3336 1.000000000000000000e+00
1290 778 1.000000000000000000e+00
1290 1162 1.000000000000000000e+00
1290 1286 1.000000000000000000e+00
1290 1289 1.000000000000000000e+00
1290 1290 -1.000000000000000000e+00
1290 1292 1.000000000000000000e+00
1290 1298 1.000000000000000000e+00
1290 1546 1.000000000000000000e+00
1290 2314 1.000000000000000000e+00
1291 779 1.000000000000000000e+00
1291 1163 1.000000000000000000e+00
1291 1287 1.000000000000000000e+00
1291 1291 -1.000000000000000000e+00
1291 1293 1.000000000000000000e+00
1291 1299 1.000000000000000000e+00
1291 1547 1.000000000000000000e+00
1291 2315 1.000000000000000000e+00
1291 3338 1.000000000000000000e+00
1292 780 1.000000000000000000e+00
1292 1164 1.000000000000000000e+00
1292 1290 1.000000000000000000e+00
1292 1300 1.000000000000000000e+00
1292 1548 1.000000000000000000e+00
1292 2316 1.000000000000000000e+00
1293 781 1.000000000000000000e+00
1293 1165 1.000000000000000000e+00
1293 1291 1.000000000000000000e+00
1293 1293 -1.000000000000000000e+00
1293 1294 1.000000000000000000e+00
1293 1301 1.000000000000000000e+00
1293 1549 1.000000000000000000e+00
1293 2317 1.000000000000000000e+00
1293 3340 1.000000000000000000e+00
1294 782 1.000000000000000000e+00
1294 1166 1.000000000000000000e+00
1294 1293 1.000000000000000000e+00
1294 1302 1.000000000000000000e+00
1294 1550 1.000000000000000000e+00
1294 2318 1.000000000000000000e+00
1295 783 1.000000000000000000e+00
1295 1167 1.000000000000000000e+00
1295 1303 1.000000000000000000e+00
1295 1551 1.000000000000000000e+00
1295 2319 1.000000000000000000e+00
1295 3342 1.000000000000000000e+00
1296 784 1.000000000000000000e+00
1296 1168 1.000000000000000000e+00
1296 1288 1.000000000000000000e+00
1296 1312 1.000000000000000000e+00
1296 1552 1.000000000000000000e+00
1296 2320 1.000000000000000000e+00
1297 785 1.000000000000000000e+00
1297 1169 1.000000000000000000e+00
1297 1289 1.000000000000000000e+00
1297 1297 -1.000000000000000000e+00
1297 1298 1.000000000000000000e+00
1297 1313 1.000000000000000000e+00
1297 1553 1.000000000000000000e+00
1297 2321 1.000000000000000000e+00
1297 3344 1.000000000000000000e+00
1298 786 1.000000000000000000e+00
1298 1170 1.000000000000000000e+00
1298 1290 1.000000000000000000e+00
1298 1297 1.000000000000000000e+00
1298 1298 -1.000000000000000000e+00
1298 1300 1.000000000000000000e+00
1298 1314 1.000000000000000000e+00
1298 1554 1.000000000000000000e+00
1298 2322 1.000000000000000000e+00
1299 787 1.000000000000000000e+00
1299 1171 1.000000000000000000e+00
1299 1291 1.000000000000000000e+00
1299 1299 -1.000000000000000000e+00
1299 1301 1.000000000000000000e+00
1299 1315 1.000000000000000000e+00
1299 1555 1.000000000000000000e+00
1299 2323 1.000000000000000000e+00
1299 3346 1.000000000000000000e+00
1300 788 1.000000000000000000e+00
1300 1172 1.000000000000000000e+00
1300 1292 1.000000000000000000e+00
1300 1298 1.000000000000000000e+00
1300 1300 -1.000000000000000000e+00
1300 1304 1.000000000000000000e+00
1300 1316 1.000000000000000000e+00
1300 1556 1.000000000000000000e+00
1300 2324 1.000000000000000000e+00
1301 789 1.000000000000000000e+00
1301 1173 1.000000000000000000e+00
1301 1293 1.000000000000000000e+00
1301 1299 1.000000000000000000e+00
1301 1301 -2.000000000000000000e+00
1301 1302 1.000000000000000000e+00
1301 1305 1.000000000000000000e+00
1301 1317 1.000000000000000000e+00
1301 1557 1.000000000000000000e+00
1301 2325 1.000000000000000000e+00
1301 3348 1.000000000000000000e+00
1302 790 1.000000000000000000e+00
1302 1174 1.000000000000000000e+00
1302 1294 1.000000000000000000e+00
1302 1301 1.000000000000000000e+00
1302 1302 -1.000000000000000000e+00
1302 1306 1.000000000000000000e+00
1302 1318 1.000000000000000000e+00
1302 1558 1.000000000000000000e+00
1302 2326 1.000000000000000000e+00
1303 791 1.000000000000000000e+00
1303 1175 1.000000000000000000e+00
1303 1295 1.000000000000000000e+00
1303 1303 -1.000000000000000000e+00
1303 1307 1.000000000000000000e+00
1303 1319 1.000000000000000000e+00
1303 1559 1.000000000000000000e+00
1303 2327 1.000000000000000000e+00
1303 3350 1.000000000000000000e+00
1304 792 1.000000000000000000e+00
1304 1176 1.000000000000000000e+00
1304 1300 1.000000000000000000e+00
1304 1320 1.000000000000000000e+00
1304 1560 1.000000000000000000e+00
1304 2328 1.000000000000000000e+00
1305 793 1.000000000000000000e+00
1305 1177 1.000000000000000000e+00
1305 1301 1.000000000000000000e+00
1305 1305 -1.000000000000000000e+00
1305 1306 1.000000000000000000e+00
1305 1321 1.000000000000000000e+00
1305 1561 1.000000000000000000e+00
1305 2329 1.000000000000000000e+00
1305 3352 1.000000000000000000e+00
1306 794 1.000000000000000000e+00
1306 1178 1.000000000000000000e+00
1306 1302 1.000000000000000000e+00
1306 1305 1.000000000000000000e+00
1306 1306 -1.000000000000000000e+00
1306 1308 1.000000000000000000e+00
1306 1322 1.000000000000000000e+00
1306 1562 1.000000000000000000e+00
1306 2330 1.000000000000000000e+00
1307 795 1.000000000000000000e+00
1307 1179 1.000000000000000000e+00
1307 1303 1.000000000000000000e+00
1307 1307 -1.000000000000000000e+00
1307 1309 1.000000000000000000e+00
1307 1323 1.000000000000000000e+00
1307 1563 1.000000000000000000e+00
1307 2331 1.000000000000000000e+00
1307 3354 1.000000000000000000e+00
1308 796 1.000000000000000000e+00
1308 1180 1.000000000000000000e+00
1308 1306 1.000000000000000000e+00
1308 1324 1.000000000000000000e+00
1308 1564 1.000000000000000000e+00
1308 2332 1.000000000000000000e+00
1309 797 1.000000000000000000e+00
1309 1181 1.000000000000000000e+00
1309 1307 1.000000000000000000e+00
1309 1309 -1.000000000000000000e+00
1309 1310 1.000000000000000000e+00
1309 1325 1.000000000000000000e+00
1309 1565 1.000000000000000000e+00
1309 2333 1.000000000000000000e+00
1309 3356 1.000000000000000000e+00
1310 798 1.000000000000000000e+00
1310 1182 1.000000000000000000e+00
1310 1309 1.000000000000000000e+00
1310 1326 1.000000000000000000e+00
1310 1566 1.000000000000000000e+00
1310 2334 1.000000000000000000e+00
1311 799 1.000000000000000000e+00
1311 1183 1.000000000000000000e+00
1311 1327 1.000000000000000000e+00
1311 1567 1.000000000000000000e+00
1311 2335 1.000000000000000000e+00
1311 3358 1.000000000000000000e+00
1312 800 1.000000000000000000e+00
1312 1184 1.000000000000000000e+00
1312 1296 1.000000000000000000e+00
1312 1344 1.000000000000000000e+00
1312 1568 1.000000000000000000e+00
1312 2336 1.000000000000000000e+00
1313 801 1.000000000000000000e+00
1313 1185 1.000000000000000000e+00
1313 1297 1.000000000000000000e+00
1313 1313 -1.000000000000000000e+00
1313 1314 1.000000000000000000e+00
1313 1345 1.000000000000000000e+00
1313 1569 1.000000000000000000e+00
1313 2337 1.000000000000000000e+00
1313 3360 1.000000000000000000e+00
1314 802 1.000000000000000000e+00
1314 1186 1.000000000000000000e+00
1314 1298 1.000000000000000000e+00
1314 1313 1.000000000000000000e+00
1314 1314 -1.000000000000000000e+00
1314 1316 1.000000000000000000e+00
1314 1346 1.000000000000000000e+00
1314 1570 1.000000000000000000e+00
1314 2338 1.000000000000000000e+00
1315 803 1.000000000000000000e+00
1315 1187 1.000000000000000000e+00
1315 1299 1.000000000000000000e+00
1315 1315 -1.000000000000000000e+00
1315 1317 1.000000000000000000e+00
1315 1347 1.000000000000000000e+00
1315 1571 1.000000000000000000e+00
1315 2339 1.000000000000000000e+00
1315 3362 1.000000000000000000e+00
1316 804 1.000000000000000000e+00
1316 1188 1.000000000000000000e+00
1316 1300 1.000000000000000000e+00
1316 1314 1.000000000000000000e+00
1316 1316 -1.000000000000000000e+00
1316 1320 1.000000000000000000e+00
1316 1348 1.000000000000000000e+00
1316 1572 1.000000000000000000e+00
1316 2340 1.000000000000000000e+00
1317 805 1.000000000000000000e+00
1317 1189 1.000000000000000000e+00
1317 1301 1.000000000000000000e+00
1317 1315 1.000000000000000000e+00
1317 1317 -2.000000000000000000e+00
1317 1318 1.000000000000000000e+00
1317 1321 1.000000000000000000e+00
1317 1349 1.000000000000000000e+00
1317 1573 1.000000000000000000e+00
1317 2341 1.000000000000000000e+00
1317 3364 1.000000000000000000e+00
1318 806 1.000000000000000000e+00
1318 1190 1.000000000000000000e+00
1318 1302 1.000000000000000000e+00
1318 1317 1.000000000000000000e+00
1318 1318 -1.000000000000000000e+00
1318 1322 1.000000000000000000e+00
1318 1350 1.000000000000000000e+00
1318 1574 1.000000000000000000e+00
1318 2342 1.000000000000000000e+00
1319 807 1.000000000000000000e+00
1319 1191 1.000000000000000000e+00
1319 1303 1.000000000000000000e+00
1319 1319 -1.000000000000000000e+00
1319 1323 1.000000000000000000e+00
1319 1351 1.000000000000000000e+00
1319 1575 1.000000000000000000e+00
1319 2343 1.000000000000000000e+00
1319 3366 1.000000000000000000e+00
1320 808 1.000000000000000000e+00
1320 1192 1.000000000000000000e+00
1320 1304 1.000000000000000000e+00
1320 1316 1.000000000000000000e+00
1320 1320 -1.000000000000000000e+00
1320 1328 1.000000000000000000e+00
1320 1352 1.000000000000000000e+00
1320 1576 1.000000000000000000e+00
1320 2344 1.000000000000000000e+00
1321 809 1.000000000000000000e+00
1321 1193 1.000000000000000000e+00
1321 1305 1.000000000000000000e+00
1321 1317 1.000000000000000000e+00
1321 1321 -2.000000000000000000e+00
1321 1322 1.000000000000000000e+00
1321 1329 1.000000000000000000e+00
1321 1353 1.000000000000000000e+00
1321 1577 1.000000000000000000e+00
1321 2345 1.000000000000000000e+00
1321 3368 1.000000000000000000e+00
1322 810 1.000000000000000000e+00
1322 1194 1.000000000000000000e+00
1322 1306 1.000000000000000000e+00
1322 1318 1.000000000000000000e+00
1322 1321 1.000000000000000000e+00
1322 1322 -2.000000000000000000e+00
1322 1324 1.000000000000000000e+00
1322 1330 1.000000000000000000e+00
1322 1354 1.000000000000000000e+00
1322 1578 1.000000000000000000e+00
1322 2346 1.000000000000000000e+00
1323 811 1.000000000000000000e+00
1323 1195 1.000000000000000000e+00
1323 1307 1.000000000000000000e+00
1323 1319 1.000000000000000000e+00
1323 1323 -2.000000000000000000e+00
1323 1325 1.000000000000000000e+00
1323 1331 1.000000000000000000e+00
1323 1355 1.000000000000000000e+00
1323 1579 1.000000000000000000e+00
1323 2347 1.000000000000000000e+00
1323 3370 1.000000000000000000e+00
1324 812 1.000000000000000000e+00
1324 1196 1.000000000000000000e+00
1324 1308 1.000000000000000000e+00
1324 1322 1.000000000000000000e+00
1324 1324 -1.000000000000000000e+00
1324 1332 1.000000000000000000e+00
1324 1356 1.000000000000000000e+00
1324 1580 1.000000000000000000e+00
1324 2348 1.000000000000000000e+00
1325 813 1.000000000000000000e+00
1325 1197 1.000000000000000000e+00
1325 1309 1.000000000000000000e+00
1325 1323 1.000000000000000000e+00
1325 1325 -2.000000000000000000e+00
1325 1326 1.000000000000000000e+00
1325 1333 1.000000000000000000e+00
1325 1357 1.000000000000000000e+00
1325 1581 1.000000000000000000e+00
1325 2349 1.000000000000000000e+00
1325 3372 1.000000000000000000e+00
1326 814 1.000000000000000000e+00
1326 1198 1.000000000000000000e+00
1326 1310 1.000000000000000000e+00
1326 1325 1.000000000000000000e+00
1326 1326 -1.000000000000000000e+00
1326 1334 1.000000000000000000e+00
1326 1358 1.000000000000000000e+00
1326 1582 1.000000000000000000e+00
1326 2350 1.000000000000000000e+00
1327 815 1.000000000000000000e+00
1327 1199 1.000000000000000000e+00
1327 1311 1.000000000000000000e+00
1327 1327 -1.000000000000000000e+00
1327 1335 1.000000000000000000e+00
1327 1359 1.000000000000000000e+00
1327 1583 1.000000000000000000e+00
1327 2351 1.000000000000000000e+00
1327 3374 1.000000000000000000e+00
1328 816 1.000000000000000000e+00
1328 1200 1.000000000000000000e+00
1328 1320 1.000000000000000000e+00
1328 1360 1.000000000000000000e+00
1328 1584 1.000000000000000000e+00
1328 2352 1.000000000000000000e+00
1329 817 1.000000000000000000e+00
1329 1201 1.000000000000000000e+00
1329 1321 1.000000000000000000e+00
1329 1329 -1.000000000000000000e+00
1329 1330 1.000000000000000000e+00
1329 1361 1.000000000000000000e+00
1329 1585 1.000000000000000000e+00
1329 2353 1.000000000000000000e+00
1329 3376 1.000000000000000000e+00
1330 818 1.000000000000000000e+00
1330 1202 1.000000000000000000e+00
1330 1322 1.000000000000000000e+00
1330 1329 1.000000000000000000e+00
1330 1330 -1.000000000000000000e+00
1330 1332 1.000000000000000000e+00
1330 1362 1.000000000000000000e+00
1330 1586 1.000000000000000000e+00
1330 2354 1.000000000000000000e+00
1331 819 1.000000000000000000e+00
1331 1203 1.000000000000000000e+00
1331 1323 1.000000000000000000e+00
1331 1331 -1.000000000000000000e+00
1331 1333 1.000000000000000000e+00
1331 1363 1.000000000000000000e+00
1331 1587 1.000000000000000000e+00
1331 2355 1.000000000000000000e+00
1331 3378 1.000000000000000000e+00
1332 820 1.000000000000000000e+00
1332 1204 1.000000000000000000e+00
1332 1324 1.000000000000000000e+00
1332 1330 1.000000000000000000e+00
1332 1332 -1.000000000000000000e+00
1332 1336 1.000000000000000000e+00
1332 1364 1.000000000000000000e+00
1332 1588 1.000000000000000000e+00
1332 2356 1.000000000000000000e+00
1333 821 1.000000000000000000e+00
1333 1205 1.000000000000000000e+00
1333 1325 1.000000000000000000e+00
1333 1331 1.000000000000000000e+00
1333 1333 -2.000000000000000000e+00
1333 1334 1.000000000000000000e+00
1333 1337 1.000000000000000000e+00
1333 1365 1.000000000000000000e+00
1333 1589 1.000000000000000000e+00
1333 2357 1.000000000000000000e+00
1333 3380 1.000000000000000000e+00
1334 822 1.000000000000000000e+00
1334 1206 1.000000000000000000e+00
1334 1326 1.000000000000000000e+00
1334 1333 1.000000000000000000e+00
1334 1334 -1.000000000000000000e+00
1334 1338 1.000000000000000000e+00
1334 1366 1.000000000000000000e+00
1334 1590 1.000000000000000000e+00
1334 2358 1.000000000000000000e+00
1335 823 1.000000000000000000e+00
1335 1207 1.000000000000000000e+00
1335 1327 1.000000000000000000e+00
1335 1335 -1.000000000000000000e+00
1335 1339 1.000000000000000000e+00
1335 1367 1.000000000000000000e+00
1335 1591 1.000000000000000000e+00
1335 2359 1.000000000000000000e+00
1335 3382 1.000000000000000000e+00
1336 824 1.000000000000000000e+00
1336 1208 1.000000000000000000e+00
1336 1332 1.000000000000000000e+00
1336 1368 1.000000000000000000e+00
1336 1592 1.000000000000000000e+00
1336 2360 1.000000000000000000e+00
1337 825 1.000000000000000000e+00
1337 1209 1.000000000000000000e+00
1337 1333 1.000000000000000000e+00
1337 1337 -1.000000000000000000e+00
1337 1338 1.000000000000000000e+00
1337 1369 1.000000000000000000e+00
1337 1593 1.000000000000000000e+00
1337 2361 1.000000000000000000e+00
1337 3384 1.000000000000000000e+00
1338 826 1.000000000000000000e+00
1338 1210 1.000000000000000000e+00
1338 1334 1.000000000000000000e+00
1338 1337 1.000000000000000000e+00
1338 1338 -1.000000000000000000e+00
1338 1340 1.000000000000000000e+00
1338 1370 1.000000000000000000e+00
1338 1594 1.000000000000000000e+00
1338 2362 1.000000000000000000e+00
1339 827 1.000000000000000000e+00
1339 1211 1.000000000000000000e+00
1339 1335 1.000000000000000000e+00
1339 1339 -1.000000000000000000e+00
1339 1341 1.000000000000000000e+00
1339 1371 1.000000000000000000e+00
1339 1595 1.000000000000000000e+00
1339 2363 1.000000000000000000e+00
1339 3386 1.000000000000000000e+00
1340 828 1.000000000000000000e+00
1340 1212 1.000000000000000000e+00
1340 1338 1.000000000000000000e+00
1340 1372 1.000000000000000000e+00
1340 1596 1.000000000000000000e+00
1340 2364 1.000000000000000000e+00
1341 829 1.000000000000000000e+00
1341 1213 1.000000000000000000e+00
1341 1339 1.000000000000000000e+00
1341 1341 -1.000000000000000000e+00
1341 1342 1.000000000000000000e+00
1341 1373 1.000000000000000000e+00
1341 1597 1.000000000000000000e+00
1341 2365 1.000000000000000000e+00
1341 3388 1.000000000000000000e+00
1342 830 1.000000000000000000e+00
1342 1214 1.000000000000000000e+00
1342 1341 1.000000000000000000e+00
1342 1374 1.000000000000000000e+00
1342 1598 1.000000000000000000e+00
1342 2366 1.000000000000000000e+00
1343 831 1.000000000000000000e+00
1343 1215 1.000000000000000000e+00
1343 1375 1.000000000000000000e+00
1343 1599 1.000000000000000000e+00
1343 2367 1.000000000000000000e+00
1343 3390 1.000000000000000000e+00
1344 832 1.000000000000000000e+00
1344 1216 1.000000000000000000e+00
1344 1312 1.000000000000000000e+00
1344 1408 1.000000000000000000e+00
1344 1600 1.000000000000000000e+00
1344 2368 1.000000000000000000e+00
1345 833 1.000000000000000000e+00
1345 1217 1.000000000000000000e+00
1345 1313 1.000000000000000000e+00
1345 1345 -1.000000000000000000e+00
1345 1346 1.000000000000000000e+00
1345 1409 1.000000000000000000e+00
1345 1601 1.000000000000000000e+00
1345 2369 1.000000000000000000e+00
1345 3392 1.000000000000000000e+00
1346 834 1.000000000000000000e+00
1346 1218 1.000000000000000000e+00
1346 1314 1.000000000000000000e+00
1346 1345 1.000000000000000000e+00
1346 1346 -1.000000000000000000e+00
1346 1348 1.000000000000000000e+00
1346 1410 1.000000000000000000e+00
1346 1602 1.000000000000000000e+00
1346 2370 1.000000000000000000e+00
1347 835 1.000000000000000000e+00
1347 1219 1.000000000000000000e+00
1347 1315 1.000000000000000000e+00
1347 1347 -1.000000000000000000e+00
1347 1349 1.000000000000000000e+00
1347 1411 1.000000000000000000e+00
1347 1603 1.000000000000000000e+00
1347 2371 1.000000000000000000e+00
1347 3394 1.000000000000000000e+00
1348 836 1.000000000000000000e+00
1348 1220 1.000000000000000000e+00
1348 1316 1.000000000000000000e+00
1348 1346 1.000000000000000000e+00
1348 1348 -1.000000000000000000e+00
1348 1352 1.000000000000000000e+00
1348 1412 1.000000000000000000e+00
1348 1604 1.000000000000000000e+00
1348 2372 1.000000000000000000e+00
1349 837 1.000000000000000000e+00
1349 1221 1.000000000000000000e+00
1349 1317 1.000000000000000000e+00
1349 1347 1.000000000000000000e+00
1349 1349 -2.000000000000000000e+00
1349 1350 1.000000000000000000e+00
1349 1353 1.000000000000000000e+00
1349 1413 1.000000000000000000e+00
1349 1605 1.000000000000000000e+00
1349 2373 1.000000000000000000e+00
1349 3396 1.000000000000000000e+00
1350 838 1.000000000000000000e+00
1350 1222 1.000000000000000000e+00
1350 1318 1.000000000000000000e+00
1350 1349 1.000000000000000000e+00
1350 1350 -1.000000000000000000e+00
1350 1354 1.000000000000000000e+00
1350 1414 1.000000000000000000e+00
1350 1606 1.000000000000000000e+00
1350 2374 1.000000000000000000e+00
1351 839 1.000000000000000000e+00
1351 1223 1.000000000000000000e+00
1351 1319 1.000000000000000000e+00
1351 1351 -1.000000000000000000e+00
1351 1355 1.000000000000000000e+00
1351 1415 1.000000000000000000e+00
1351 1607 1.000000000000000000e+00
1351 2375 1.000000000000000000e+00
1351 3398 1.000000000000000000e+00
1352 840 1.000000000000000000e+00
1352 1224 1.000000000000000000e+00
1352 1320 1.000000000000000000e+00
1352 1348 1.000000000000000000e+00
1352 1352 -1.000000000000000000e+00
1352 1360 1.000000000000000000e+00
1352 1416 1.000000000000000000e+00
1352 1608 1.000000000000000000e+00
1352 2376 1.000000000000000000e+00
1353 841 1.000000000000000000e+00
1353 1225 1.000000000000000000e+00
1353 1321 1.000000000000000000e+00
1353 1349 1.000000000000000000e+00
1353 1353 -2.000000000000000000e+00
1353 1354 1.000000000000000000e+00
1353 1361 1.000000000000000000e+00
1353 1417 1.000000000000000000e+00
1353 1609 1.000000000000000000e+00
1353 2377 1.000000000000000000e+00
1353 3400 1.000000000000000000e+00
1354 842 1.000000000000000000e+00
1354 1226 1.000000000000000000e+00
1354 1322 1.000000000000000000e+00
1354 1350 1.000000000000000000e+00
1354 1353 1.000000000000000000e+00
1354 1354 -2.000000000000000000e+00
1354 1356 1.000000000000000000e+00
1354 1362 1.000000000000000000e+00
1354 1418 1.000000000000000000e+00
1354 1610 1.000000000000000000e+00
1354 2378 1.000000000000000000e+00
1355 843 1.000000000000000000e+00
1355 1227 1.000000000000000000e+00
1355 1323 1.000000000000000000e+00
1355 1351 1.000000000000000000e+00
1355 1355 -2.000000000000000000e+00
1355 1357 1.000000000000000000e+00
1355 1363 1.000000000000000000e+00
1355 1419 1.000000000000000000e+00
1355 1611 1.000000000000000000e+00
1355 2379 1.000000000000000000e+00
1355 3402 1.000000000000000000e+00
1356 844 1.000000000000000000e+00
1356 1228 1.000000000000000000e+00
1356 1324 1.000000000000000000e+00
1356 1354 1.000000000000000000e+00
1356 1356 -1.000000000000000000e+00
1356 1364 1.000000000000000000e+00
1356 1420 1.000000000000000000e+00
1356 1612 1.000000000000000000e+00
1356 2380 1.000000000000000000e+00
1357 845 1.000000000000000000e+00
1357 1229 1.000000000000000000e+00
1357 1325 1.000000000000000000e+00
1357 1355 1.000000000000000000e+00
1357 1357 -2.000000000000000000e+00
1357 1358 1.000000000000000000e+00
1357 1365 1.000000000000000000e+00
1357 1421 1.000000000000000000e+00
1357 1613 1.000000000000000000e+00
1357 2381 1.000000000000000000e+00
1357 3404 1.000000000000000000e+00
1358 846 1.000000000000000000e+00
1358 1230 1.000000000000000000e+00
1358 1326 1.000000000000000000e+00
1358 1357 1.000000000000000000e+00
1358 1358 -1.000000000000000000e+00
1358 1366 1.000000000000000000e+00
1358 1422 1.000000000000000000e+00
1358 1614 1.000000000000000000e+00
1358 2382 1.000000000000000000e+00
1359 847 1.000000000000000000e+00
1359 1231 1.000000000000000000e+00
1359 1327 1.000000000000000000e+00
1359 1359 -1.000000000000000000e+00
1359 1367 1.000000000000000000e+00
1359 1423 1.000000000000000000e+00
1359 1615 1.000000000000000000e+00
1359 2383 1.000000000000000000e+00
1359 3406 1.000000000000000000e+00
1360 848 1.000000000000000000e+00
1360 1232 1.000000000000000000e+00
1360 1328 1.000000000000000000e+00
1360 1352 1.000000000000000000e+00
1360 1360 -1.000000000000000000e+00
1360 1376 1.000000000000000000e+00
1360 1424 1.000000000000000000e+00
1360 1616 1.000000000000000000e+00
1360 2384 1.000000000000000000e+00
1361 849 1.000000000000000000e+00
1361 1233 1.000000000000000000e+00
1361 1329 1.000000000000000000e+00
1361 1353 1.000000000000000000e+00
1361 1361 -2.000000000000000000e+00
1361 1362 1.000000000000000000e+00
1361 1377 1.000000000000000000e+00
1361 1425 1.000000000000000000e+00
1361 1617 1.000000000000000000e+00
1361 2385 1.000000000000000000e+00
1361 3408 1.000000000000000000e+00
1362 850 1.000000000000000000e+00
1362 1234 1.000000000000000000e+00
1362 1330 1.000000000000000000e+00
1362 1354 1.000000000000000000e+00
1362 1361 1.000000000000000000e+00
1362 1362 -2.000000000000000000e+00
1362 1364 1.000000000000000000e+00
1362 1378 1.000000000000000000e+00
1362 1426 1.000000000000000000e+00
1362 1618 1.000000000000000000e+00
1362 2386 1.000000000000000000e+00
1363 851 1.000000000000000000e+00
1363 1235 1.000000000000000000e+00
1363 1331 1.000000000000000000e+00
1363 1355 1.000000000000000000e+00
1363 1363 -2.000000000000000000e+00
1363 1365 1.000000000000000000e+00
1363 1379 1.000000000000000000e+00
1363 1427 1.000000000000000000e+00
1363 1619 1.000000000000000000e+00
1363 2387 1.000000000000000000e+00
1363 3410 1.000000000000000000e+00
1364 852 1.000000000000000000e+00
1364 1236 1.000000000000000000e+00
1364 1332 1.000000000000000000e+00
1364 1356 1.000000000000000000e+00
1364 1362 1.000000000000000000e+00
1364 1364 -2.000000000000000000e+00
1364 1368 1.000000000000000000e+00
1364 1380 1.000000000000000000e+00
1364 1428 1.000000000000000000e+00
1364 1620 1.000000000000000000e+00
1364 2388 1.000000000000000000e+00
1365 853 1.000000000000000000e+00
1365 1237 1.000000000000000000e+00
1365 1333 1.000000000000000000e+00
1365 1357 1.000000000000000000e+00
1365 1363 1.000000000000000000e+00
1365 1365 -3.000000000000000000e+00
1365 1366 1.000000000000000000e+00
1365 1369 1.000000000000000000e+00
1365 1381 1.000000000000000000e+00
1365 1429 1.000000000000000000e+00
1365 1621 1.000000000000000000e+00
1365 2389 1.000000000000000000e+00
1365 3412 1.000000000000000000e+00
1366 854 1.000000000000000000e+00
1366 1238 1.000000000000000000e+00
1366 1334 1.000000000000000000e+00
1366 1358 1.000000000000000000e+00
1366 1365 1.000000000000000000e+00
1366 1366 -2.000000000000000000e+00
1366 1370 1.000000000000000000e+00
1366 1382 1.000000000000000000e+00
1366 1430 1.000000000000000000e+00
1366 1622 1.000000000000000000e+00
1366 2390 1.000000000000000000e+00
1367 855 1.000000000000000000e+00
1367 1239 1.000000000000000000e+00
1367 1335 1.000000000000000000e+00
1367 1359 1.000000000000000000e+00
1367 1367 -2.000000000000000000e+00
1367 1371 1.000000000000000000e+00
1367 1383 1.000000000000000000e+00
1367 1431 1.000000000000000000e+00
1367 1623 1.000000000000000000e+00
1367 2391 1.000000000000000000e+00
1367 3414 1.000000000000000000e+00
1368 856 1.000000000000000000e+00
1368 1240 1.000000000000000000e+00
1368 1336 1.000000000000000000e+00
1368 1364 1.000000000000000000e+00
1368 1368 -1.000000000000000000e+00
1368 1384 1.000000000000000000e+00
1368 1432 1.000000000000000000e+00
1368 1624 1.000000000000000000e+00
1368 2392 1.000000000000000000e+00
1369 857 1.000000000000000000e+00
1369 1241 1.000000000000000000e+00
1369 1337 1.000000000000000000e+00
1369 1365 1.000000000000000000e+00
1369 1369 -2.000000000000000000e+00
1369 1370 1.000000000000000000e+00
1369 1385 1.000000000000000000e+00
1369 1433 1.000000000000000000e+00
1369 1625 1.000000000000000000e+00
1369 2393 1.000000000000000000e+00
1369 3416 1.000000000000000000e+00
1370 858 1.000000000000000000e+00
1370 1242 1.000000000000000000e+00
1370 1338 1.000000000000000000e+00
1370 1366 1.000000000000000000e+00
1370 1369 1.000000000000000000e+00
1370 1370 -2.000000000000000000e+00
1370 1372 1.000000000000000000e+00
1370 1386 1.000000000000000000e+00
1370 1434 1.000000000000000000e+00
1370 1626 1.000000000000000000e+00
1370 2394 1.000000000000000000e+00
1371 859 1.000000000000000000e+00
1371 1243 1.000000000000000000e+00
1371 1339 1.000000000000000000e+00
1371 1367 1.000000000000000000e+00
1371 1371 -2.000000000000000000e+00
1371 1373 1.000000000000000000e+00
1371 1387 1.000000000000000000e+00
1371 1435 1.000000000000000000e+00
1371 1627 1.000000000000000000e+00
1371 2395 1.000000000000000000e+00
1371 3418 1.000000000000000000e+00
1372 860 1.000000000000000000e+00
1372 1244 1.000000000000000000e+00
1372 1340 1.000000000000000000e+00
1372 1370 1.000000000000000000e+00
1372 1372 -1.000000000000000000e+00
1372 1388 1.000000000000000000e+00
1372 1436 1.000000000000000000e+00
1372 1628 1.000000000000000000e+00
1372 2396 1.000000000000000000e+00
1373 861 1.000000000000000000e+00
1373 1245 1.000000000000000000e+00
1373 1341 1.000000000000000000e+00
1373 1371 1.000000000000000000e+00
1373 1373 -2.000000000000000000e+00
1373 1374 1.000000000000000000e+00
1373 1389 1.000000000000000000e+00
1373 1437 1.000000000000000000e+00
1373 1629 1.000000000000000000e+00
1373 2397 1.000000000000000000e+00
1373 3420 1.000000000000000000e+00
1374 862 1.000000000000000000e+00
1374 1246 1.000000000000000000e+00
1374 1342 1.000000000000000000e+00
1374 1373 1.000000000000000000e+00
1374 1374 -1.000000000000000000e+00
1374 1390 1.000000000000000000e+00
1374 1438 1.000000000000000000e+00
1374 1630 1.000000000000000000e+00
1374 2398 1.000000000000000000e+00
1375 863 1.000000000000000000e+00
1375 1247 1.000000000000000000e+00
1375 1343 1.000000000000000000e+00
1375 1375 -1.000000000000000000e+00
1375 1391 1.000000000000000000e+00
1375 1439 1.000000000000000000e+00
1375 1631 1.000000000000000000e+00
1375 2399 1.000000000000000000e+00
1375 3422 1.000000000000000000e+00
1376 864 1.000000000000000000e+00
1376 1248 1.000000000000000000e+00
1376 1360 1.000000000000000000e+00
1376 1440 1.000000000000000000e+00
1376 1632 1.000000000000000000e+00
1376 2400 1.000000000000000000e+00
1377 865 1.000000000000000000e+00
1377 1249 1.000000000000000000e+00
1377 1361 1.000000000000000000e+00
1377 1377 -1.000000000000000000e+00
1377 1378 1.000000000000000000e+00
1377 1441 1.000000000000000000e+00
1377 1633 1.000000000000000000e+00
1377 2401 1.000000000000000000e+00
1377 3424 1.000000000000000000e+00
1378 866 1.000000000000000000e+00
1378 1250 1.000000000000000000e+00
1378 1362 1.000000000000000000e+00
1378 1377 1.000000000000000000e+00
1378 1378 -1.000000000000000000e+00
1378 1380 1.000000000000000000e+00
1378 1442 1.000000000000000000e+00
1378 1634 1.000000000000000000e+00
1378 2402 1.000000000000000000e+00
1379 867 1.000000000000000000e+00
1379 1251 1.000000000000000000e+00
1379 1363 1.000000000000000000e+00
1379 1379 -1.000000000000000000e+00
1379 1381 1.000000000000000000e+00
1379 1443 1.000000000000000000e+00
1379 1635 1.000000000000000000e+00
1379 2403 1.000000000000000000e+00
1379 3426 1.000000000000000000e+00
1380 868 1.000000000000000000e+00
1380 1252 1.000000000000000000e+00
1380 1364 1.000000000000000000e+00
1380 1378 1.000000000000000000e+00
1380 1380 -1.000000000000000000e+00
1380 1384 1.000000000000000000e+00
1380 1444 1.000000000000000000e+00
1380 1636 1.000000000000000000e+00
1380 2404 1.000000000000000000e+00
1381 869 1.000000000000000000e+00
1381 1253 1.000000000000000000e+00
1381 1365 1.000000000000000000e+00
1381 1379 1.000000000000000000e+00
1381 1381 -2.000000000000000000e+00
1381 1382 1.000000000000000000e+00
1381 1385 1.000000000000000000e+00
1381 1445 1.000000000000000000e+00
1381 1637 1.000000000000000000e+00
1381 2405 1.000000000000000000e+00
1381 3428 1.000000000000000000e+00
1382 870 1.000000000000000000e+00
1382 1254 1.000000000000000000e+00
1382 1366 1.000000000000000000e+00
1382 1381 1.000000000000000000e+00
1382 1382 -1.000000000000000000e+00
1382 1386 1.000000000000000000e+00
1382 1446 1.000000000000000000e+00
1382 1638 1.000000000000000000e+00
1382 2406 1.000000000000000000e+00
1383 871 1.000000000000000000e+00
1383 1255 1.000000000000000000e+00
1383 1367 1.000000000000000000e+00
1383 1383 -1.000000000000000000e+00
1383 1387 1.000000000000000000e+00
1383 1447 1.000000000000000000e+00
1383 1639 1.000000000000000000e+00
1383 2407 1.000000000000000000e+00
1383 3430 1.000000000000000000e+00
1384 872 1.000000000000000000e+00
1384 1256 1.000000000000000000e+00
1384 1368 1.000000000000000000e+00
1384 1380 1.000000000000000000e+00
1384 1384 -1.000000000000000000e+00
1384 1392 1.000000000000000000e+00
1384 1448 1.000000000000000000e+00
1384 1640 1.000000000000000000e+00
1384 2408 1.000000000000000000e+00
1385 873 1.000000000000000000e+00
1385 1257 1.000000000000000000e+00
1385 1369 1.000000000000000000e+00
1385 1381 1.000000000000000000e+00
1385 1385 -2.000000000000000000e+00
1385 1386 1.000000000000000000e+00
1385 1393 1.000000000000000000e+00
1385 1449 1.000000000000000000e+00
1385 1641 1.000000000000000000e+00
1385 2409 1.000000000000000000e+00
1385 3432 1.000000000000000000e+00
1386 874 1.000000000000000000e+00
1386 1258 1.000000000000000000e+00
1386 1370 1.000000000000000000e+00
1386 1382 1.000000000000000000e+00
1386 1385 1.000000000000000000e+00
1386 1386 -2.000000000000000000e+00
1386 1388 1.000000000000000000e+00
1386 1394 1.000000000000000000e+00
1386 1450 1.000000000000000000e+00
1386 1642 1.000000000000000000e+00
1386 2410 1.000000000000000000e+00
1387 875 1.000000000000000000e+00
1387 1259 1.000000000000000000e+00
1387 1371 1.000000000000000000e+00
1387 1383 1.000000000000000000e+00
1387 1387 -2.000000000000000000e+00
1387 1389 1.000000000000000000e+00
1387 1395 1.000000000000000000e+00
1387 1451 1.000000000000000000e+00
1387 1643 1.000000000000000000e+00
1387 2411 1.000000000000000000e+00
1387 3434 1.000000000000000000e+00
1388 876 1.000000000000000000e+00
1388 1260 1.000000000000000000e+00
1388 1372 1.000000000000000000e+00
1388 1386 1.000000000000000000e+00
1388 1388 -1.000000000000000000e+00
1388 1396 1.000000000000000000e+00
1388 1452 1.000000000000000000e+00
1388 1644 1.000000000000000000e+00
1388 2412 1.000000000000000000e+00
1389 877 1.000000000000000000e+00
1389 1261 1.000000000000000000e+00
1389 1373 1.000000000000000000e+00
1389 1387 1.000000000000000000e+00
1389 1389 -2.000000000000000000e+00
1389 1390 1.000000000000000000e+00
1389 1397 1.000000000000000000e+00
1389 1453 1.000000000000000000e+00
1389 1645 1.000000000000000000e+00
1389 2413 1.000000000000000000e+00
1389 3436 1.000000000000000000e+00
1390 878 1.000000000000000000e+00
1390 1262 1.000000000000000000e+00
1390 1374 1.000000000000000000e+00
1390 1389 1.000000000000000000e+00
1390 1390 -1.000000000000000000e+00
1390 1398 1.000000000000000000e+00
1390 1454 1.000000000000000000e+00
1390 1646 1.000000000000000000e+00
1390 2414 1.000000000000000000e+00
1391 879 1.000000000000000000e+00
1391 1263 1.000000000000000000e+00
1391 1375 1.000000000000000000e+00
1391 1391 -1.000000000000000000e+00
1391 1399 1.000000000000000000e+00
1391 1455 1.000000000000000000e+00
1391 1647 1.000000000000000000e+00
1391 2415 1.000000000000000000e+00
1391 3438 1.000000000000000000e+00
1392 880 1.000000000000000000e+00
1392 1264 1.000000000000000000e+00
1392 1384 1.000000000000000000e+00
1392 1456 1.000000000000000000e+00
1392 1648 1.000000000000000000e+00
1392 2416 1.000000000000000000e+00
1393 881 1.000000000000000000e+00
1393 1265 1.000000000000000000e+00
1393 1385 1.000000000000000000e+00
1393 1393 -1.000000000000000000e+00
1393 1394 1.000000000000000000e+00
1393 1457 1.000000000000000000e+00
1393 1649 1.000000000000000000e+00
1393 2417 1.000000000000000000e+00
1393 3440 1.000000000000000000e+00
1394 882 1.000000000000000000e+00
1394 1266 1.000000000000000000e+00
1394 1386 1.000000000000000000e+00
1394 1393 1.000000000000000000e+00
1394 1394 -1.000000000000000000e+00
1394 1396 1.000000000000000000e+00
1394 1458 1.000000000000000000e+00
1394 1650 1.000000000000000000e+00
1394 2418 1.000000000000000000e+00
1395 883 1.000000000000000000e+00
1395 1267 1.000000000000000000e+00
1395 1387 1.000000000000000000e+00
1395 1395 -1.000000000000000000e+00
1395 1397 1.000000000000000000e+00
1395 1459 1.000000000000000000e+00
1395 1651 1.000000000000000000e+00
1395 2419 1.000000000000000000e+00
1395 3442 1.000000000000000000e+00
1396 884 1.000000000000000000e+00
1396 1268 1.000000000000000000e+00
1396 1388 1.000000000000000000e+00
1396 1394 1.000000000000000000e+00
1396 1396 -1.000000000000000000e+00
1396 1400 1.000000000000000000e+00
1396 1460 1.000000000000000000e+00
1396 1652 1.000000000000000000e+00
1396 2420 1.000000000000000000e+00
1397 885 1.000000000000000000e+00
1397 1269 1.000000000000000000e+00
1397 1389 1.000000000000000000e+00
1397 1395 1.000000000000000000e+00
1397 1397 -2.000000000000000000e+00
1397 1398 1.000000000000000000e+00
1397 1401 1.000000000000000000e+00
1397 1461 1.000000000000000000e+00
1397 1653 1.000000000000000000e+00
1397 2421 1.000000000000000000e+00
1397 3444 1.000000000000000000e+00
1398 886 1.000000000000000000e+00
1398 1270 1.000000000000000000e+00
1398 1390 1.000000000000000000e+00
1398 1397 1.000000000000000000e+00
1398 1398 -1.000000000000000000e+00
1398 1402 1.000000000000000000e+00
1398 1462 1.000000000000000000e+00
1398 1654 1.000000000000000000e+00
1398 2422 1.000000000000000000e+00
1399 887 1.000000000000000000e+00
1399 1271 1.000000000000000000e+00
1399 1391 1.000000000000000000e+00
1399 1399 -1.000000000000000000e+00
1399 1403 1.000000000000000000e+00
1399 1463 1.000000000000000000e+00
1399 1655 1.000000000000000000e+00
1399 2423 1.000000000000000000e+00
1399 3446 1.000000000000000000e+00
1400 888 1.000000000000000000e+00
1400 1272 1.000000000000000000e+00
1400 1396 1.000000000000000000e+00
1400 1464 1.000000000000000000e+00
1400 1656 1.000000000000000000e+00
1400 2424 1.000000000000000000e+00
1401 889 1.000000000000000000e+00
1401 1273 1.000000000000000000e+00
1401 1397 1.000000000000000000e+00
1401 1401 -1.000000000000000000e+00
1401 1402 1.000000000000000000e+00
1401 1465 1.000000000000000000e+00
1401 1657 1.000000000000000000e+00
1401 2425 1.000000000000000000e+00
1401 3448 1.000000000000000000e+00
1402 890 1.000000000000000000e+00
1402 1274 1.000000000000000000e+00
1402 1398 1.000000000000000000e+00
1402 1401 1.000000000000000000e+00
1402 1402 -1.000000000000000000e+00
1402 1404 1.000000000000000000e+00
1402 1466 1.000000000000000000e+00
1402 1658 1.000000000000000000e+00
1402 2426 1.000000000000000000e+00
1403 891 1.000000000000000000e+00
1403 1275 1.000000000000000000e+00
1403 1399 1.000000000000000000e+00
1403 1403 -1.000000000000000000e+00
1403 1405 1.000000000000000000e+00
1403 1467 1.000000000000000000e+00
1403 1659 1.000000000000000000e+00
1403 2427 1.000000000000000000e+00
1403 3450 1.000000000000000000e+00
1404 892 1.000000000000000000e+00
1404 1276 1.000000000000000000e+00
1404 1402 1.000000000000000000e+00
1404 1468 1.000000000000000000e+00
1404 1660 1.000000000000000000e+00
1404 2428 1.000000000000000000e+00
1405 893 1.000000000000000000e+00
1405 1277 1.000000000000000000e+00
1405 1403 1.000000000000000000e+00
1405 1405 -1.000000000000000000e+00
1405 1406 1.000000000000000000e+00
1405 1469 1.000000000000000000e+00
1405 1661 1.000000000000000000e+00
1405 2429 1.000000000000000000e+00
1405 3452 1.000000000000000000e+00
1406 894 1.000000000000000000e+00
1406 1278 1.000000000000000000e+00
1406 1405 1.000000000000000000e+00
1406 1470 1.000000000000000000e+00
1406 1662 1.000000000000000000e+00
1406 2430 1.000000000000000000e+00
1407 895 1.000000000000000000e+00
1407 1279 1.000000000000000000e+00
1407 1471 1.000000000000000000e+00
1407 1663 1.000000000000000000e+00
1407 2431 1.000000000000000000e+00
1407 3454 1.000000000000000000e+00
1408 896 1.000000000000000000e+00
1408 1344 1.000000000000000000e+00
1408 1408 1.000000000000000000e+00
1408 1664 1.000000000000000000e+00
1408 2432 1.000000000000000000e+00
1409 897 1.000000000000000000e+00
1409 1345 1.000000000000000000e+00
1409 1410 1.000000000000000000e+00
1409 1665 1.000000000000000000e+00
1409 2433 1.000000000000000000e+00
1409 3456 1.000000000000000000e+00
1410 898 1.000000000000000000e+00
1410 1346 1.000000000000000000e+00
1410 1409 1.000000000000000000e+00
1410 1412 1.000000000000000000e+00
1410 1666 1.000000000000000000e+00
1410 2434 1.000000000000000000e+00
1411 899 1.000000000000000000e+00
1411 1347 1.000000000000000000e+00
1411 1413 1.000000000000000000e+00
1411 1667 1.000000000000000000e+00
1411 2435 1.000000000000000000e+00
1411 3458 1.000000000000000000e+00
1412 900 1.000000000000000000e+00
1412 1348 1.000000000000000000e+00
1412 1410 1.000000000000000000e+00
1412 1416 1.000000000000000000e+00
1412 1668 1.000000000000000000e+00
1412 2436 1.000000000000000000e+00
1413 901 1.000000000000000000e+00
1413 1349 1.000000000000000000e+00
1413 1411 1.000000000000000000e+00
1413 1413 -1.000000000000000000e+00
1413 1414 1.000000000000000000e+00
1413 1417 1.000000000000000000e+00
1413 1669 1.000000000000000000e+00
1413 2437 1.000000000000000000e+00
1413 3460 1.000000000000000000e+00
1414 902 1.000000000000000000e+00
1414 1350 1.000000000000000000e+00
1414 1413 1.000000000000000000e+00
1414 1418 1.000000000000000000e+00
1414 1670 1.000000000000000000e+00
1414 2438 1.000000000000000000e+00
1415 903 1.000000000000000000e+00
1415 1351 1.000000000000000000e+00
1415 1419 1.000000000000000000e+00
1415 1671 1.000000000000000000e+00
1415 2439 1.000000000000000000e+00
1415 3462 1.000000000000000000e+00
1416 904 1.000000000000000000e+00
1416 1352 1.000000000000000000e+00
1416 1412 1.000000000000000000e+00
1416 1424 1.000000000000000000e+00
1416 1672 1.000000000000000000e+00
1416 2440 1.000000000000000000e+00
1417 905 1.000000000000000000e+00
1417 1353 1.000000000000000000e+00
1417 1413 1.000000000000000000e+00
1417 1417 -1.000000000000000000e+00
1417 1418 1.000000000000000000e+00
1417 1425 1.000000000000000000e+00
1417 1673 1.000000000000000000e+00
1417 2441 1.000000000000000000e+00
1417 3464 1.000000000000000000e+00
1418 906 1.000000000000000000e+00
1418 1354 1.000000000000000000e+00
1418 1414 1.000000000000000000e+00
1418 1417 1.000000000000000000e+00
1418 1418 -1.000000000000000000e+00
1418 1420 1.000000000000000000e+00
1418 1426 1.000000000000000000e+00
1418 1674 1.000000000000000000e+00
1418 2442 1.000000000000000000e+00
1419 907 1.000000000000000000e+00
1419 1355 1.000000000000000000e+00
1419 1415 1.000000000000000000e+00
1419 1419 -1.000000000000000000e+00
1419 1421 1.000000000000000000e+00
1419 1427 1.000000000000000000e+00
1419 1675 1.000000000000000000e+00
1419 2443 1.000000000000000000e+00
1419 3466 1.000000000000000000e+00
1420 908 1.000000000000000000e+00
1420 1356 1.000000000000000000e+00
1420 1418 1.000000000000000000e+00
1420 1428 1.000000000000000000e+00
1420 1676 1.000000000000000000e+00
1420 2444 1.000000000000000000e+00
1421 909 1.000000000000000000e+00
1421 1357 1.000000000000000000e+00
1421 1419 1.000000000000000000e+00
1421 1421 -1.000000000000000000e+00
1421 1422 1.000000000000000000e+00
1421 1429 1.000000000000000000e+00
1421 1677 1.000000000000000000e+00
1421 2445 1.000000000000000000e+00
1421 3468 1.000000000000000000e+00
1422 910 1.000000000000000000e+00
1422 1358 1.000000000000000000e+00
1422 1421 1.000000000000000000e+00
1422 1430 1.000000000000000000e+00
1422 1678 1.000000000000000000e+00
1422 2446 1.000000000000000000e+00
1423 911 1.000000000000000000e+00
1423 1359 1.000000000000000000e+00
1423 1431 1.000000000000000000e+00
1423 1679 1.000000000000000000e+00
1423 2447 1.000000000000000000e+00
1423 3470 1.000000000000000000e+00
1424 912 1.000000000000000000e+00
1424 1360 1.000000000000000000e+00
1424 1416 1.000000000000000000e+00
1424 1440 1.000000000000000000e+00
1424 1680 1.000000000000000000e+00
1424 2448 1.000000000000000000e+00
1425 913 1.000000000000000000e+00
1425 1361 1.000000000000000000e+00
1425 1417 1.000000000000000000e+00
1425 1425 -1.000000000000000000e+00
1425 1426 1.000000000000000000e+00
1425 1441 1.000000000000000000e+00
1425 1681 1.000000000000000000e+00
1425 2449 1.000000000000000000e+00
1425 3472 1.000000000000000000e+00
1426 914 1.000000000000000000e+00
1426 1362 1.000000000000000000e+00
1426 1418 1.000000000000000000e+00
1426 1425 1.000000000000000000e+00
1426 1426 -1.000000000000000000e+00
1426 1428 1.000000000000000000e+00
1426 1442 1.000000000000000000e+00
1426 1682 1.000000000000000000e+00
1426 2450 1.000000000000000000e+00
1427 915 1.000000000000000000e+00
1427 1363 1.000000000000000000e+00
1427 1419 1.000000000000000000e+00
1427 1427 -1.000000000000000000e+00
1427 1429 1.000000000000000000e+00
1427 1443 1.000000000000000000e+00
1427 1683 1.000000000000000000e+00
1427 2451 1.000000000000000000e+00
1427 3474 1.000000000000000000e+00
1428 916 1.000000000000000000e+00
1428 1364 1.000000000000000000e+00
1428 1420 1.000000000000000000e+00
1428 1426 1.000000000000000000e+00
1428 1428 -1.000000000000000000e+00
1428 1432 1.000000000000000000e+00
1428 1444 1.000000000000000000e+00
1428 1684 1.000000000000000000e+00
1428 2452 1.000000000000000000e+00
1429 917 1.000000000000000000e+00
1429 1365 1.000000000000000000e+00
1429 1421 1.000000000000000000e+00
1429 1427 1.000000000000000000e+00
1429 1429 -2.000000000000000000e+00
1429 1430 1.000000000000000000e+00
1429 1433 1.000000000000000000e+00
1429 1445 1.000000000000000000e+00
1429 1685 1.000000000000000000e+00
1429 2453 1.000000000000000000e+00
1429 3476 1.000000000000000000e+00
1430 918 1.000000000000000000e+00
1430 1366 1.000000000000000000e+00
1430 1422 1.000000000000000000e+00
1430 1429 1.000000000000000000e+00
1430 1430 -1.000000000000000000e+00
1430 1434 1.000000000000000000e+00
1430 1446 1.000000000000000000e+00
1430 1686 1.000000000000000000e+00
1430 2454 1.000000000000000000e+00
1431 919 1.000000000000000000e+00
1431 1367 1.000000000000000000e+00
1431 1423 1.000000000000000000e+00
1431 1431 -1.000000000000000000e+00
1431 1435 1.000000000000000000e+00
1431 1447 1.000000000000000000e+00
1431 1687 1.000000000000000000e+00
1431 2455 1.000000000000000000e+00
1431 3478 1.000000000000000000e+00
1432 920 1.000000000000000000e+00
1432 1368 1.000000000000000000e+00
1432 1428 1.000000000000000000e+00
1432 1448 1.000000000000000000e+00
1432 1688 1.000000000000000000e+00
1432 2456 1.000000000000000000e+00
1433 921 1.000000000000000000e+00
1433 1369 1.000000000000000000e+00
1433 1429 1.000000000000000000e+00
1433 1433 -1.000000000000000000e+00
1433 1434 1.000000000000000000e+00
1433 1449 1.000000000000000000e+00
1433 1689 1.000000000000000000e+00
1433 2457 1.000000000000000000e+00
1433 3480 1.000000000000000000e+00
1434 922 1.000000000000000000e+00
1434 1370 1.000000000000000000e+00
1434 1430 1.000000000000000000e+00
1434 1433 1.000000000000000000e+00
1434 1434 -1.000000000000000000e+00
1434 1436 1.000000000000000000e+00
1434 1450 1.000000000000000000e+00
1434 1690 1.000000000000000000e+00
1434 2458 1.000000000000000000e+00
1435 923 1.000000000000000000e+00
1435 1371 1.000000000000000000e+00
1435 1431 1.000000000000000000e+00
1435 1435 -1.000000000000000000e+00
1435 1437 1.000000000000000000e+00
1435 1451 1.000000000000000000e+00
1435 1691 1.000000000000000000e+00
1435 2459 1.000000000000000000e+00
1435 3482 1.000000000000000000e+00
1436 924 1.000000000000000000e+00
1436 1372 1.000000000000000000e+00
1436 1434 1.000000000000000000e+00
1436 1452 1.000000000000000000e+00
1436 1692 1.000000000000000000e+00
1436 2460 1.000000000000000000e+00
1437 925 1.000000000000000000e+00
1437 1373 1.000000000000000000e+00
1437 1435 1.000000000000000000e+00
1437 1437 -1.000000000000000000e+00
1437 1438 1.000000000000000000e+00
1437 1453 1.000000000000000000e+00
1437 1693 1.000000000000000000e+00
1437 2461 1.000000000000000000e+00
1437 3484 1.000000000000000000e+00
1438 926 1.000000000000000000e+00
1438 1374 1.000000000000000000e+00
1438 1437 1.000000000000000000e+00
1438 1454 1.000000000000000000e+00
1438 1694 1.000000000000000000e+00
1438 2462 1.000000000000000000e+00
1439 927 1.000000000000000000e+00
1439 1375 1.000000000000000000e+00
1439 1455 1.000000000000000000e+00
1439 1695 1.000000000000000000e+00
1439 2463 1.000000000000000000e+00
1439 3486 1.000000000000000000e+00
1440 928 1.000000000000000000e+00
1440 1376 1.000000000000000000e+00
1440 1424 1.000000000000000000e+00
1440 1472 1.000000000000000000e+00
1440 1696 1.000000000000000000e+00
1440 2464 1.000000000000000000e+00
1441 929 1.000000000000000000e+00
1441 1377 1.000000000000000000e+00
1441 1425 1.000000000000000000e+00
1441 1441 -1.000000000000000000e+00
1441 1442 1.000000000000000000e+00
1441 1473 1.000000000000000000e+00
1441 1697 1.000000000000000000e+00
1441 2465 1.000000000000000000e+00
1441 3488 1.000000000000000000e+00
1442 930 1.000000000000000000e+00
1442 1378 1.000000000000000000e+00
1442 1426 1.000000000000000000e+00
1442 1441 1.000000000000000000e+00
1442 1442 -1.000000000000000000e+00
1442 1444 1.000000000000000000e+00
1442 1474 1.000000000000000000e+00
1442 1698 1.000000000000000000e+00
1442 2466 1.000000000000000000e+00
1443 931 1.000000000000000000e+00
1443 1379 1.000000000000000000e+00
1443 1427 1.000000000000000000e+00
1443 1443 -1.000000000000000000e+00
1443 1445 1.000000000000000000e+00
1443 1475 1.000000000000000000e+00
1443 1699 1.000000000000000000e+00
1443 2467 1.000000000000000000e+00
1443 3490 1.000000000000000000e+00
1444 932 1.000000000000000000e+00
1444 1380 1.000000000000000000e+00
1444 1428 1.000000000000000000e+00
1444 1442 1.000000000000000000e+00
1444 1444 -1.000000000000000000e+00
1444 1448 1.000000000000000000e+00
1444 1476 1.000000000000000000e+00
1444 1700 1.000000000000000000e+00
1444 2468 1.000000000000000000e+00
1445 933 1.000000000000000000e+00
1445 1381 1.000000000000000000e+00
1445 1429 1.000000000000000000e+00
1445 1443 1.000000000000000000e+00
1445 1445 -2.000000000000000000e+00
1445 1446 1.000000000000000000e+00
1445 1449 1.000000000000000000e+00
1445 1477 1.000000000000000000e+00
1445 1701 1.000000000000000000e+00
1445 2469 1.000000000000000000e+00
1445 3492 1.000000000000000000e+00
1446 934 1.000000000000000000e+00
1446 1382 1.000000000000000000e+00
1446 1430 1.000000000000000000e+00
1446 1445 1.000000000000000000e+00
1446 1446 -1.000000000000000000e+00
1446 1450 1.000000000000000000e+00
1446 1478 1.000000000000000000e+00
1446 1702 1.000000000000000000e+00
1446 2470 1.000000000000000000e+00
1447 935 1.000000000000000000e+00
1447 1383 1.000000000000000000e+00
1447 1431 1.000000000000000000e+00
1447 1447 -1.000000000000000000e+00
1447 1451 1.000000000000000000e+00
1447 1479 1.000000000000000000e+00
1447 1703 1.000000000000000000e+00
1447 2471 1.000000000000000000e+00
1447 3494 1.000000000000000000e+00
1448 936 1.000000000000000000e+00
1448 1384 1.000000000000000000e+00
1448 1432 1.000000000000000000e+00
1448 1444 1.000000000000000000e+00
1448 1448 -1.000000000000000000e+00
1448 1456 1.000000000000000000e+00
1448 1480 1.000000000000000000e+00
1448 1704 1.000000000000000000e+00
1448 2472 1.000000000000000000e+00
1449 937 1.000000000000000000e+00
1449 1385 1.000000000000000000e+00
1449 1433 1.000000000000000000e+00
1449 1445 1.000000000000000000e+00
1449 1449 -2.000000000000000000e+00
1449 1450 1.000000000000000000e+00
1449 1457 1.000000000000000000e+00
1449 1481 1.000000000000000000e+00
1449 1705 1.000000000000000000e+00
1449 2473 1.000000000000000000e+00
1449 3496 1.000000000000000000e+00
1450 938 1.000000000000000000e+00
1450 1386 1.000000000000000000e+00
1450 1434 1.000000000000000000e+00
1450 1446 1.000000000000000000e+00
1450 1449 1.000000000000000000e+00
1450 1450 -2.000000000000000000e+00
1450 1452 1.000000000000000000e+00
1450 1458 1.000000000000000000e+00
1450 1482 1.000000000000000000e+00
1450 1706 1.000000000000000000e+00
1450 2474 1.000000000000000000e+00
1451 939 1.000000000000000000e+00
1451 1387 1.000000000000000000e+00
1451 1435 1.000000000000000000e+00
1451 1447 1.000000000000000000e+00
1451 1451 -2.000000000000000000e+00
1451 1453 1.000000000000000000e+00
1451 1459 1.000000000000000000e+00
1451 1483 1.000000000000000000e+00
1451 1707 1.000000000000000000e+00
1451 2475 1.000000000000000000e+00
1451 3498 1.000000000000000000e+00
1452 940 1.000000000000000000e+00
1452 1388 1.000000000000000000e+00
1452 1436 1.000000000000000000e+00
1452 1450 1.000000000000000000e+00
1452 1452 -1.000000000000000000e+00
1452 1460 1.000000000000000000e+00
1452 1484 1.000000000000000000e+00
1452 1708 1.000000000000000000e+00
1452 2476 1.000000000000000000e+00
1453 941 1.000000000000000000e+00
1453 1389 1.000000000000000000e+00
1453 1437 1.000000000000000000e+00
1453 1451 1.000000000000000000e+00
1453 1453 -2.000000000000000000e+00
1453 1454 1.000000000000000000e+00
1453 1461 1.000000000000000000e+00
1453 1485 1.000000000000000000e+00
1453 1709 1.000000000000000000e+00
1453 2477 1.000000000000000000e+00
1453 3500 1.000000000000000000e+00
1454 942 1.000000000000000000e+00
1454 1390 1.000000000000000000e+00
1454 1438 1.000000000000000000e+00
1454 1453 1.000000000000000000e+00
1454 1454 -1.000000000000000000e+00
1454 1462 1.000000000000000000e+00
1454 1486 1.000000000000000000e+00
1454 1710 1.000000000000000000e+00
1454 2478 1.000000000000000000e+00
1455 943 1.000000000000000000e+00
1455 1391 1.000000000000000000e+00
1455 1439 1.000000000000000000e+00
1455 1455 -1.000000000000000000e+00
1455 1463 1.000000000000000000e+00
1455 1487 1.000000000000000000e+00
1455 1711 1.000000000000000000e+00
1455 2479 1.000000000000000000e+00
1455 3502 1.000000000000000000e+00
1456 944 1.000000000000000000e+00
1456 1392 1.000000000000000000e+00
1456 1448 1.000000000000000000e+00
1456 1488 1.000000000000000000e+00
1456 1712 1.000000000000000000e+00
1456 2480 1.000000000000000000e+00
1457 945 1.000000000000000000e+00
1457 1393 1.000000000000000000e+00
1457 1449 1.000000000000000000e+00
1457 1457 -1.000000000000000000e+00
1457 1458 1.000000000000000000e+00
1457 1489 1.000000000000000000e+00
1457 1713 1.000000000000000000e+00
1457 2481 1.000000000000000000e+00
1457 3504 1.000000000000000000e+00
1458 946 1.000000000000000000e+00
1458 1394 1.000000000000000000e+00
1458 1450 1.000000000000000000e+00
1458 1457 1.000000000000000000e+00
1458 1458 -1.000000000000000000e+00
1458 1460 1.000000000000000000e+00
1458 1490 1.000000000000000000e+00
1458 1714 1.000000000000000000e+00
1458 2482 1.000000000000000000e+00
1459 947 1.000000000000000000e+00
1459 1395 1.000000000000000000e+00
1459 1451 1.000000000000000000e+00
1459 1459 -1.000000000000000000e+00
1459 1461 1.000000000000000000e+00
1459 1491 1.000000000000000000e+00
1459 1715 1.000000000000000000e+00
1459 2483 1.000000000000000000e+00
1459 3506 1.000000000000000000e+00
1460 948 1.000000000000000000e+00
1460 1396 1.000000000000000000e+00
1460 1452 1.000000000000000000e+00
1460 1458 1.000000000000000000e+00
1460 1460 -1.000000000000000000e+00
1460 1464 1.000000000000000000e+00
1460 1492 1.000000000000000000e+00
1460 1716 1.000000000000000000e+00
1460 2484 1.000000000000000000e+00
1461 949 1.000000000000000000e+00
1461 1397 1.000000000000000000e+00
1461 1453 1.000000000000000000e+00
1461 1459 1.000000000000000000e+00
1461 1461 -2.000000000000000000e+00
1461 1462 1.000000000000000000e+00
1461 1465 1.000000000000000000e+00
1461 1493 1.000000000000000000e+00
1461 1717 1.000000000000000000e+00
1461 2485 1.000000000000000000e+00
1461 3508 1.000000000000000000e+00
1462 950 1.000000000000000000e+00
1462 1398 1.000000000000000000e+00
1462 1454 1.000000000000000000e+00
1462 1461 1.000000000000000000e+00
1462 1462 -1.000000000000000000e+00
1462 1466 1.000000000000000000e+00
1462 1494 1.000000000000000000e+00
1462 1718 1.000000000000000000e+00
1462 2486 1.000000000000000000e+00
1463 951 1.000000000000000000e+00
1463 1399 1.000000000000000000e+00
1463 1455 1.000000000000000000e+00
1463 1463 -1.000000000000000000e+00
1463 1467 1.000000000000000000e+00
1463 1495 1.000000000000000000e+00
1463 1719 1.000000000000000000e+00
1463 2487 1.000000000000000000e+00
1463 3510 1.000000000000000000e+00
1464 952 1.000000000000000000e+00
1464 1400 1.000000000000000000e+00
1464 1460 1.000000000000000000e+00
1464 1496 1.000000000000000000e+00
1464 1720 1.000000000000000000e+00
1464 2488 1.000000000000000000e+00
1465 953 1.000000000000000000e+00
1465 1401 1.000000000000000000e+00
1465 1461 1.000000000000000000e+00
1465 1465 -1.000000000000000000e+00
1465 1466 1.000000000000000000e+00
1465 1497 1.000000000000000000e+00
1465 1721 1.000000000000000000e+00
1465 2489 1.000000000000000000e+00
1465 3512 1.000000000000000000e+00
1466 954 1.000000000000000000e+00
1466 1402 1.000000000000000000e+00
1466 1462 1.000000000000000000e+00
1466 1465 1.000000000000000000e+00
1466 1466 -1.000000000000000000e+00
1466 1468 1.000000000000000000e+00
1466 1498 1.000000000000000000e+00
1466 1722 1.000000000000000000e+00
1466 2490 1.000000000000000000e+00
1467 955 1.000000000000000000e+00
1467 1403 1.000000000000000000e+00
1467 1463 1.000000000000000000e+00
1467 1467 -1.000000000000000000e+00
1467 1469 1.000000000000000000e+00
1467 1499 1.000000000000000000e+00
1467 1723 1.000000000000000000e+00
1467 2491 1.000000000000000000e+00
1467 3514 1.000000000000000000e+00
1468 956 1.000000000000000000e+00
1468 1404 1.000000000000000000e+00
1468 1466 1.000000000000000000e+00
1468 1500 1.000000000000000000e+00
1468 1724 1.000000000000000000e+00
1468 2492 1.000000000000000000e+00
1469 957 1.000000000000000000e+00
1469 1405 1.000000000000000000e+00
1469 1467 1.000000000000000000e+00
1469 1469 -1.000000000000000000e+00
1469 1470 1.000000000000000000e+00
1469 1501 1.000000000000000000e+00
1469 1725 1.000000000000000000e+00
1469 2493 1.000000000000000000e+00
1469 3516 1.000000000000000000e+00
1470 958 1.000000000000000000e+00
1470 1406 1.000000000000000000e+00
1470 1469 1.000000000000000000e+00
1470 1502 1.000000000000000000e+00
1470 1726 1.000000000000000000e+00
1470 2494 1.000000000000000000e+00
1471 959 1.000000000000000000e+00
1471 1407 1.000000000000000000e+00
1471 1503 1.000000000000000000e+00
1471 1727 1.000000000000000000e+00
1471 2495 1.000000000000000000e+00
1471 3518 1.000000000000000000e+00
1472 960 1.000000000000000000e+00
1472 1440 1.000000000000000000e+00
1472 1472 1.000000000000000000e+00
1472 1728 1.000000000000000000e+00
1472 2496 1.000000000000000000e+00
1473 961 1.000000000000000000e+00
1473 1441 1.000000000000000000e+00
1473 1474 1.000000000000000000e+00
1473 1729 1.000000000000000000e+00
1473 2497 1.000000000000000000e+00
1473 3520 1.000000000000000000e+00
1474 962 1.000000000000000000e+00
1474 1442 1.000000000000000000e+00
1474 1473 1.000000000000000000e+00
1474 1476 1.000000000000000000e+00
1474 1730 1.000000000000000000e+00
1474 2498 1.000000000000000000e+00
1475 963 1.000000000000000000e+00
1475 1443 1.000000000000000000e+00
1475 1477 1.000000000000000000e+00
1475 1731 1.000000000000000000e+00
1475 2499 1.000000000000000000e+00
1475 3522 1.000000000000000000e+00
1476 964 1.000000000000000000e+00
1476 1444 1.000000000000000000e+00
1476 1474 1.000000000000000000e+00
1476 1480 1.000000000000000000e+00
1476 1732 1.000000000000000000e+00
1476 2500 1.000000000000000000e+00
1477 965 1.000000000000000000e+00
1477 1445 1.000000000000000000e+00
1477 1475 1.000000000000000000e+00
1477 1477 -1.000000000000000000e+00
1477 1478 1.000000000000000000e+00
1477 1481 1.000000000000000000e+00
1477 1733 1.000000000000000000e+00
1477 2501 1.000000000000000000e+00
1477 3524 1.000000000000000000e+00
1478 966 1.000000000000000000e+00
1478 1446 1.000000000000000000e+00
1478 1477 1.000000000000000000e+00
1478 1482 1.000000000000000000e+00
1478 1734 1.000000000000000000e+00
1478 2502 1.000000000000000000e+00
1479 967 1.000000000000000000e+00
1479 1447 1.000000000000000000e+00
1479 1483 1.000000000000000000e+00
1479 1735 1.000000000000000000e+00
1479 2503 1.000000000000000000e+00
1479 3526 1.000000000000000000e+00
1480 968 1.000000000000000000e+00
1480 1448 1.000000000000000000e+00
1480 1476 1.000000000000000000e+00
1480 1488 1.000000000000000000e+00
1480 1736 1.000000000000000000e+00
1480 2504 1.000000000000000000e+00
1481 969 1.000000000000000000e+00
1481 1449 1.000000000000000000e+00
1481 1477 1.000000000000000000e+00
1481 1481 -1.000000000000000000e+00
1481 1482 1.000000000000000000e+00
1481 1489 1.000000000000000000e+00
1481 1737 1.000000000000000000e+00
1481 2505 1.000000000000000000e+00
1481 3528 1.000000000000000000e+00
1482 970 1.000000000000000000e+00
1482 1450 1.000000000000000000e+00
1482 1478 1.000000000000000000e+00
1482 1481 1.000000000000000000e+00
1482 1482 -1.000000000000000000e+00
1482 1484 1.000000000000000000e+00
1482 1490 1.000000000000000000e+00
1482 1738 1.000000000000000000e+00
1482 2506 1.000000000000000000e+00
1483 971 1.000000000000000000e+00
1483 1451 1.000000000000000000e+00
1483 1479 1.000000000000000000e+00
1483 1483 -1.000000000000000000e+00
1483 1485 1.000000000000000000e+00
1483 1491 1.000000000000000000e+00
1483 1739 1.000000000000000000e+00
1483 2507 1.000000000000000000e+00
1483 3530 1.000000000000000000e+00
1484 972 1.000000000000000000e+00
1484 1452 1.000000000000000000e+00
1484 1482 1.000000000000000000e+00
1484 1492 1.000000000000000000e+00
1484 1740 1.000000000000000000e+00
1484 2508 1.000000000000000000e+00
1485 973 1.000000000000000000e+00
1485 1453 1.000000000000000000e+00
1485 1483 1.000000000000000000e+00
1485 1485 -1.000000000000000000e+00
1485 1486 1.000000000000000000e+00
1485 1493 1.000000000000000000e+00
1485 1741 1.000000000000000000e+00
1485 2509 1.000000000000000000e+00
1485 3532 1.000000000000000000e+00
1486 974 1.000000000000000000e+00
1486 1454 1.000000000000000000e+00
1486 1485 1.000000000000000000e+00
1486 1494 1.000000000000000000e+00
1486 1742 1.000000000000000000e+00
1486 2510 1.000000000000000000e+00
1487 975 1.000000000000000000e+00
1487 1455 1.000000000000000000e+00
1487 1495 1.000000000000000000e+00
1487 1743 1.000000000000000000e+00
1487 2511 1.000000000000000000e+00
1487 3534 1.000000000000000000e+00
1488 976 1.000000000000000000e+00
1488 1456 1.000000000000000000e+00
1488 1480 1.000000000000000000e+00
1488 1504 1.000000000000000000e+00
1488 1744 1.000000000000000000e+00
1488 2512 1.000000000000000000e+00
1489 977 1.000000000000000000e+00
1489 1457 1.000000000000000000e+00
1489 1481 1.000000000000000000e+00
1489 1489 -1.000000000000000000e+00
1489 1490 1.000000000000000000e+00
1489 1505 1.000000000000000000e+00
1489 1745 1.000000000000000000e+00
1489 2513 1.000000000000000000e+00
1489 3536 1.000000000000000000e+00
1490 978 1.000000000000000000e+00
1490 1458 1.000000000000000000e+00
1490 1482 1.000000000000000000e+00
1490 1489 1.000000000000000000e+00
1490 1490 -1.000000000000000000e+00
1490 1492 1.000000000000000000e+00
1490 1506 1.000000000000000000e+00
1490 1746 1.000000000000000000e+00
1490 2514 1.000000000000000000e+00
1491 979 1.000000000000000000e+00
1491 1459 1.000000000000000000e+00
1491 1483 1.000000000000000000e+00
1491 1491 -1.000000000000000000e+00
1491 1493 1.000000000000000000e+00
1491 1507 1.000000000000000000e+00
1491 1747 1.000000000000000000e+00
1491 2515 1.000000000000000000e+00
1491 3538 1.000000000000000000e+00
1492 980 1.000000000000000000e+00
1492 1460 1.000000000000000000e+00
1492 1484 1.000000000000000000e+00
1492 1490 1.000000000000000000e+00
1492 1492 -1.000000000000000000e+00
1492 1496 1.000000000000000000e+00
1492 1508 1.000000000000000000e+00
1492 1748 1.000000000000000000e+00
1492 2516 1.000000000000000000e+00
1493 981 1.000000000000000000e+00
1493 1461 1.000000000000000000e+00
1493 1485 1.000000000000000000e+00
1493 1491 1.000000000000000000e+00
1493 1493 -2.000000000000000000e+00
1493 1494 1.000000000000000000e+00
1493 1497 1.000000000000000000e+00
1493 1509 1.000000000000000000e+00
1493 1749 1.000000000000000000e+00
1493 2517 1.000000000000000000e+00
1493 3540 1.000000000000000000e+00
1494 982 1.000000000000000000e+00
1494 1462 1.000000000000000000e+00
1494 1486 1.000000000000000000e+00
1494 1493 1.000000000000000000e+00
1494 1494 -1.000000000000000000e+00
1494 1498 1.000000000000000000e+00
1494 1510 1.000000000000000000e+00
1494 1750 1.000000000000000000e+00
1494 2518 1.000000000000000000e+00
1495 983 1.000000000000000000e+00
1495 1463 1.000000000000000000e+00
1495 1487 1.000000000000000000e+00
1495 1495 -1.000000000000000000e+00
1495 1499 1.000000000000000000e+00
1495 1511 1.000000000000000000e+00
1495 1751 1.000000000000000000e+00
1495 2519 1.000000000000000000e+00
1495 3542 1.000000000000000000e+00
1496 984 1.000000000000000000e+00
1496 1464 1.000000000000000000e+00
1496 1492 1.000000000000000000e+00
1496 1512 1.000000000000000000e+00
1496 1752 1.000000000000000000e+00
1496 2520 1.000000000000000000e+00
1497 985 1.000000000000000000e+00
1497 1465 1.000000000000000000e+00
1497 1493 1.000000000000000000e+00
1497 1497 -1.000000000000000000e+00
1497 1498 1.000000000000000000e+00
1497 1513 1.000000000000000000e+00
1497 1753 1.000000000000000000e+00
1497 2521 1.000000000000000000e+00
1497 3544 1.000000000000000000e+00
1498 986 1.000000000000000000e+00
1498 1466 1.000000000000000000e+00
1498 1494 1.000000000000000000e+00
1498 1497 1.000000000000000000e+00
1498 1498 -1.000000000000000000e+00
1498 1500 1.000000000000000000e+00
1498 1514 1.000000000000000000e+00
1498 1754 1.000000000000000000e+00
1498 2522 1.000000000000000000e+00
1499 987 1.000000000000000000e+00
1499 1467 1.000000000000000000e+00
1499 1495 1.000000000000000000e+00
1499 1499 -1.000000000000000000e+00
1499 1501 1.000000000000000000e+00
1499 1515 1.000000000000000000e+00
1499 1755 1.000000000000000000e+00
1499 2523 1.000000000000000000e+00
1499 3546 1.000000000000000000e+00
1500 988 1.000000000000000000e+00
1500 1468 1.000000000000000000e+00
1500 1498 1.000000000000000000e+00
1500 1516 1.000000000000000000e+00
1500 1756 1.000000000000000000e+00
1500 2524 1.000000000000000000e+00
1501 989 1.000000000000000000e+00
1501 1469 1.000000000000000000e+00
1501 1499 1.000000000000000000e+00
1501 1501 -1.000000000000000000e+00
1501 1502 1.000000000000000000e+00
1501 1517 1.000000000000000000e+00
1501 1757 1.000000000000000000e+00
1501 2525 1.000000000000000000e+00
1501 3548 1.000000000000000000e+00
1502 990 1.000000000000000000e+00
1502 1470 1.000000000000000000e+00
1502 1501 1.000000000000000000e+00
1502 1518 1.000000000000000000e+00
1502 1758 1.000000000000000000e+00
1502 2526 1.000000000000000000e+00
1503 991 1.000000000000000000e+00
1503 1471 1.000000000000000000e+00
1503 1519 1.000000000000000000e+00
1503 1759 1.000000000000000000e+00
1503 2527 1.000000000000000000e+00
1503 3550 1.000000000000000000e+00
1504 992 1.000000000000000000e+00
1504 1488 1.000000000000000000e+00
1504 1504 1.000000000000000000e+00
1504 1760 1.000000000000000000e+00
1504 2528 1.000000000000000000e+00
1505 993 1.000000000000000000e+00
1505 1489 1.000000000000000000e+00
1505 1506 1.000000000000000000e+00
1505 1761 1.000000000000000000e+00
1505 2529 1.000000000000000000e+00
1505 3552 1.000000000000000000e+00
1506 994 1.000000000000000000e+00
1506 1490 1.000000000000000000e+00
1506 1505 1.000000000000000000e+00
1506 1508 1.000000000000000000e+00
1506 1762 1.000000000000000000e+00
1506 2530 1.000000000000000000e+00
1507 995 1.000000000000000000e+00
1507 1491 1.000000000000000000e+00
1507 1509 1.000000000000000000e+00
1507 1763 1.000000000000000000e+00
1507 2531 1.000000000000000000e+00
1507 3554 1.000000000000000000e+00
1508 996 1.000000000000000000e+00
1508 1492 1.000000000000000000e+00
1508 1506 1.000000000000000000e+00
1508 1512 1.000000000000000000e+00
1508 1764 1.000000000000000000e+00
1508 2532 1.000000000000000000e+00
1509 997 1.000000000000000000e+00
1509 1493 1.000000000000000000e+00
1509 1507 1.000000000000000000e+00
1509 1509 -1.000000000000000000e+00
1509 1510 1.000000000000000000e+00
1509 1513 1.000000000000000000e+00
1509 1765 1.000000000000000000e+00
1509 2533 1.000000000000000000e+00
1509 3556 1.000000000000000000e+00
1510 998 1.000000000000000000e+00
1510 1494 1.000000000000000000e+00
1510 1509 1.000000000000000000e+00
1510 1514 1.000000000000000000e+00
1510 1766 1.000000000000000000e+00
1510 2534 1.000000000000000000e+00
1511 999 1.000000000000000000e+00
1511 1495 1.000000000000000000e+00
1511 1515 1.000000000000000000e+00
1511 1767 1.000000000000000000e+00
1511 2535 1.000000000000000000e+00
1511 3558 1.000000000000000000e+00
1512 1000 1.000000000000000000e+00
1512 1496 1.000000000000000000e+00
1512 1508 1.000000000000000000e+00
1512 1520 1.000000000000000000e+00
1512 1768 1.000000000000000000e+00
1512 2536 1.000000000000000000e+00
1513 1001 1.000000000000000000e+00
1513 1497 1.000000000000000000e+00
1513 1509 1.000000000000000000e+00
1513 1513 -1.000000000000000000e+00
1513 1514 1.000000000000000000e+00
1513 1521 1.000000000000000000e+00
1513 1769 1.000000000000000000e+00
1513 2537 1.000000000000000000e+00
1513 3560 1.000000000000000000e+00
1514 1002 1.000000000000000000e+00
1514 1498 1.000000000000000000e+00
1514 1510 1.000000000000000000e+00
1514 1513 1.000000000000000000e+00
1514 1514 -1.000000000000000000e+00
1514 1516 1.000000000000000000e+00
1514 1522 1.000000000000000000e+00
1514 1770 1.000000000000000000e+00
1514 2538 1.000000000000000000e+00
1515 1003 1.000000000000000000e+00
1515 1499 1.000000000000000000e+00
1515 1511 1.000000000000000000e+00
1515 1515 -1.000000000000000000e+00
1515 1517 1.000000000000000000e+00
1515 1523 1.000000000000000000e+00
1515 1771 1.000000000000000000e+00
1515 2539 1.000000000000000000e+00
1515 3562 1.000000000000000000e+00
1516 1004 1.000000000000000000e+00
1516 1500 1.000000000000000000e+00
1516 1514 1.000000000000000000e+00
1516 1524 1.000000000000000000e+00
1516 1772 1.000000000000000000e+00
1516 2540 1.000000000000000000e+00
1517 1005 1.000000000000000000e+00
1517 1501 1.000000000000000000e+00
1517 1515 1.000000000000000000e+00
1517 1517 -1.000000000000000000e+00
1517 1518 1.000000000000000000e+00
1517 1525 1.000000000000000000e+00
1517 1773 1.000000000000000000e+00
1517 2541 1.000000000000000000e+00
1517 3564 1.000000000000000000e+00
1518 1006 1.000000000000000000e+00
1518 1502 1.000000000000000000e+00
1518 1517 1.000000000000000000e+00
1518 1526 1.000000000000000000e+00
1518 1774 1.000000000000000000e+00
1518 2542 1.000000000000000000e+00
1519 1007 1.000000000000000000e+00
1519 1503 1.000000000000000000e+00
1519 1527 1.000000000000000000e+00
1519 1775 1.000000000000000000e+00
1519 2543 1.000000000000000000e+00
1519 3566 1.000000000000000000e+00
1520 1008 1.000000000000000000e+00
1520 1512 1.000000000000000000e+00
1520 1520 1.000000000000000000e+00
1520 1776 1.000000000000000000e+00
1520 2544 1.000000000000000000e+00
1521 1009 1.000000000000000000e+00
1521 1513 1.000000000000000000e+00
1521 1522 1.000000000000000000e+00
1521 1777 1.000000000000000000e+00
1521 2545 1.000000000000000000e+00
1521 3568 1.000000000000000000e+00
1522 1010 1.000000000000000000e+00
1522 1514 1.000000000000000000e+00
1522 1521 1.000000000000000000e+00
1522 1524 1.000000000000000000e+00
1522 1778 1.000000000000000000e+00
1522 2546 1.000000000000000000e+00
1523 1011 1.000000000000000000e+00
1523 1515 1.000000000000000000e+00
1523 1525 1.000000000000000000e+00
1523 1779 1.000000000000000000e+00
1523 2547 1.000000000000000000e+00
1523 3570 1.000000000000000000e+00
1524 1012 1.000000000000000000e+00
1524 1516 1.000000000000000000e+00
1524 1522 1.000000000000000000e+00
1524 1528 1.000000000000000000e+00
1524 1780 1.000000000000000000e+00
1524 2548 1.000000000000000000e+00
1525 1013 1.000000000000000000e+00
1525 1517 1.000000000000000000e+00
1525 1523 1.000000000000000000e+00
1525 1525 -1.000000000000000000e+00
1525 1526 1.000000000000000000e+00
1525 1529 1.000000000000000000e+00
1525 1781 1.000000000000000000e+00
1525 2549 1.000000000000000000e+00
1525 3572 1.000000000000000000e+00
1526 1014 1.000000000000000000e+00
1526 1518 1.000000000000000000e+00
1526 1525 1.000000000000000000e+00
1526 1530 1.000000000000000000e+00
1526 1782 1.000000000000000000e+00
1526 2550 1.000000000000000000e+00
1527 1015 1.000000000000000000e+00
1527 1519 1.000000000000000000e+00
1527 1531 1.000000000000000000e+00
1527 1783 1.000000000000000000e+00
1527 2551 1.000000000000000000e+00
1527 3574 1.000000000000000000e+00
1528 1016 1.000000000000000000e+00
1528 1524 1.000000000000000000e+00
1528 1528 1.000000000000000000e+00
1528 1784 1.000000000000000000e+00
1528 2552 1.000000000000000000e+00
1529 1017 1.000000000000000000e+00
1529 1525 1.000000000000000000e+00
1529 1530 1.000000000000000000e+00
1529 1785 1.000000000000000000e+00
1529 2553 1.000000000000000000e+00
1529 3576 1.000000000000000000e+00
1530 1018 1.000000000000000000e+00
1530 1526 1.000000000000000000e+00
1530 1529 1.000000000000000000e+00
1530 1532 1.000000000000000000e+00
1530 1786 1.000000000000000000e+00
1530 2554 1.000000000000000000e+00
1531 1019 1.000000000000000000e+00
1531 1527 1.000000000000000000e+00
1531 1533 1.000000000000000000e+00
1531 1787 1.000000000000000000e+00
1531 2555 1.000000000000000000e+00
1531 3578 1.000000000000000000e+00
1532 1020 1.000000000000000000e+00
1532 1530 1.000000000000000000e+00
1532 1532 1.000000000000000000e+00
1532 1788 1.000000000000000000e+00
1532 2556 1.000000000000000000e+00
1533 1021 1.000000000000000000e+00
1533 1531 1.000000000000000000e+00
1533 1534 1.000000000000000000e+00
1533 1789 1.000000000000000000e+00
1533 2557 1.000000000000000000e+00
1533 3580 1.000000000000000000e+00
1534 1022 1.000000000000000000e+00
1534 1533 1.000000000000000000e+00
1534 1534 1.000000000000000000e+00
1534 1790 1.000000000000000000e+00
1534 2558 1.000000000000000000e+00
1535 1023 1.000000000000000000e+00
1535 1535 1.000000000000000000e+00
1535 1791 1.000000000000000000e+00
1535 2559 1.000000000000000000e+00
1535 3582 1.000000000000000000e+00
1536 1280 1.000000000000000000e+00
1536 1536 2.000000000000000000e+00
1536 2560 1.000000000000000000e+00
1537 1281 1.000000000000000000e+00
1537 1537 1.000000000000000000e+00
1537 1538 1.000000000000000000e+00
1537 2561 1.000000000000000000e+00
1537 3584 1.000000000000000000e+00
1538 1282 1.000000000000000000e+00
1538 1537 1.000000000000000000e+00
1538 1538 1.000000000000000000e+00
1538 1540 1.000000000000000000e+00
1538 2562 1.000000000000000000e+00
1539 1283 1.000000000000000000e+00
1539 1539 1.000000000000000000e+00
1539 1541 1.000000000000000000e+00
1539 2563 1.000000000000000000e+00
1539 3586 1.000000000000000000e+00
1540 1284 1.000000000000000000e+00
1540 1538 1.000000000000000000e+00
1540 1540 1.000000000000000000e+00
1540 1544 1.000000000000000000e+00
1540 2564 1.000000000000000000e+00
1541 1285 1.000000000000000000e+00
1541 1539 1.000000000000000000e+00
1541 1542 1.000000000000000000e+00
1541 1545 1.000000000000000000e+00
1541 2565 1.000000000000000000e+00
1541 3588 1.000000000000000000e+00
1542 1286 1.000000000000000000e+00
1542 1541 1.000000000000000000e+00
1542 1542 1.000000000000000000e+00
1542 1546 1.000000000000000000e+00
1542 2566 1.000000000000000000e+00
1543 1287 1.000000000000000000e+00
1543 1543 1.000000000000000000e+00
1543 1547 1.000000000000000000e+00
1543 2567 1.000000000000000000e+00
1543 3590 1.000000000000000000e+00
1544 1288 1.000000000000000000e+00
1544 1540 1.000000000000000000e+00
1544 1544 1.000000000000000000e+00
1544 1552 1.000000000000000000e+00
1544 2568 1.000000000000000000e+00
1545 1289 1.000000000000000000e+00
1545 1541 1.000000000000000000e+00
1545 1546 1.000000000000000000e+00
1545 1553 1.000000000000000000e+00
1545 2569 1.000000000000000000e+00
1545 3592 1.000000000000000000e+00
1546 1290 1.000000000000000000e+00
1546 1542 1.000000000000000000e+00
1546 1545 1.000000000000000000e+00
1546 1548 1.000000000000000000e+00
1546 1554 1.000000000000000000e+00
1546 2570 1.000000000000000000e+00
1547 1291 1.000000000000000000e+00
1547 1543 1.000000000000000000e+00
1547 1549 1.000000000000000000e+00
1547 1555 1.000000000000000000e+00
1547 2571 1.000000000000000000e+00
1547 3594 1.000000000000000000e+00
1548 1292 1.000000000000000000e+00
1548 1546 1.000000000000000000e+00
1548 1548 1.000000000000000000e+00
1548 1556 1.000000000000000000e+00
1548 2572 1.000000000000000000e+00
1549 1293 1.000000000000000000e+00
1549 1547 1.000000000000000000e+00
1549 1550 1.000000000000000000e+00
1549 1557 1.000000000000000000e+00
1549 2573 1.000000000000000000e+00
1549 3596 1.000000000000000000e+00
1550 1294 1.000000000000000000e+00
1550 1549 1.000000000000000000e+00
1550 1550 1.000000000000000000e+00
1550 1558 1.000000000000000000e+00
1550 2574 1.000000000000000000e+00
1551 1295 1.000000000000000000e+00
1551 1551 1.000000000000000000e+00
1551 1559 1.000000000000000000e+00
1551 2575 1.000000000000000000e+00
1551 3598 1.000000000000000000e+00
1552 1296 1.000000000000000000e+00
1552 1544 1.000000000000000000e+00
1552 1552 1.000000000000000000e+00
1552 1568 1.000000000000000000e+00
1552 2576 1.000000000000000000e+00
1553 1297 1.000000000000000000e+00
1553 1545 1.000000000000000000e+00
1553 1554 1.000000000000000000e+00
1553 1569 1.000000000000000000e+00
1553 2577 1.000000000000000000e+00
1553 3600 1.000000000000000000e+00
1554 1298 1.000000000000000000e+00
1554 1546 1.000000000000000000e+00
1554 1553 1.000000000000000000e+00
1554 1556 1.000000000000000000e+00
1554 1570 1.000000000000000000e+00
1554 2578 1.000000000000000000e+00
1555 1299 1.000000000000000000e+00
1555 1547 1.000000000000000000e+00
1555 1557 1.000000000000000000e+00
1555 1571 1.000000000000000000e+00
1555 2579 1.000000000000000000e+00
1555 3602 1.000000000000000000e+00
1556 1300 1.000000000000000000e+00
1556 1548 1.000000000000000000e+00
1556 1554 1.000000000000000000e+00
1556 1560 1.000000000000000000e+00
1556 1572 1.000000000000000000e+00
1556 2580 1.000000000000000000e+00
1557 1301 1.000000000000000000e+00
1557 1549 1.000000000000000000e+00
1557 1555 1.000000000000000000e+00
1557 1557 -1.000000000000000000e+00
1557 1558 1.000000000000000000e+00
1557 1561 1.000000000000000000e+00
1557 1573 1.000000000000000000e+00
1557 2581 1.000000000000000000e+00
1557 3604 1.000000000000000000e+00
1558 1302 1.000000000000000000e+00
1558 1550 1.000000000000000000e+00
1558 1557 1.000000000000000000e+00
1558 1562 1.000000000000000000e+00
1558 1574 1.000000000000000000e+00
1558 2582 1.000000000000000000e+00
1559 1303 1.000000000000000000e+00
1559 1551 1.000000000000000000e+00
1559 1563 1.000000000000000000e+00
1559 1575 1.000000000000000000e+00
1559 2583 1.000000000000000000e+00
1559 3606 1.000000000000000000e+00
1560 1304 1.000000000000000000e+00
1560 1556 1.000000000000000000e+00
1560 1560 1.000000000000000000e+00
1560 1576 1.000000000000000000e+00
1560 2584 1.000000000000000000e+00
1561 1305 1.000000000000000000e+00
1561 1557 1.000000000000000000e+00
1561 1562 1.000000000000000000e+00
1561 1577 1.000000000000000000e+00
1561 2585 1.000000000000000000e+00
1561 3608 1.000000000000000000e+00
1562 1306 1.000000000000000000e+00
1562 1558 1.000000000000000000e+00
1562 1561 1.000000000000000000e+00
1562 1564 1.000000000000000000e+00
1562 1578 1.000000000000000000e+00
1562 2586 1.000000000000000000e+00
1563 1307 1.000000000000000000e+00
1563 1559 1.000000000000000000e+00
1563 1565 1.000000000000000000e+00
1563 1579 1.000000000000000000e+00
1563 2587 1.000000000000000000e+00
1563 3610 1.000000000000000000e+00
1564 1308 1.000000000000000000e+00
1564 1562 1.000000000000000000e+00
1564 1564 1.000000000000000000e+00
1564 1580 1.000000000000000000e+00
1564 2588 1.000000000000000000e+00
1565 1309 1.000000000000000000e+00
1565 1563 1.000000000000000000e+00
1565 1566 1.000000000000000000e+00
1565 1581 1.000000000000000000e+00
1565 2589 1.000000000000000000e+00
1565 3612 1.000000000000000000e+00
1566 1310 1.000000000000000000e+00
1566 1565 1.000000000000000000e+00
1566 1566 1.000000000000000000e+00
1566 1582 1.000000000000000000e+00
1566 2590 1.000000000000000000e+00
1567 1311 1.000000000000000000e+00
1567 1567 1.000000000000000000e+00
1567 1583 1.000000000000000000e+00
1567 2591 1.000000000000000000e+00
1567 3614 1.000000000000000000e+00
1568 1312 1.000000000000000000e+00
1568 1552 1.000000000000000000e+00
1568 1568 1.000000000000000000e+00
1568 1600 1.000000000000000000e+00
1568 2592 1.000000000000000000e+00
1569 1313 1.000000000000000000e+00
1569 1553 1.000000000000000000e+00
1569 1570 1.000000000000000000e+00
1569 1601 1.000000000000000000e+00
1569 2593 1.000000000000000000e+00
1569 3616 1.000000000000000000e+00
1570 1314 1.000000000000000000e+00
1570 1554 1.000000000000000000e+00
1570 1569 1.000000000000000000e+00
1570 1572 1.000000000000000000e+00
1570 1602 1.000000000000000000e+00
1570 2594 1.000000000000000000e+00
1571 1315 1.000000000000000000e+00
1571 1555 1.000000000000000000e+00
1571 1573 1.000000000000000000e+00
1571 1603 1.000000000000000000e+00
1571 2595 1.000000000000000000e+00
1571 3618 1.000000000000000000e+00
1572 1316 1.000000000000000000e+00
1572 1556 1.000000000000000000e+00
1572 1570 1.000000000000000000e+00
1572 1576 1.000000000000000000e+00
1572 1604 1.000000000000000000e+00
1572 2596 1.000000000000000000e+00
1573 1317 1.000000000000000000e+00
1573 1557 1.000000000000000000e+00
1573 1571 1.000000000000000000e+00
1573 1573 -1.000000000000000000e+00
1573 1574 1.000000000000000000e+00
1573 1577 1.000000000000000000e+00
1573 1605 1.000000000000000000e+00
1573 2597 1.000000000000000000e+00
1573 3620 1.000000000000000000e+00
1574 1318 1.000000000000000000e+00
1574 1558 1.000000000000000000e+00
1574 1573 1.000000000000000000e+00
1574 1578 1.000000000000000000e+00
1574 1606 1.000000000000000000e+00
1574 2598 1.000000000000000000e+00
1575 1319 1.000000000000000000e+00
1575 1559 1.000000000000000000e+00
1575 1579 1.000000000000000000e+00
1575 1607 1.000000000000000000e+00
1575 2599 1.000000000000000000e+00
1575 3622 1.000000000000000000e+00
1576 1320 1.000000000000000000e+00
1576 1560 1.000000000000000000e+00
1576 1572 1.000000000000000000e+00
1576 1584 1.000000000000000000e+00
1576 1608 1.000000000000000000e+00
1576 2600 1.000000000000000000e+00
1577 1321 1.000000000000000000e+00
1577 1561 1.000000000000000000e+00
1577 1573 1.000000000000000000e+00
1577 1577 -1.000000000000000000e+00
1577 1578 1.000000000000000000e+00
1577 1585 1.000000000000000000e+00
1577 1609 1.000000000000000000e+00
1577 2601 1.000000000000000000e+00
1577 3624 1.000000000000000000e+00
1578 1322 1.000000000000000000e+00
1578 1562 1.000000000000000000e+00
1578 1574 1.000000000000000000e+00
1578 1577 1.000000000000000000e+00
1578 1578 -1.000000000000000000e+00
1578 1580 1.000000000000000000e+00
1578 1586 1.000000000000000000e+00
1578 1610 1.000000000000000000e+00
1578 2602 1.000000000000000000e+00
1579 1323 1.000000000000000000e+00
1579 1563 1.000000000000000000e+00
1579 1575 1.000000000000000000e+00
1579 1579 -1.000000000000000000e+00
1579 1581 1.000000000000000000e+00
1579 1587 1.000000000000000000e+00
1579 1611 1.000000000000000000e+00
1579 2603 1.000000000000000000e+00
1579 3626 1.000000000000000000e+00
1580 1324 1.000000000000000000e+00
1580 1564 1.000000000000000000e+00
1580 1578 1.000000000000000000e+00
1580 1588 1.000000000000000000e+00
1580 1612 1.000000000000000000e+00
1580 2604 1.000000000000000000e+00
1581 1325 1.000000000000000000e+00
1581 1565 1.000000000000000000e+00
1581 1579 1.000000000000000000e+00
1581 1581 -1.000000000000000000e+00
1581 1582 1.000000000000000000e+00
1581 1589 1.000000000000000000e+00
1581 1613 1.000000000000000000e+00
1581 2605 1.000000000000000000e+00
1581 3628 1.000000000000000000e+00
1582 1326 1.000000000000000000e+00
1582 1566 1.000000000000000000e+00
1582 1581 1.000000000000000000e+00
1582 1590 1.000000000000000000e+00
1582 1614 1.000000000000000000e+00
1582 2606 1.000000000000000000e+00
1583 1327 1.000000000000000000e+00
1583 1567 1.000000000000000000e+00
1583 1591 1.000000000000000000e+00
1583 1615 1.000000000000000000e+00
1583 2607 1.000000000000000000e+00
1583 3630 1.000000000000000000e+00
1584 1328 1.000000000000000000e+00
1584 1576 1.000000000000000000e+00
1584 1584 1.000000000000000000e+00
1584 1616 1.000000000000000000e+00
1584 2608 1.000000000000000000e+00
1585 1329 1.000000000000000000e+00
1585 1577 1.000000000000000000e+00
1585 1586 1.000000000000000000e+00
1585 1617 1.000000000000000000e+00
1585 2609 1.000000000000000000e+00
1585 3632 1.000000000000000000e+00
1586 1330 1.000000000000000000e+00
1586 1578 1.000000000000000000e+00
1586 1585 1.000000000000000000e+00
1586 1588 1.000000000000000000e+00
1586 1618 1.000000000000000000e+00
1586 2610 1.000000000000000000e+00
1587 1331 1.000000000000000000e+00
1587 1579 1.000000000000000000e+00
1587 1589 1.000000000000000000e+00
1587 1619 1.000000000000000000e+00
1587 2611 1.000000000000000000e+00
1587 3634 1.000000000000000000e+00
1588 1332 1.000000000000000000e+00
1588 1580 1.000000000000000000e+00
1588 1586 1.000000000000000000e+00
1588 1592 1.000000000000000000e+00
1588 1620 1.000000000000000000e+00
1588 2612 1.000000000000000000e+00
1589 1333 1.000000000000000000e+00
1589 1581 1.000000000000000000e+00
1589 1587 1.000000000000000000e+00
1589 1589 -1.000000000000000000e+00
1589 1590 1.000000000000000000e+00
1589 1593 1.000000000000000000e+00
1589 1621 1.000000000000000000e+00
1589 2613 1.000000000000000000e+00
1589 3636 1.000000000000000000e+00
1590 1334 1.000000000000000000e+00
1590 1582 1.000000000000000000e+00
1590 1589 1.000000000000000000e+00
1590 1594 1.000000000000000000e+00
1590 1622 1.000000000000000000e+00
1590 2614 1.000000000000000000e+00
1591 1335 1.000000000000000000e+00
1591 1583 1.000000000000000000e+00
1591 1595 1.000000000000000000e+00
1591 1623 1.000000000000000000e+00
1591 2615 1.000000000000000000e+00
1591 3638 1.000000000000000000e+00
1592 1336 1.000000000000000000e+00
1592 1588 1.000000000000000000e+00
1592 1592 1.000000000000000000e+00
1592 1624 1.000000000000000000e+00
1592 2616 1.000000000000000000e+00
1593 1337 1.000000000000000000e+00
1593 1589 1.000000000000000000e+00
1593 1594 1.000000000000000000e+00
1593 1625 1.000000000000000000e+00
1593 2617 1.000000000000000000e+00
1593 3640 1.000000000000000000e+00
1594 1338 1.000000000000000000e+00
1594 1590 1.000000000000000000e+00
1594 1593 1.000000000000000000e+00
1594 1596 1.000000000000000000e+00
1594 1626 1.000000000000000000e+00
1594 2618 1.000000000000000000e+00
1595 1339 1.000000000000000000e+00
1595 1591 1.000000000000000000e+00
1595 1597 1.000000000000000000e+00
1595 1627 1.000000000000000000e+00
1595 2619 1.000000000000000000e+00
1595 3642 1.000000000000000000e+00
1596 1340 1.000000000000000000e+00
1596 1594 1.000000000000000000e+00
1596 1596 1.000000000000000000e+00
1596 1628 1.000000000000000000e+00
1596 2620 1.000000000000000000e+00
1597 1341 1.000000000000000000e+00
1597 1595 1.000000000000000000e+00
1597 1598 1.000000000000000000e+00
1597 1629 1.000000000000000000e+00
1597 2621 1.000000000000000000e+00
1597 3644 1.000000000000000000e+00
1598 1342 1.000000000000000000e+00
1598 1597 1.000000000000000000e+00
1598 1598 1.000000000000000000e+00
1598 1630 1.000000000000000000e+00
1598 2622 1.000000000000000000e+00
1599 1343 1.000000000000000000e+00
1599 1599 1.000000000000000000e+00
1599 1631 1.000000000000000000e+00
1599 2623 1.000000000000000000e+00
1599 3646 1.000000000000000000e+00
1600 1344 1.000000000000000000e+00
1600 1568 1.000000000000000000e+00
1600 1600 1.000000000000000000e+00
1600 1664 1.000000000000000000e+00
1600 2624 1.000000000000000000e+00
1601 1345 1.000000000000000000e+00
1601 1569 1.000000000000000000e+00
1601 1602 1.000000000000000000e+00
1601 1665 1.000000000000000000e+00
1601 2625 1.000000000000000000e+00
1601 3648 1.000000000000000000e+00
1602 1346 1.000000000000000000e+00
1602 1570 1.000000000000000000e+00
1602 1601 1.000000000000000000e+00
1602 1604 1.000000000000000000e+00
1602 1666 1.000000000000000000e+00
1602 2626 1.000000000000000000e+00
1603 1347 1.000000000000000000e+00
1603 1571 1.000000000000000000e+00
1603 1605 1.000000000000000000e+00
1603 1667 1.000000000000000000e+00
1603 2627 1.000000000000000000e+00
1603 3650 1.000000000000000000e+00
1604 1348 1.000000000000000000e+00
1604 1572 1.000000000000000000e+00
1604 1602 1.000000000000000000e+00
1604 1608 1.000000000000000000e+00
1604 1668 1.000000000000000000e+00
1604 2628 1.000000000000000000e+00
1605 1349 1.000000000000000000e+00
1605 1573 1.000000000000000000e+00
1605 1603 1.000000000000000000e+00
1605 1605 -1.000000000000000000e+00
1605 1606 1.000000000000000000e+00
1605 1609 1.000000000000000000e+00
1605 1669 1.000000000000000000e+00
1605 2629 1.000000000000000000e+00
1605 3652 1.000000000000000000e+00
1606 1350 1.000000000000000000e+00
1606 1574 1.000000000000000000e+00
1606 1605 1.000000000000000000e+00
1606 1610 1.000000000000000000e+00
1606 1670 1.000000000000000000e+00
1606 2630 1.000000000000000000e+00
1607 1351 1.000000000000000000e+00
1607 1575 1.000000000000000000e+00
1607 1611 1.000000000000000000e+00
1607 1671 1.000000000000000000e+00
1607 2631 1.000000000000000000e+00
1607 3654 1.000000000000000000e+00
1608 1352 1.000000000000000000e+00
1608 1576 1.000000000000000000e+00
1608 1604 1.000000000000000000e+00
1608 1616 1.000000000000000000e+00
1608 1672 1.000000000000000000e+00
1608 2632 1.000000000000000000e+00
1609 1353 1.000000000000000000e+00
1609 1577 1.000000000000000000e+00
1609 1605 1.000000000000000000e+00
1609 1609 -1.000000000000000000e+00
1609 1610 1.000000000000000000e+00
1609 1617 1.000000000000000000e+00
1609 1673 1.000000000000000000e+00
1609 2633 1.000000000000000000e+00
1609 3656 1.000000000000000000e+00
1610 1354 1.000000000000000000e+00
1610 1578 1.000000000000000000e+00
1610 1606 1.000000000000000000e+00
1610 1609 1.000000000000000000e+00
1610 1610 -1.000000000000000000e+00
1610 1612 1.000000000000000000e+00
1610 1618 1.000000000000000000e+00
1610 1674 1.000000000000000000e+00
1610 2634 1.000000000000000000e+00
1611 1355 1.000000000000000000e+00
1611 1579 1.000000000000000000e+00
1611 1607 1.000000000000000000e+00
1611 1611 -1.000000000000000000e+00
1611 1613 1.000000000000000000e+00
1611 1619 1.000000000000000000e+00
1611 1675 1.000000000000000000e+00
1611 2635 1.000000000000000000e+00
1611 3658 1.000000000000000000e+00
1612 1356 1.000000000000000000e+00
1612 1580 1.000000000000000000e+00
1612 1610 1.000000000000000000e+00
1612 1620 1.000000000000000000e+00
1612 1676 1.000000000000000000e+00
1612 2636 1.000000000000000000e+00
1613 1357 1.000000000000000000e+00
1613 1581 1.000000000000000000e+00
1613 1611 1.000000000000000000e+00
1613 1613 -1.000000000000000000e+00
1613 1614 1.000000000000000000e+00
1613 1621 1.000000000000000000e+00
1613 1677 1.000000000000000000e+00
1613 2637 1.000000000000000000e+00
1613 3660 1.000000000000000000e+00
1614 1358 1.000000000000000000e+00
1614 1582 1.000000000000000000e+00
1614 1613 1.000000000000000000e+00
1614 1622 1.000000000000000000e+00
1614 1678 1.000000000000000000e+00
1614 2638 1.000000000000000000e+00
1615 1359 1.000000000000000000e+00
1615 1583 1.000000000000000000e+00
1615 1623 1.000000000000000000e+00
1615 1679 1.000000000000000000e+00
1615 2639 1.000000000000000000e+00
1615 3662 1.000000000000000000e+00
1616 1360 1.000000000000000000e+00
1616 1584 1.000000000000000000e+00
1616 1608 1.000000000000000000e+00
1616 1632 1.000000000000000000e+00
1616 1680 1.000000000000000000e+00
1616 2640 1.000000000000000000e+00
1617 1361 1.000000000000000000e+00
1617 1585 1.000000000000000000e+00
1617 1609 1.000000000000000000e+00
1617 1617 -1.000000000000000000e+00
1617 1618 1.000000000000000000e+00
1617 1633 1.000000000000000000e+00
1617 1681 1.000000000000000000e+00
1617 2641 1.000000000000000000e+00
1617 3664 1.000000000000000000e+00
1618 1362 1.000000000000000000e+00
1618 1586 1.000000000000000000e+00
1618 1610 1.000000000000000000e+00
1618 1617 1.000000000000000000e+00
1618 1618 -1.000000000000000000e+00
1618 1620 1.000000000000000000e+00
1618 1634 1.000000000000000000e+00
1618 1682 1.000000000000000000e+00
1618 2642 1.000000000000000000e+00
1619 1363 1.000000000000000000e+00
1619 1587 1.000000000000000000e+00
1619 1611 1.000000000000000000e+00
1619 1619 -1.000000000000000000e+00
1619 1621 1.000000000000000000e+00
1619 1635 1.000000000000000000e+00
1619 1683 1.000000000000000000e+00
1619 2643 1.000000000000000000e+00
1619 3666 1.000000000000000000e+00
1620 1364 1.000000000000000000e+00
1620 1588 1.000000000000000000e+00
1620 1612 1.000000000000000000e+00
1620 1618 1.000000000000000000e+00
1620 1620 -1.000000000000000000e+00
1620 1624 1.000000000000000000e+00
1620 1636 1.000000000000000000e+00
1620 1684 1.000000000000000000e+00
1620 2644 1.000000000000000000e+00
1621 1365 1.000000000000000000e+00
1621 1589 1.000000000000000000e+00
1621 1613 1.000000000000000000e+00
1621 1619 1.000000000000000000e+00
1621 1621 -2.000000000000000000e+00
1621 1622 1.000000000000000000e+00
1621 1625 1.000000000000000000e+00
1621 1637 1.000000000000000000e+00
1621 1685 1.000000000000000000e+00
1621 2645 1.000000000000000000e+00
1621 3668 1.000000000000000000e+00
1622 1366 1.000000000000000000e+00
1622 1590 1.000000000000000000e+00
1622 1614 1.000000000000000000e+00
1622 1621 1.000000000000000000e+00
1622 1622 -1.000000000000000000e+00
1622 1626 1.000000000000000000e+00
1622 1638 1.000000000000000000e+00
1622 1686 1.000000000000000000e+00
1622 2646 1.000000000000000000e+00
1623 1367 1.000000000000000000e+00
1623 1591 1.000000000000000000e+00
1623 1615 1.000000000000000000e+00
1623 1623 -1.000000000000000000e+00
1623 1627 1.000000000000000000e+00
1623 1639 1.000000000000000000e+00
1623 1687 1.000000000000000000e+00
1623 2647 1.000000000000000000e+00
1623 3670 1.000000000000000000e+00
1624 1368 1.000000000000000000e+00
1624 1592 1.000000000000000000e+00
1624 1620 1.000000000000000000e+00
1624 1640 1.000000000000000000e+00
1624 1688 1.000000000000000000e+00
1624 2648 1.000000000000000000e+00
1625 1369 1.000000000000000000e+00
1625 1593 1.000000000000000000e+00
1625 1621 1.000000000000000000e+00
1625 1625 -1.000000000000000000e+00
1625 1626 1.000000000000000000e+00
1625 1641 1.000000000000000000e+00
1625 1689 1.000000000000000000e+00
1625 2649 1.000000000000000000e+00
1625 3672 1.000000000000000000e+00
1626 1370 1.000000000000000000e+00
1626 1594 1.000000000000000000e+00
1626 1622 1.000000000000000000e+00
1626 1625 1.000000000000000000e+00
1626 1626 -1.000000000000000000e+00
1626 1628 1.000000000000000000e+00
1626 1642 1.000000000000000000e+00
1626 1690 1.000000000000000000e+00
1626 2650 1.000000000000000000e+00
1627 1371 1.000000000000000000e+00
1627 1595 1.000000000000000000e+00
1627 1623 1.000000000000000000e+00
1627 1627 -1.000000000000000000e+00
1627 1629 1.000000000000000000e+00
1627 1643 1.000000000000000000e+00
1627 1691 1.000000000000000000e+00
1627 2651 1.000000000000000000e+00
1627 3674 1.000000000000000000e+00
1628 1372 1.000000000000000000e+00
1628 1596 1.000000000000000000e+00
1628 1626 1.000000000000000000e+00
1628 1644 1.000000000000000000e+00
1628 1692 1.000000000000000000e+00
1628 2652 1.000000000000000000e+00
1629 1373 1.000000000000000000e+00
1629 1597 1.000000000000000000e+00
1629 1627 1.000000000000000000e+00
1629 1629 -1.000000000000000000e+00
1629 1630 1.000000000000000000e+00
1629 1645 1.000000000000000000e+00
1629 1693 1.000000000000000000e+00
1629 2653 1.000000000000000000e+00
1629 3676 1.000000000000000000e+00
1630 1374 1.000000000000000000e+00
1630 1598 1.000000000000000000e+00
1630 1629 1.000000000000000000e+00
1630 1646 1.000000000000000000e+00
1630 1694 1.000000000000000000e+00
1630 2654 1.000000000000000000e+00
1631 1375 1.000000000000000000e+00
1631 1599 1.000000000000000000e+00
1631 1647 1.000000000000000000e+00
1631 1695 1.000000000000000000e+00
1631 2655 1.000000000000000000e+00
1631 3678 1.000000000000000000e+00
1632 1376 1.000000000000000000e+00
1632 1616 1.000000000000000000e+00
1632 1632 1.000000000000000000e+00
1632 1696 1.000000000000000000e+00
1632 2656 1.000000000000000000e+00
1633 1377 1.000000000000000000e+00
1633 1617 1.000000000000000000e+00
1633 1634 1.000000000000000000e+00
1633 1697 1.000000000000000000e+00
1633 2657 1.000000000000000000e+00
1633 3680 1.000000000000000000e+00
1634 1378 1.000000000000000000e+00
1634 1618 1.000000000000000000e+00
1634 1633 1.000000000000000000e+00
1634 1636 1.000000000000000000e+00
1634 1698 1.000000000000000000e+00
1634 2658 1.000000000000000000e+00
1635 1379 1.000000000000000000e+00
1635 1619 1.000000000000000000e+00
1635 1637 1.000000000000000000e+00
1635 1699 1.000000000000000000e+00
1635 2659 1.000000000000000000e+00
1635 3682 1.000000000000000000e+00
1636 1380 1.000000000000000000e+00
1636 1620 1.000000000000000000e+00
1636 1634 1.000000000000000000e+00
1636 1640 1.000000000000000000e+00
1636 1700 1.000000000000000000e+00
1636 2660 1.000000000000000000e+00
1637 1381 1.000000000000000000e+00
1637 1621 1.000000000000000000e+00
1637 1635 1.000000000000000000e+00
1637 1637 -1.000000000000000000e+00
1637 1638 1.000000000000000000e+00
1637 1641 1.000000000000000000e+00
1637 1701 1.000000000000000000e+00
1637 2661 1.000000000000000000e+00
1637 3684 1.000000000000000000e+00
1638 1382 1.000000000000000000e+00
1638 1622 1.000000000000000000e+00
1638 1637 1.000000000000000000e+00
1638 1642 1.000000000000000000e+00
1638 1702 1.000000000000000000e+00
1638 2662 1.000000000000000000e+00
1639 1383 1.000000000000000000e+00
1639 1623 1.000000000000000000e+00
1639 1643 1.000000000000000000e+00
1639 1703 1.000000000000000000e+00
1639 2663 1.000000000000000000e+00
1639 3686 1.000000000000000000e+00
1640 1384 1.000000000000000000e+00
1640 1624 1.000000000000000000e+00
1640 1636 1.000000000000000000e+00
1640 1648 1.000000000000000000e+00
1640 1704 1.000000000000000000e+00
1640 2664 1.000000000000000000e+00
1641 1385 1.000000000000000000e+00
1641 1625 1.000000000000000000e+00
1641 1637 1.000000000000000000e+00
1641 1641 -1.000000000000000000e+00
1641 1642 1.000000000000000000e+00
1641 1649 1.000000000000000000e+00
1641 1705 1.000000000000000000e+00
1641 2665 1.000000000000000000e+00
1641 3688 1.000000000000000000e+00
1642 1386 1.000000000000000000e+00
1642 1626 1.000000000000000000e+00
1642 1638 1.000000000000000000e+00
1642 1641 1.000000000000000000e+00
1642 1642 -1.000000000000000000e+00
1642 1644 1.000000000000000000e+00
1642 1650 1.000000000000000000e+00
1642 1706 1.000000000000000000e+00
1642 2666 1.000000000000000000e+00
1643 1387 1.000000000000000000e+00
1643 1627 1.000000000000000000e+00
1643 1639 1.000000000000000000e+00
1643 1643 -1.000000000000000000e+00
1643 1645 1.000000000000000000e+00
1643 1651 1.000000000000000000e+00
1643 1707 1.000000000000000000e+00
1643 2667 1.000000000000000000e+00
1643 3690 1.000000000000000000e+00
1644 1388 1.000000000000000000e+00
1644 1628 1.000000000000000000e+00
1644 1642 1.000000000000000000e+00
1644 1652 1.000000000000000000e+00
1644 1708 1.000000000000000000e+00
1644 2668 1.000000000000000000e+00
1645 1389 1.000000000000000000e+00
1645 1629 1.000000000000000000e+00
1645 1643 1.000000000000000000e+00
1645 1645 -1.000000000000000000e+00
1645 1646 1.000000000000000000e+00
1645 1653 1.000000000000000000e+00
1645 1709 1.000000000000000000e+00
1645 2669 1.000000000000000000e+00
1645 3692 1.000000000000000000e+00
1646 1390 1.000000000000000000e+00
1646 1630 1.000000000000000000e+00
1646 1645 1.000000000000000000e+00
1646 1654 1.000000000000000000e+00
1646 1710 1.000000000000000000e+00
1646 2670 1.000000000000000000e+00
1647 1391 1.000000000000000000e+00
1647 1631 1.000000000000000000e+00
1647 1655 1.000000000000000000e+00
1647 1711 1.000000000000000000e+00
1647 2671 1.000000000000000000e+00
1647 3694 1.000000000000000000e+00
1648 1392 1.000000000000000000e+00
1648 1640 1.000000000000000000e+00
1648 1648 1.000000000000000000e+00
1648 1712 1.000000000000000000e+00
1648 2672 1.000000000000000000e+00
1649 1393 1.000000000000000000e+00
1649 1641 1.000000000000000000e+00
1649 1650 1.000000000000000000e+00
1649 1713 1.000000000000000000e+00
1649 2673 1.000000000000000000e+00
1649 3696 1.000000000000000000e+00
1650 1394 1.000000000000000000e+00
1650 1642 1.000000000000000000e+00
1650 1649 1.000000000000000000e+00
1650 1652 1.000000000000000000e+00
1650 1714 1.000000000000000000e+00
1650 2674 1.000000000000000000e+00
1651 1395 1.000000000000000000e+00
1651 1643 1.000000000000000000e+00
1651 1653 1.000000000000000000e+00
1651 1715 1.000000000000000000e+00
1651 2675 1.000000000000000000e+00
1651 3698 1.000000000000000000e+00
1652 1396 1.000000000000000000e+00
1652 1644 1.000000000000000000e+00
1652 1650 1.000000000000000000e+00
1652 1656 1.000000000000000000e+00
1652 1716 1.000000000000000000e+00
1652 2676 1.000000000000000000e+00
1653 1397 1.000000000000000000e+00
1653 1645 1.000000000000000000e+00
1653 1651 1.000000000000000000e+00
1653 1653 -1.000000000000000000e+00
1653 1654 1.000000000000000000e+00
1653 1657 1.000000000000000000e+00
1653 1717 1.000000000000000000e+00
1653 2677 1.000000000000000000e+00
1653 3700 1.000000000000000000e+00
1654 1398 1.000000000000000000e+00
1654 1646 1.000000000000000000e+00
1654 1653 1.000000000000000000e+00
1654 1658 1.000000000000000000e+00
1654 1718 1.000000000000000000e+00
1654 2678 1.000000000000000000e+00
1655 1399 1.000000000000000000e+00
1655 1647 1.000000000000000000e+00
1655 1659 1.000000000000000000e+00
1655 1719 1.000000000000000000e+00
1655 2679 1.000000000000000000e+00
1655 3702 1.000000000000000000e+00
1656 1400 1.000000000000000000e+00
1656 1652 1.000000000000000000e+00
1656 1656 1.000000000000000000e+00
1656 1720 1.000000000000000000e+00
1656 2680 1.000000000000000000e+00
1657 1401 1.000000000000000000e+00
1657 1653 1.000000000000000000e+00
1657 1658 1.000000000000000000e+00
1657 1721 1.000000000000000000e+00
1657 2681 1.000000000000000000e+00
1657 3704 1.000000000000000000e+00
1658 1402 1.000000000000000000e+00
1658 1654 1.000000000000000000e+00
1658 1657 1.000000000000000000e+00
1658 1660 1.000000000000000000e+00
1658 1722 1.000000000000000000e+00
1658 2682 1.000000000000000000e+00
1659 1403 1.000000000000000000e+00
1659 1655 1.000000000000000000e+00
1659 1661 1.000000000000000000e+00
1659 1723 1.000000000000000000e+00
1659 2683 1.000000000000000000e+00
1659 3706 1.000000000000000000e+00
1660 1404 1.000000000000000000e+00
1660 1658 1.000000000000000000e+00
1660 1660 1.000000000000000000e+00
1660 1724 1.000000000000000000e+00
1660 2684 1.000000000000000000e+00
1661 1405 1.000000000000000000e+00
1661 1659 1.000000000000000000e+00
1661 1662 1.000000000000000000e+00
1661 1725 1.000000000000000000e+00
1661 2685 1.000000000000000000e+00
1661 3708 1.000000000000000000e+00
1662 1406 1.000000000000000000e+00
1662 1661 1.000000000000000000e+00
1662 1662 1.000000000000000000e+00
1662 1726 1.000000000000000000e+00
1662 2686 1.000000000000000000e+00
1663 1407 1.000000000000000000e+00
1663 1663 1.000000000000000000e+00
1663 1727 1.000000000000000000e+00
1663 2687 1.000000000000000000e+00
1663 3710 1.000000000000000000e+00
1664 1408 1.000000000000000000e+00
1664 1600 1.000000000000000000e+00
1664 1664 1.000000000000000000e+00
1664 1792 1.000000000000000000e+00
1664 2688 1.000000000000000000e+00
1665 1409 1.000000000000000000e+00
1665 1601 1.000000000000000000e+00
1665 1666 1.000000000000000000e+00
1665 1793 1.000000000000000000e+00
1665 2689 1.000000000000000000e+00
1665 3712 1.000000000000000000e+00
1666 1410 1.000000000000000000e+00
1666 1602 1.000000000000000000e+00
1666 1665 1.000000000000000000e+00
1666 1668 1.000000000000000000e+00
1666 1794 1.000000000000000000e+00
1666 2690 1.000000000000000000e+00
1667 1411 1.000000000000000000e+00
1667 1603 1.000000000000000000e+00
1667 1669 1.000000000000000000e+00
1667 1795 1.000000000000000000e+00
1667 2691 1.000000000000000000e+00
1667 3714 1.000000000000000000e+00
1668 1412 1.000000000000000000e+00
1668 1604 1.000000000000000000e+00
1668 1666 1.000000000000000000e+00
1668 1672 1.000000000000000000e+00
1668 1796 1.000000000000000000e+00
1668 2692 1.000000000000000000e+00
1669 1413 1.000000000000000000e+00
1669 1605 1.000000000000000000e+00
1669 1667 1.000000000000000000e+00
1669 1669 -1.000000000000000000e+00
1669 1670 1.000000000000000000e+00
1669 1673 1.000000000000000000e+00
1669 1797 1.000000000000000000e+00
1669 2693 1.000000000000000000e+00
1669 3716 1.000000000000000000e+00
1670 1414 1.000000000000000000e+00
1670 1606 1.000000000000000000e+00
1670 1669 1.000000000000000000e+00
1670 1674 1.000000000000000000e+00
1670 1798 1.000000000000000000e+00
1670 2694 1.000000000000000000e+00
1671 1415 1.000000000000000000e+00
1671 1607 1.000000000000000000e+00
1671 1675 1.000000000000000000e+00
1671 1799 1.000000000000000000e+00
1671 2695 1.000000000000000000e+00
1671 3718 1.000000000000000000e+00
1672 1416 1.000000000000000000e+00
1672 1608 1.000000000000000000e+00
1672 1668 1.000000000000000000e+00
1672 1680 1.000000000000000000e+00
1672 1800 1.000000000000000000e+00
1672 2696 1.000000000000000000e+00
1673 1417 1.000000000000000000e+00
1673 1609 1.000000000000000000e+00
1673 1669 1.000000000000000000e+00
1673 1673 -1.000000000000000000e+00
1673 1674 1.000000000000000000e+00
1673 1681 1.000000000000000000e+00
1673 1801 1.000000000000000000e+00
1673 2697 1.000000000000000000e+00
1673 3720 1.000000000000000000e+00
1674 1418 1.000000000000000000e+00
1674 1610 1.000000000000000000e+00
1674 1670 1.000000000000000000e+00
1674 1673 1.000000000000000000e+00
1674 1674 -1.000000000000000000e+00
1674 1676 1.000000000000000000e+00
1674 1682 1.000000000000000000e+00
1674 1802 1.000000000000000000e+00
1674 2698 1.000000000000000000e+00
1675 1419 1.000000000000000000e+00
1675 1611 1.000000000000000000e+00
1675 1671 1.000000000000000000e+00
1675 1675 -1.000000000000000000e+00
1675 1677 1.000000000000000000e+00
1675 1683 1.000000000000000000e+00
1675 1803 1.000000000000000000e+00
1675 2699 1.000000000000000000e+00
1675 3722 1.000000000000000000e+00
1676 1420 1.000000000000000000e+00
1676 1612 1.000000000000000000e+00
1676 1674 1.000000000000000000e+00
1676 1684 1.000000000000000000e+00
1676 1804 1.000000000000000000e+00
1676 2700 1.000000000000000000e+00
1677 1421 1.000000000000000000e+00
1677 1613 1.000000000000000000e+00
1677 1675 1.000000000000000000e+00
1677 1677 -1.000000000000000000e+00
1677 1678 1.000000000000000000e+00
1677 1685 1.000000000000000000e+00
1677 1805 1.000000000000000000e+00
1677 2701 1.000000000000000000e+00
1677 3724 1.000000000000000000e+00
1678 1422 1.000000000000000000e+00
1678 1614 1.000000000000000000e+00
1678 1677 1.000000000000000000e+00
1678 1686 1.000000000000000000e+00
1678 1806 1.000000000000000000e+00
1678 2702 1.000000000000000000e+00
1679 1423 1.000000000000000000e+00
1679 1615 1.000000000000000000e+00
1679 1687 1.000000000000000000e+00
1679 1807 1.000000000000000000e+00
1679 2703 1.000000000000000000e+00
1679 3726 1.000000000000000000e+00
1680 1424 1.000000000000000000e+00
1680 1616 1.000000000000000000e+00
1680 1672 1.000000000000000000e+00
1680 1696 1.000000000000000000e+00
1680 1808 1.000000000000000000e+00
1680 2704 1.000000000000000000e+00
1681 1425 1.000000000000000000e+00
1681 1617 1.000000000000000000e+00
1681 1673 1.000000000000000000e+00
1681 1681 -1.000000000000000000e+00
1681 1682 1.000000000000000000e+00
1681 1697 1.000000000000000000e+00
1681 1809 1.000000000000000000e+00
1681 2705 1.000000000000000000e+00
1681 3728 1.000000000000000000e+00
1682 1426 1.000000000000000000e+00
1682 1618 1.000000000000000000e+00
1682 1674 1.000000000000000000e+00
1682 1681 1.000000000000000000e+00
1682 1682 -1.000000000000000000e+00
1682 1684 1.000000000000000000e+00
1682 1698 1.000000000000000000e+00
1682 1810 1.000000000000000000e+00
1682 2706 1.000000000000000000e+00
1683 1427 1.000000000000000000e+00
1683 1619 1.000000000000000000e+00
1683 1675 1.000000000000000000e+00
1683 1683 -1.000000000000000000e+00
1683 1685 1.000000000000000000e+00
1683 1699 1.000000000000000000e+00
1683 1811 1.000000000000000000e+00
1683 2707 1.000000000000000000e+00
1683 3730 1.000000000000000000e+00
1684 1428 1.000000000000000000e+00
1684 1620 1.000000000000000000e+00
1684 1676 1.000000000000000000e+00
1684 1682 1.000000000000000000e+00
1684 1684 -1.000000000000000000e+00
1684 1688 1.000000000000000000e+00
1684 1700 1.000000000000000000e+00
1684 1812 1.000000000000000000e+00
1684 2708 1.000000000000000000e+00
1685 1429 1.000000000000000000e+00
1685 1621 1.000000000000000000e+00
1685 1677 1.000000000000000000e+00
1685 1683 1.000000000000000000e+00
1685 1685 -2.000000000000000000e+00
1685 1686 1.000000000000000000e+00
1685 1689 1.000000000000000000e+00
1685 1701 1.000000000000000000e+00
1685 1813 1.000000000000000000e+00
1685 2709 1.000000000000000000e+00
1685 3732 1.000000000000000000e+00
1686 1430 1.000000000000000000e+00
1686 1622 1.000000000000000000e+00
1686 1678 1.000000000000000000e+00
1686 1685 1.000000000000000000e+00
1686 1686 -1.000000000000000000e+00
1686 1690 1.000000000000000000e+00
1686 1702 1.000000000000000000e+00
1686 1814 1.000000000000000000e+00
1686 2710 1.000000000000000000e+00
1687 1431 1.000000000000000000e+00
1687 1623 1.000000000000000000e+00
1687 1679 1.000000000000000000e+00
1687 1687 -1.000000000000000000e+00
1687 1691 1.000000000000000000e+00
1687 1703 1.000000000000000000e+00
1687 1815 1.000000000000000000e+00
1687 2711 1.000000000000000000e+00
1687 3734 1.000000000000000000e+00
1688 1432 1.000000000000000000e+00
1688 1624 1.000000000000000000e+00
1688 1684 1.000000000000000000e+00
1688 1704 1.000000000000000000e+00
1688 1816 1.000000000000000000e+00
1688 2712 1.000000000000000000e+00
1689 1433 1.000000000000000000e+00
1689 1625 1.000000000000000000e+00
1689 1685 1.000000000000000000e+00
1689 1689 -1.000000000000000000e+00
1689 1690 1.000000000000000000e+00
1689 1705 1.000000000000000000e+00
1689 1817 1.000000000000000000e+00
1689 2713 1.000000000000000000e+00
1689 3736 1.000000000000000000e+00
1690 1434 1.000000000000000000e+00
1690 1626 1.000000000000000000e+00
1690 1686 1.000000000000000000e+00
1690 1689 1.000000000000000000e+00
1690 1690 -1.000000000000000000e+00
1690 1692 1.000000000000000000e+00
1690 1706 1.000000000000000000e+00
1690 1818 1.000000000000000000e+00
1690 2714 1.000000000000000000e+00
1691 1435 1.000000000000000000e+00
1691 1627 1.000000000000000000e+00
1691 1687 1.000000000000000000e+00
1691 1691 -1.000000000000000000e+00
1691 1693 1.000000000000000000e+00
1691 1707 1.000000000000000000e+00
1691 1819 1.000000000000000000e+00
1691 2715 1.000000000000000000e+00
1691 3738 1.000000000000000000e+00
1692 1436 1.000000000000000000e+00
1692 1628 1.000000000000000000e+00
1692 1690 1.000000000000000000e+00
1692 1708 1.000000000000000000e+00
1692 1820 1.000000000000000000e+00
1692 2716 1.000000000000000000e+00
1693 1437 1.000000000000000000e+00
1693 1629 1.000000000000000000e+00
1693 1691 1.000000000000000000e+00
1693 1693 -1.000000000000000000e+00
1693 1694 1.000000000000000000e+00
1693 1709 1.000000000000000000e+00
1693 1821 1.000000000000000000e+00
1693 2717 1.000000000000000000e+00
1693 3740 1.000000000000000000e+00
1694 1438 1.000000000000000000e+00
1694 1630 1.000000000000000000e+00
1694 1693 1.000000000000000000e+00
1694 1710 1.000000000000000000e+00
1694 1822 1.000000000000000000e+00
1694 2718 1.000000000000000000e+00
1695 1439 1.000000000000000000e+00
1695 1631 1.000000000000000000e+00
1695 1711 1.000000000000000000e+00
1695 1823 1.000000000000000000e+00
1695 2719 1.000000000000000000e+00
1695 3742 1.000000000000000000e+00
1696 1440 1.000000000000000000e+00
1696 1632 1.000000000000000000e+00
1696 1680 1.000000000000000000e+00
1696 1728 1.000000000000000000e+00
1696 1824 1.000000000000000000e+00
1696 2720 1.000000000000000000e+00
1697 1441 1.000000000000000000e+00
1697 1633 1.000000000000000000e+00
1697 1681 1.000000000000000000e+00
1697 1697 -1.000000000000000000e+00
1697 1698 1.000000000000000000e+00
1697 1729 1.000000000000000000e+00
1697 1825 1.000000000000000000e+00
1697 2721 1.000000000000000000e+00
1697 3744 1.000000000000000000e+00
1698 1442 1.000000000000000000e+00
1698 1634 1.000000000000000000e+00
1698 1682 1.000000000000000000e+00
1698 1697 1.000000000000000000e+00
1698 1698 -1.000000000000000000e+00
1698 1700 1.000000000000000000e+00
1698 1730 1.000000000000000000e+00
1698 1826 1.000000000000000000e+00
1698 2722 1.000000000000000000e+00
1699 1443 1.000000000000000000e+00
1699 1635 1.000000000000000000e+00
1699 1683 1.000000000000000000e+00
1699 1699 -1.000000000000000000e+00
1699 1701 1.000000000000000000e+00
1699 1731 1.000000000000000000e+00
1699 1827 1.000000000000000000e+00
1699 2723 1.000000000000000000e+00
1699 3746 1.000000000000000000e+00
1700 1444 1.000000000000000000e+00
1700 1636 1.000000000000000000e+00
1700 1684 1.000000000000000000e+00
1700 1698 1.000000000000000000e+00
1700 1700 -1.000000000000000000e+00
1700 1704 1.000000000000000000e+00
1700 1732 1.000000000000000000e+00
1700 1828 1.000000000000000000e+00
1700 2724 1.000000000000000000e+00
1701 1445 1.000000000000000000e+00
1701 1637 1.000000000000000000e+00
1701 1685 1.000000000000000000e+00
1701 1699 1.000000000000000000e+00
1701 1701 -2.000000000000000000e+00
1701 1702 1.000000000000000000e+00
1701 1705 1.000000000000000000e+00
1701 1733 1.000000000000000000e+00
1701 1829 1.000000000000000000e+00
1701 2725 1.000000000000000000e+00
1701 3748 1.000000000000000000e+00
1702 1446 1.000000000000000000e+00
1702 1638 1.000000000000000000e+00
1702 1686 1.000000000000000000e+00
1702 1701 1.000000000000000000e+00
1702 1702 -1.000000000000000000e+00
1702 1706 1.000000000000000000e+00
1702 1734 1.000000000000000000e+00
1702 1830 1.000000000000000000e+00
1702 2726 1.000000000000000000e+00
1703 1447 1.000000000000000000e+00
1703 1639 1.000000000000000000e+00
1703 1687 1.000000000000000000e+00
1703 1703 -1.000000000000000000e+00
1703 1707 1.000000000000000000e+00
1703 1735 1.000000000000000000e+00
1703 1831 1.000000000000000000e+00
1703 2727 1.000000000000000000e+00
1703 3750 1.000000000000000000e+00
1704 1448 1.000000000000000000e+00
1704 1640 1.000000000000000000e+00
1704 1688 1.000000000000000000e+00
1704 1700 1.000000000000000000e+00
1704 1704 -1.000000000000000000e+00
1704 1712 1.000000000000000000e+00
1704 1736 1.000000000000000000e+00
1704 1832 1.000000000000000000e+00
1704 2728 1.000000000000000000e+00
1705 1449 1.000000000000000000e+00
1705 1641 1.000000000000000000e+00
1705 1689 1.000000000000000000e+00
1705 1701 1.000000000000000000e+00
1705 1705 -2.000000000000000000e+00
1705 1706 1.000000000000000000e+00
1705 1713 1.000000000000000000e+00
1705 1737 1.000000000000000000e+00
1705 1833 1.000000000000000000e+00
1705 2729 1.000000000000000000e+00
1705 3752 1.000000000000000000e+00
1706 1450 1.000000000000000000e+00
1706 1642 1.000000000000000000e+00
1706 1690 1.000000000000000000e+00
1706 1702 1.000000000000000000e+00
1706 1705 1.000000000000000000e+00
1706 1706 -2.000000000000000000e+00
1706 1708 1.000000000000000000e+00
1706 1714 1.000000000000000000e+00
1706 1738 1.000000000000000000e+00
1706 1834 1.000000000000000000e+00
1706 2730 1.000000000000000000e+00
1707 1451 1.000000000000000000e+00
1707 1643 1.000000000000000000e+00
1707 1691 1.000000000000000000e+00
1707 1703 1.000000000000000000e+00
1707 1707 -2.000000000000000000e+00
1707 1709 1.000000000000000000e+00
1707 1715 1.000000000000000000e+00
1707 1739 1.000000000000000000e+00
1707 1835 1.000000000000000000e+00
1707 2731 1.000000000000000000e+00
1707 3754 1.000000000000000000e+00
1708 1452 1.000000000000000000e+00
1708 1644 1.000000000000000000e+00
1708 1692 1.000000000000000000e+00
1708 1706 1.000000000000000000e+00
1708 1708 -1.000000000000000000e+00
1708 1716 1.000000000000000000e+00
1708 1740 1.000000000000000000e+00
1708 1836 1.000000000000000000e+00
1708 2732 1.000000000000000000e+00
1709 1453 1.000000000000000000e+00
1709 1645 1.000000000000000000e+00
1709 1693 1.000000000000000000e+00
1709 1707 1.000000000000000000e+00
1709 1709 -2.000000000000000000e+00
1709 1710 1.000000000000000000e+00
1709 1717 1.000000000000000000e+00
1709 1741 1.000000000000000000e+00
1709 1837 1.000000000000000000e+00
1709 2733 1.000000000000000000e+00
1709 3756 1.000000000000000000e+00
1710 1454 1.000000000000000000e+00
1710 1646 1.000000000000000000e+00
1710 1694 1.000000000000000000e+00
1710 1709 1.000000000000000000e+00
1710 1710 -1.000000000000000000e+00
1710 1718 1.000000000000000000e+00
1710 1742 1.000000000000000000e+00
1710 1838 1.000000000000000000e+00
1710 2734 1.000000000000000000e+00
1711 1455 1.000000000000000000e+00
1711 1647 1.000000000000000000e+00
1711 1695 1.000000000000000000e+00
1711 1711 -1.000000000000000000e+00
1711 1719 1.000000000000000000e+00
1711 1743 1.000000000000000000e+00
1711 1839 1.000000000000000000e+00
1711 2735 1.000000000000000000e+00
1711 3758 1.000000000000000000e+00
1712 1456 1.000000000000000000e+00
1712 1648 1.000000000000000000e+00
1712 1704 1.000000000000000000e+00
1712 1744 1.000000000000000000e+00
1712 1840 1.000000000000000000e+00
1712 2736 1.000000000000000000e+00
1713 1457 1.000000000000000000e+00
1713 1649 1.000000000000000000e+00
1713 1705 1.000000000000000000e+00
1713 1713 -1.000000000000000000e+00
1713 1714 1.000000000000000000e+00
1713 1745 1.000000000000000000e+00
1713 1841 1.000000000000000000e+00
1713 2737 1.000000000000000000e+00
1713 3760 1.000000000000000000e+00
1714 1458 1.000000000000000000e+00
1714 1650 1.000000000000000000e+00
1714 1706 1.000000000000000000e+00
1714 1713 1.000000000000000000e+00
1714 1714 -1.000000000000000000e+00
1714 1716 1.000000000000000000e+00
1714 1746 1.000000000000000000e+00
1714 1842 1.000000000000000000e+00
1714 2738 1.000000000000000000e+00
1715 1459 1.000000000000000000e+00
1715 1651 1.000000000000000000e+00
1715 1707 1.000000000000000000e+00
1715 1715 -1.000000000000000000e+00
1715 1717 1.000000000000000000e+00
1715 1747 1.000000000000000000e+00
1715 1843 1.000000000000000000e+00
1715 2739 1.000000000000000000e+00
1715 3762 1.000000000000000000e+00
1716 1460 1.000000000000000000e+00
1716 1652 1.000000000000000000e+00
1716 1708 1.000000000000000000e+00
1716 1714 1.000000000000000000e+00
1716 1716 -1.000000000000000000e+00
1716 1720 1.000000000000000000e+00
1716 1748 1.000000000000000000e+00
1716 1844 1.000000000000000000e+00
1716 2740 1.000000000000000000e+00
1717 1461 1.000000000000000000e+00
1717 1653 1.000000000000000000e+00
1717 1709 1.000000000000000000e+00
1717 1715 1.000000000000000000e+00
1717 1717 -2.000000000000000000e+00
1717 1718 1.000000000000000000e+00
1717 1721 1.000000000000000000e+00
1717 1749 1.000000000000000000e+00
1717 1845 1.000000000000000000e+00
1717 2741 1.000000000000000000e+00
1717 3764 1.000000000000000000e+00
1718 1462 1.000000000000000000e+00
1718 1654 1.000000000000000000e+00
1718 1710 1.000000000000000000e+00
1718 1717 1.000000000000000000e+00
1718 1718 -1.000000000000000000e+00
1718 1722 1.000000000000000000e+00
1718 1750 1.000000000000000000e+00
1718 1846 1.000000000000000000e+00
1718 2742 1.000000000000000000e+00
1719 1463 1.000000000000000000e+00
1719 1655 1.000000000000000000e+00
1719 1711 1.000000000000000000e+00
1719 1719 -1.000000000000000000e+00
1719 1723 1.000000000000000000e+00
1719 1751 1.000000000000000000e+00
1719 1847 1.000000000000000000e+00
1719 2743 1.000000000000000000e+00
1719 3766 1.000000000000000000e+00
1720 1464 1.000000000000000000e+00
1720 1656 1.000000000000000000e+00
1720 1716 1.000000000000000000e+00
1720 1752 1.000000000000000000e+00
1720 1848 1.000000000000000000e+00
1720 2744 1.000000000000000000e+00
1721 1465 1.000000000000000000e+00
1721 1657 1.000000000000000000e+00
1721 1717 1.000000000000000000e+00
1721 1721 -1.000000000000000000e+00
1721 1722 1.000000000000000000e+00
1721 1753 1.000000000000000000e+00
1721 1849 1.000000000000000000e+00
1721 2745 1.000000000000000000e+00
1721 3768 1.000000000000000000e+00
1722 1466 1.000000000000000000e+00
1722 1658 1.000000000000000000e+00
1722 1718 1.000000000000000000e+00
1722 1721 1.000000000000000000e+00
1722 1722 -1.000000000000000000e+00
1722 1724 1.000000000000000000e+00
1722 1754 1.000000000000000000e+00
1722 1850 1.000000000000000000e+00
1722 2746 1.000000000000000000e+00
1723 1467 1.000000000000000000e+00
1723 1659 1.000000000000000000e+00
1723 1719 1.000000000000000000e+00
1723 1723 -1.000000000000000000e+00
1723 1725 1.000000000000000000e+00
1723 1755 1.000000000000000000e+00
1723 1851 1.000000000000000000e+00
1723 2747 1.000000000000000000e+00
1723 3770 1.000000000000000000e+00
1724 1468 1.000000000000000000e+00
1724 1660 1.000000000000000000e+00
1724 1722 1.000000000000000000e+00
1724 1756 1.000000000000000000e+00
1724 1852 1.000000000000000000e+00
1724 2748 1.000000000000000000e+00
1725 1469 1.000000000000000000e+00
1725 1661 1.000000000000000000e+00
1725 1723 1.000000000000000000e+00
1725 1725 -1.000000000000000000e+00
1725 1726 1.000000000000000000e+00
1725 1757 1.000000000000000000e+00
1725 1853 1.000000000000000000e+00
1725 2749 1.000000000000000000e+00
1725 3772 1.000000000000000000e+00
1726 1470 1.000000000000000000e+00
1726 1662 1.000000000000000000e+00
1726 1725 1.000000000000000000e+00
1726 1758 1.000000000000000000e+00
1726 1854 1.000000000000000000e+00
1726 2750 1.000000000000000000e+00
1727 1471 1.000000000000000000e+00
1727 1663 1.000000000000000000e+00
1727 1759 1.000000000000000000e+00
1727 1855 1.000000000000000000e+00
1727 2751 1.000000000000000000e+00
1727 3774 1.000000000000000000e+00
1728 1472 1.000000000000000000e+00
1728 1696 1.000000000000000000e+00
1728 1728 1.000000000000000000e+00
1728 1856 1.000000000000000000e+00
1728 2752 1.000000000000000000e+00
1729 1473 1.000000000000000000e+00
1729 1697 1.000000000000000000e+00
1729 1730 1.000000000000000000e+00
1729 1857 1.000000000000000000e+00
1729 2753 1.000000000000000000e+00
1729 3776 1.000000000000000000e+00
1730 1474 1.000000000000000000e+00
1730 1698 1.000000000000000000e+00
1730 1729 1.000000000000000000e+00
1730 1732 1.000000000000000000e+00
1730 1858 1.000000000000000000e+00
1730 2754 1.000000000000000000e+00
1731 1475 1.000000000000000000e+00
1731 1699 1.000000000000000000e+00
1731 1733 1.000000000000000000e+00
1731 1859 1.000000000000000000e+00
1731 2755 1.000000000000000000e+00
1731 3778 1.000000000000000000e+00
1732 1476 1.000000000000000000e+00
1732 1700 1.000000000000000000e+00
1732 1730 1.000000000000000000e+00
1732 1736 1.000000000000000000e+00
1732 1860 1.000000000000000000e+00
1732 2756 1.000000000000000000e+00
1733 1477 1.000000000000000000e+00
1733 1701 1.000000000000000000e+00
1733 1731 1.000000000000000000e+00
1733 1733 -1.000000000000000000e+00
1733 1734 1.000000000000000000e+00
1733 1737 1.000000000000000000e+00
1733 1861 1.000000000000000000e+00
1733 2757 1.000000000000000000e+00
1733 3780 1.000000000000000000e+00
1734 1478 1.000000000000000000e+00
1734 1702 1.000000000000000000e+00
1734 1733 1.000000000000000000e+00
1734 1738 1.000000000000000000e+00
1734 1862 1.000000000000000000e+00
1734 2758 1.000000000000000000e+00
1735 1479 1.000000000000000000e+00
1735 1703 1.000000000000000000e+00
1735 1739 1.000000000000000000e+00
1735 1863 1.000000000000000000e+00
1735 2759 1.000000000000000000e+00
1735 3782 1.000000000000000000e+00
1736 1480 1.000000000000000000e+00
1736 1704 1.000000000000000000e+00
1736 1732 1.000000000000000000e+00
1736 1744 1.000000000000000000e+00
1736 1864 1.000000000000000000e+00
1736 2760 1.000000000000000000e+00
1737 1481 1.000000000000000000e+00
1737 1705 1.000000000000000000e+00
1737 1733 1.000000000000000000e+00
1737 1737 -1.000000000000000000e+00
1737 1738 1.000000000000000000e+00
1737 1745 1.000000000000000000e+00
1737 1865 1.000000000000000000e+00
1737 2761 1.000000000000000000e+00
1737 3784 1.000000000000000000e+00
1738 1482 1.000000000000000000e+00
1738 1706 1.000000000000000000e+00
1738 1734 1.000000000000000000e+00
1738 1737 1.000000000000000000e+00
1738 1738 -1.000000000000000000e+00
1738 1740 1.000000000000000000e+00
1738 1746 1.000000000000000000e+00
1738 1866 1.000000000000000000e+00
1738 2762 1.000000000000000000e+00
1739 1483 1.000000000000000000e+00
1739 1707 1.000000000000000000e+00
1739 1735 1.000000000000000000e+00
1739 1739 -1.000000000000000000e+00
1739 1741 1.000000000000000000e+00
1739 1747 1.000000000000000000e+00
1739 1867 1.000000000000000000e+00
1739 2763 1.000000000000000000e+00
1739 3786 1.000000000000000000e+00
1740 1484 1.000000000000000000e+00
1740 1708 1.000000000000000000e+00
1740 1738 1.000000000000000000e+00
1740 1748 1.000000000000000000e+00
1740 1868 1.000000000000000000e+00
1740 2764 1.000000000000000000e+00
1741 1485 1.000000000000000000e+00
1741 1709 1.000000000000000000e+00
1741 1739 1.000000000000000000e+00
1741 1741 -1.000000000000000000e+00
1741 1742 1.000000000000000000e+00
1741 1749 1.000000000000000000e+00
1741 1869 1.000000000000000000e+00
1741 2765 1.000000000000000000e+00
1741 3788 1.000000000000000000e+00
1742 1486 1.000000000000000000e+00
1742 1710 1.000000000000000000e+00
1742 1741 1.000000000000000000e+00
1742 1750 1.000000000000000000e+00
1742 1870 1.000000000000000000e+00
1742 2766 1.000000000000000000e+00
1743 1487 1.000000000000000000e+00
1743 1711 1.000000000000000000e+00
1743 1751 1.000000000000000000e+00
1743 1871 1.000000000000000000e+00
1743 2767 1.000000000000000000e+00
1743 3790 1.000000000000000000e+00
1744 1488 1.000000000000000000e+00
1744 1712 1.000000000000000000e+00
1744 1736 1.000000000000000000e+00
1744 1760 1.000000000000000000e+00
1744 1872 1.000000000000000000e+00
1744 2768 1.000000000000000000e+00
1745 1489 1.000000000000000000e+00
1745 1713 1.000000000000000000e+00
1745 1737 1.000000000000000000e+00
1745 1745 -1.000000000000000000e+00
1745 1746 1.000000000000000000e+00
1745 1761 1.000000000000000000e+00
1745 1873 1.000000000000000000e+00
1745 2769 1.000000000000000000e+00
1745 3792 1.000000000000000000e+00
1746 1490 1.000000000000000000e+00
1746 1714 1.000000000000000000e+00
1746 1738 1.000000000000000000e+00
1746 1745 1.000000000000000000e+00
1746 1746 -1.000000000000000000e+00
1746 1748 1.000000000000000000e+00
1746 1762 1.000000000000000000e+00
1746 1874 1.000000000000000000e+00
1746 2770 1.000000000000000000e+00
1747 1491 1.000000000000000000e+00
1747 1715 1.000000000000000000e+00
1747 1739 1.000000000000000000e+00
1747 1747 -1.000000000000000000e+00
1747 1749 1.000000000000000000e+00
1747 1763 1.000000000000000000e+00
1747 1875 1.000000000000000000e+00
1747 2771 1.000000000000000000e+00
1747 3794 1.000000000000000000e+00
1748 1492 1.000000000000000000e+00
1748 1716 1.000000000000000000e+00
1748 1740 1.000000000000000000e+00
1748 1746 1.000000000000000000e+00
1748 1748 -1.000000000000000000e+00
1748 1752 1.000000000000000000e+00
1748 1764 1.000000000000000000e+00
1748 1876 1.000000000000000000e+00
1748 2772 1.000000000000000000e+00
1749 1493 1.000000000000000000e+00
1749 1717 1.000000000000000000e+00
1749 1741 1.000000000000000000e+00
1749 1747 1.000000000000000000e+00
1749 1749 -2.000000000000000000e+00
1749 1750 1.000000000000000000e+00
1749 1753 1.000000000000000000e+00
1749 1765 1.000000000000000000e+00
1749 1877 1.000000000000000000e+00
1749 2773 1.000000000000000000e+00
1749 3796 1.000000000000000000e+00
1750 1494 1.000000000000000000e+00
1750 1718 1.000000000000000000e+00
1750 1742 1.000000000000000000e+00
1750 1749 1.000000000000000000e+00
1750 1750 -1.000000000000000000e+00
1750 1754 1.000000000000000000e+00
1750 1766 1.000000000000000000e+00
1750 1878 1.000000000000000000e+00
1750 2774 1.000000000000000000e+00
1751 1495 1.000000000000000000e+00
1751 1719 1.000000000000000000e+00
1751 1743 1.000000000000000000e+00
1751 1751 -1.000000000000000000e+00
1751 1755 1.000000000000000000e+00
1751 1767 1.000000000000000000e+00
1751 1879 1.000000000000000000e+00
1751 2775 1.000000000000000000e+00
1751 3798 1.000000000000000000e+00
1752 1496 1.000000000000000000e+00
1752 1720 1.000000000000000000e+00
1752 1748 1.000000000000000000e+00
1752 1768 1.000000000000000000e+00
1752 1880 1.000000000000000000e+00
1752 2776 1.000000000000000000e+00
1753 1497 1.000000000000000000e+00
1753 1721 1.000000000000000000e+00
1753 1749 1.000000000000000000e+00
1753 1753 -1.000000000000000000e+00
1753 1754 1.000000000000000000e+00
1753 1769 1.000000000000000000e+00
1753 1881 1.000000000000000000e+00
1753 2777 1.000000000000000000e+00
1753 3800 1.000000000000000000e+00
1754 1498 1.000000000000000000e+00
1754 1722 1.000000000000000000e+00
1754 1750 1.000000000000000000e+00
1754 1753 1.000000000000000000e+00
1754 1754 -1.000000000000000000e+00
1754 1756 1.000000000000000000e+00
1754 1770 1.000000000000000000e+00
1754 1882 1.000000000000000000e+00
1754 2778 1.000000000000000000e+00
1755 1499 1.000000000000000000e+00
1755 1723 1.000000000000000000e+00
1755 1751 1.000000000000000000e+00
1755 1755 -1.000000000000000000e+00
1755 1757 1.000000000000000000e+00
1755 1771 1.000000000000000000e+00
1755 1883 1.000000000000000000e+00
1755 2779 1.000000000000000000e+00
1755 3802 1.000000000000000000e+00
1756 1500 1.000000000000000000e+00
1756 1724 1.000000000000000000e+00
1756 1754 1.000000000000000000e+00
1756 1772 1.000000000000000000e+00
1756 1884 1.000000000000000000e+00
1756 2780 1.000000000000000000e+00
1757 1501 1.000000000000000000e+00
1757 1725 1.000000000000000000e+00
1757 1755 1.000000000000000000e+00
1757 1757 -1.000000000000000000e+00
1757 1758 1.000000000000000000e+00
1757 1773 1.000000000000000000e+00
1757 1885 1.000000000000000000e+00
1757 2781 1.000000000000000000e+00
1757 3804 1.000000000000000000e+00
1758 1502 1.000000000000000000e+00
1758 1726 1.000000000000000000e+00
1758 1757 1.000000000000000000e+00
1758 1774 1.000000000000000000e+00
1758 1886 1.000000000000000000e+00
1758 2782 1.000000000000000000e+00
1759 1503 1.000000000000000000e+00
1759 1727 1.000000000000000000e+00
1759 1775 1.000000000000000000e+00
1759 1887 1.000000000000000000e+00
1759 2783 1.000000000000000000e+00
1759 3806 1.000000000000000000e+00
1760 1504 1.000000000000000000e+00
1760 1744 1.000000000000000000e+00
1760 1760 1.000000000000000000e+00
1760 1888 1.000000000000000000e+00
1760 2784 1.000000000000000000e+00
1761 1505 1.000000000000000000e+00
1761 1745 1.000000000000000000e+00
1761 1762 1.000000000000000000e+00
1761 1889 1.000000000000000000e+00
1761 2785 1.000000000000000000e+00
1761 3808 1.000000000000000000e+00
1762 1506 1.000000000000000000e+00
1762 1746 1.000000000000000000e+00
1762 1761 1.000000000000000000e+00
1762 1764 1.000000000000000000e+00
1762 1890 1.000000000000000000e+00
1762 2786 1.000000000000000000e+00
1763 1507 1.000000000000000000e+00
1763 1747 1.000000000000000000e+00
1763 1765 1.000000000000000000e+00
1763 1891 1.000000000000000000e+00
1763 2787 1.000000000000000000e+00
1763 3810 1.000000000000000000e+00
1764 1508 1.000000000000000000e+00
1764 1748 1.000000000000000000e+00
1764 1762 1.000000000000000000e+00
1764 1768 1.000000000000000000e+00
1764 1892 1.000000000000000000e+00
1764 2788 1.000000000000000000e+00
1765 1509 1.000000000000000000e+00
1765 1749 1.000000000000000000e+00
1765 1763 1.000000000000000000e+00
1765 1765 -1.000000000000000000e+00
1765 1766 1.000000000000000000e+00
1765 1769 1.000000000000000000e+00
1765 1893 1.000000000000000000e+00
1765 2789 1.000000000000000000e+00
1765 3812 1.000000000000000000e+00
1766 1510 1.000000000000000000e+00
1766 1750 1.000000000000000000e+00
1766 1765 1.000000000000000000e+00
1766 1770 1.000000000000000000e+00
1766 1894 1.000000000000000000e+00
1766 2790 1.000000000000000000e+00
1767 1511 1.000000000000000000e+00
1767 1751 1.000000000000000000e+00
1767 1771 1.000000000000000000e+00
1767 1895 1.000000000000000000e+00
1767 2791 1.000000000000000000e+00
1767 3814 1.000000000000000000e+00
1768 1512 1.000000000000000000e+00
1768 1752 1.000000000000000000e+00
1768 1764 1.000000000000000000e+00
1768 1776 1.000000000000000000e+00
1768 1896 1.000000000000000000e+00
1768 2792 1.000000000000000000e+00
1769 1513 1.000000000000000000e+00
1769 1753 1.000000000000000000e+00
1769 1765 1.000000000000000000e+00
1769 1769 -1.000000000000000000e+00
1769 1770 1.000000000000000000e+00
1769 1777 1.000000000000000000e+00
1769 1897 1.000000000000000000e+00
1769 2793 1.000000000000000000e+00
1769 3816 1.000000000000000000e+00
1770 1514 1.000000000000000000e+00
1770 1754 1.000000000000000000e+00
1770 1766 1.000000000000000000e+00
1770 1769 1.000000000000000000e+00
1770 1770 -1.000000000000000000e+00
1770 1772 1.000000000000000000e+00
1770 1778 1.000000000000000000e+00
1770 1898 1.000000000000000000e+00
1770 2794 1.000000000000000000e+00
1771 1515 1.000000000000000000e+00
1771 1755 1.000000000000000000e+00
1771 1767 1.000000000000000000e+00
1771 1771 -1.000000000000000000e+00
1771 1773 1.000000000000000000e+00
1771 1779 1.000000000000000000e+00
1771 1899 1.000000000000000000e+00
1771 2795 1.000000000000000000e+00
1771 3818 1.000000000000000000e+00
1772 1516 1.000000000000000000e+00
1772 1756 1.000000000000000000e+00
1772 1770 1.000000000000000000e+00
1772 1780 1.000000000000000000e+00
1772 1900 1.000000000000000000e+00
1772 2796 1.000000000000000000e+00
1773 1517 1.000000000000000000e+00
1773 1757 1.000000000000000000e+00
1773 1771 1.000000000000000000e+00
1773 1773 -1.000000000000000000e+00
1773 1774 1.000000000000000000e+00
1773 1781 1.000000000000000000e+00
1773 1901 1.000000000000000000e+00
1773 2797 1.000000000000000000e+00
1773 3820 1.000000000000000000e+00
1774 1518 1.000000000000000000e+00
1774 1758 1.000000000000000000e+00
1774 1773 1.000000000000000000e+00
1774 1782 1.000000000000000000e+00
1774 1902 1.000000000000000000e+00
1774 2798 1.000000000000000000e+00
1775 1519 1.000000000000000000e+00
1775 1759 1.000000000000000000e+00
1775 1783 1.000000000000000000e+00
1775 1903 1.000000000000000000e+00
1775 2799 1.000000000000000000e+00
1775 3822 1.000000000000000000e+00
1776 1520 1.000000000000000000e+00
1776 1768 1.000000000000000000e+00
1776 1776 1.000000000000000000e+00
1776 1904 1.000000000000000000e+00
1776 2800 1.000000000000000000e+00
1777 1521 1.000000000000000000e+00
1777 1769 1.000000000000000000e+00
1777 1778 1.000000000000000000e+00
1777 1905 1.000000000000000000e+00
1777 2801 1.000000000000000000e+00
1777 3824 1.000000000000000000e+00
1778 1522 1.000000000000000000e+00
1778 1770 1.000000000000000000e+00
1778 1777 1.000000000000000000e+00
1778 1780 1.000000000000000000e+00
1778 1906 1.000000000000000000e+00
1778 2802 1.000000000000000000e+00
1779 1523 1.000000000000000000e+00
1779 1771 1.000000000000000000e+00
1779 1781 1.000000000000000000e+00
1779 1907 1.000000000000000000e+00
1779 2803 1.000000000000000000e+00
1779 3826 1.000000000000000000e+00
1780 1524 1.000000000000000000e+00
1780 1772 1.000000000000000000e+00
1780 1778 1.000000000000000000e+00
1780 1784 1.000000000000000000e+00
1780 1908 1.000000000000000000e+00
1780 2804 1.000000000000000000e+00
1781 1525 1.000000000000000000e+00
1781 1773 1.000000000000000000e+00
1781 1779 1.000000000000000000e+00
1781 1781 -1.000000000000000000e+00
1781 1782 1.000000000000000000e+00
1781 1785 1.000000000000000000e+00
1781 1909 1.000000000000000000e+00
1781 2805 1.000000000000000000e+00
1781 3828 1.000000000000000000e+00
1782 1526 1.000000000000000000e+00
1782 1774 1.000000000000000000e+00
1782 1781 1.000000000000000000e+00
1782 1786 1.000000000000000000e+00
1782 1910 1.000000000000000000e+00
1782 2806 1.000000000000000000e+00
1783 1527 1.000000000000000000e+00
1783 1775 1.000000000000000000e+00
1783 1787 1.000000000000000000e+00
1783 1911 1.000000000000000000e+00
1783 2807 1.000000000000000000e+00
1783 3830 1.000000000000000000e+00
1784 1528 1.000000000000000000e+00
1784 1780 1.000000000000000000e+00
1784 1784 1.000000000000000000e+00
1784 1912 1.000000000000000000e+00
1784 2808 1.000000000000000000e+00
1785 1529 1.000000000000000000e+00
1785 1781 1.000000000000000000e+00
1785 1786 1.000000000000000000e+00
1785 1913 1.000000000000000000e+00
1785 2809 1.000000000000000000e+00
1785 3832 1.000000000000000000e+00
1786 1530 1.000000000000000000e+00
1786 1782 1.000000000000000000e+00
1786 1785 1.000000000000000000e+00
1786 1788 1.000000000000000000e+00
1786 1914 1.000000000000000000e+00
1786 2810 1.000000000000000000e+00
1787 1531 1.000000000000000000e+00
1787 1783 1.000000000000000000e+00
1787 1789 1.000000000000000000e+00
1787 1915 1.000000000000000000e+00
1787 2811 1.000000000000000000e+00
1787 3834 1.000000000000000000e+00
1788 1532 1.000000000000000000e+00
1788 1786 1.000000000000000000e+00
1788 1788 1.000000000000000000e+00
1788 1916 1.000000000000000000e+00
1788 2812 1.000000000000000000e+00
1789 1533 1.000000000000000000e+00
1789 1787 1.000000000000000000e+00
1789 1790 1.000000000000000000e+00
1789 1917 1.000000000000000000e+00
1789 2813 1.000000000000000000e+00
1789 3836 1.000000000000000000e+00
1790 1534 1.000000000000000000e+00
1790 1789 1.000000000000000000e+00
1790 1790 1.000000000000000000e+00
1790 1918 1.000000000000000000e+00
1790 2814 1.000000000000000000e+00
1791 1535 1.000000000000000000e+00
1791 1791 1.000000000000000000e+00
1791 1919 1.000000000000000000e+00
1791 2815 1.000000000000000000e+00
1791 3838 1.000000000000000000e+00
1792 1664 1.000000000000000000e+00
1792 1792 2.000000000000000000e+00
1792 2816 1.000000000000000000e+00
1793 1665 1.000000000000000000e+00
1793 1793 1.000000000000000000e+00
1793 1794 1.000000000000000000e+00
1793 2817 1.000000000000000000e+00
1793 3840 1.000000000000000000e+00
1794 1666 1.000000000000000000e+00
1794 1793 1.000000000000000000e+00
1794 1794 1.000000000000000000e+00
1794 1796 1.000000000000000000e+00
1794 2818 1.000000000000000000e+00
1795 1667 1.000000000000000000e+00
1795 1795 1.000000000000000000e+00
1795 1797 1.000000000000000000e+00
1795 2819 1.000000000000000000e+00
1795 3842 1.000000000000000000e+00
1796 1668 1.000000000000000000e+00
1796 1794 1.000000000000000000e+00
1796 1796 1.000000000000000000e+00
1796 1800 1.000000000000000000e+00
1796 2820 1.000000000000000000e+00
1797 1669 1.000000000000000000e+00
1797 1795 1.000000000000000000e+00
1797 1798 1.000000000000000000e+00
1797 1801 1.000000000000000000e+00
1797 2821 1.000000000000000000e+00
1797 3844 1.000000000000000000e+00
1798 1670 1.000000000000000000e+00
1798 1797 1.000000000000000000e+00
1798 1798 1.000000000000000000e+00
1798 1802 1.000000000000000000e+00
1798 2822 1.000000000000000000e+00
1799 1671 1.000000000000000000e+00
1799 1799 1.000000000000000000e+00
1799 1803 1.000000000000000000e+00
1799 2823 1.000000000000000000e+00
1799 3846 1.000000000000000000e+00
1800 1672 1.000000000000000000e+00
1800 1796 1.000000000000000000e+00
1800 1800 1.000000000000000000e+00
1800 1808 1.000000000000000000e+00
1800 2824 1.000000000000000000e+00
1801 1673 1.000000000000000000e+00
1801 1797 1.000000000000000000e+00
1801 1802 1.000000000000000000e+00
1801 1809 1.000000000000000000e+00
1801 2825 1.000000000000000000e+00
1801 3848 1.000000000000000000e+00
1802 1674 1.000000000000000000e+00
1802 1798 1.000000000000000000e+00
1802 1801 1.000000000000000000e+00
1802 1804 1.000000000000000000e+00
1802 1810 1.000000000000000000e+00
1802 2826 1.000000000000000000e+00
1803 1675 1.000000000000000000e+00
1803 1799 1.000000000000000000e+00
1803 1805 1.000000000000000000e+00
1803 1811 1.000000000000000000e+00
1803 2827 1.000000000000000000e+00
1803 3850 1.000000000000000000e+00
1804 1676 1.000000000000000000e+00
1804 1802 1.000000000000000000e+00
1804 1804 1.000000000000000000e+00
1804 1812 1.000000000000000000e+00
1804 2828 1.000000000000000000e+00
1805 1677 1.000000000000000000e+00
1805 1803 1.000000000000000000e+00
1805 1806 1.000000000000000000e+00
1805 1813 1.000000000000000000e+00
1805 2829 1.000000000000000000e+00
1805 3852 1.000000000000000000e+00
1806 1678 1.000000000000000000e+00
1806 1805 1.000000000000000000e+00
1806 1806 1.000000000000000000e+00
1806 1814 1.000000000000000000e+00
1806 2830 1.000000000000000000e+00
1807 1679 1.000000000000000000e+00
1807 1807 1.000000000000000000e+00
1807 1815 1.000000000000000000e+00
1807 2831 1.000000000000000000e+00
1807 3854 1.000000000000000000e+00
1808 1680 1.000000000000000000e+00
1808 1800 1.000000000000000000e+00
1808 1808 1.000000000000000000e+00
1808 1824 1.000000000000000000e+00
1808 2832 1.000000000000000000e+00
1809 1681 1.000000000000000000e+00
1809 1801 1.000000000000000000e+00
1809 1810 1.000000000000000000e+00
1809 1825 1.000000000000000000e+00
1809 2833 1.000000000000000000e+00
1809 3856 1.000000000000000000e+00
1810 1682 1.000000000000000000e+00
1810 1802 1.000000000000000000e+00
1810 1809 1.000000000000000000e+00
1810 1812 1.000000000000000000e+00
1810 1826 1.000000000000000000e+00
1810 2834 1.000000000000000000e+00
1811 1683 1.000000000000000000e+00
1811 1803 1.000000000000000000e+00
1811 1813 1.000000000000000000e+00
1811 1827 1.000000000000000000e+00
1811 2835 1.000000000000000000e+00
1811 3858 1.000000000000000000e+00
1812 1684 1.000000000000000000e+00
1812 1804 1.000000000000000000e+00
1812 1810 1.000000000000000000e+00
1812 1816 1.000000000000000000e+00
1812 1828 1.000000000000000000e+00
1812 2836 1.000000000000000000e+00
1813 1685 1.000000000000000000e+00
1813 1805 1.000000000000000000e+00
1813 1811 1.000000000000000000e+00
1813 1813 -1.000000000000000000e+00
1813 1814 1.000000000000000000e+00
1813 1817 1.000000000000000000e+00
1813 1829 1.000000000000000000e+00
1813 2837 1.000000000000000000e+00
1813 3860 1.000000000000000000e+00
1814 1686 1.000000000000000000e+00
1814 1806 1.000000000000000000e+00
1814 1813 1.000000000000000000e+00
1814 1818 1.000000000000000000e+00
1814 1830 1.000000000000000000e+00
1814 2838 1.000000000000000000e+00
1815 1687 1.000000000000000000e+00
1815 1807 1.000000000000000000e+00
1815 1819 1.000000000000000000e+00
1815 1831 1.000000000000000000e+00
1815 2839 1.000000000000000000e+00
1815 3862 1.000000000000000000e+00
1816 1688 1.000000000000000000e+00
1816 1812 1.000000000000000000e+00
1816 1816 1.000000000000000000e+00
1816 1832 1.000000000000000000e+00
1816 2840 1.000000000000000000e+00
1817 1689 1.000000000000000000e+00
1817 1813 1.000000000000000000e+00
1817 1818 1.000000000000000000e+00
1817 1833 1.000000000000000000e+00
1817 2841 1.000000000000000000e+00
1817 3864 1.000000000000000000e+00
1818 1690 1.000000000000000000e+00
1818 1814 1.000000000000000000e+00
1818 1817 1.000000000000000000e+00
1818 1820 1.000000000000000000e+00
1818 1834 1.000000000000000000e+00
1818 2842 1.000000000000000000e+00
1819 1691 1.000000000000000000e+00
1819 1815 1.000000000000000000e+00
1819 1821 1.000000000000000000e+00
1819 1835 1.000000000000000000e+00
1819 2843 1.000000000000000000e+00
1819 3866 1.000000000000000000e+00
1820 1692 1.000000000000000000e+00
1820 1818 1.000000000000000000e+00
1820 1820 1.000000000000000000e+00
1820 1836 1.000000000000000000e+00
1820 2844 1.000000000000000000e+00
1821 1693 1.000000000000000000e+00
1821 1819 1.000000000000000000e+00
1821 1822 1.000000000000000000e+00
1821 1837 1.000000000000000000e+00
1821 2845 1.000000000000000000e+00
1821 3868 1.000000000000000000e+00
1822 1694 1.000000000000000000e+00
1822 1821 1.000000000000000000e+00
1822 1822 1.000000000000000000e+00
1822 1838 1.000000000000000000e+00
1822 2846 1.000000000000000000e+00
1823 1695 1.000000000000000000e+00
1823 1823 1.000000000000000000e+00
1823 1839 1.000000000000000000e+00
1823 2847 1.000000000000000000e+00
1823 3870 1.000000000000000000e+00
1824 1696 1.000000000000000000e+00
1824 1808 1.000000000000000000e+00
1824 1824 1.000000000000000000e+00
1824 1856 1.000000000000000000e+00
1824 2848 1.000000000000000000e+00
1825 1697 1.000000000000000000e+00
1825 1809 1.000000000000000000e+00
1825 1826 1.000000000000000000e+00
1825 1857 1.000000000000000000e+00
1825 2849 1.000000000000000000e+00
1825 3872 1.000000000000000000e+00
1826 1698 1.000000000000000000e+00
1826 1810 1.000000000000000000e+00
1826 1825 1.000000000000000000e+00
1826 1828 1.000000000000000000e+00
1826 1858 1.000000000000000000e+00
1826 2850 1.000000000000000000e+00
1827 1699 1.000000000000000000e+00
1827 1811 1.000000000000000000e+00
1827 1829 1.000000000000000000e+00
1827 1859 1.000000000000000000e+00
1827 2851 1.000000000000000000e+00
1827 3874 1.000000000000000000e+00
1828 1700 1.000000000000000000e+00
1828 1812 1.000000000000000000e+00
1828 1826 1.000000000000000000e+00
1828 1832 1.000000000000000000e+00
1828 1860 1.000000000000000000e+00
1828 2852 1.000000000000000000e+00
1829 1701 1.000000000000000000e+00
1829 1813 1.000000000000000000e+00
1829 1827 1.000000000000000000e+00
1829 1829 -1.000000000000000000e+00
1829 1830 1.000000000000000000e+00
1829 1833 1.000000000000000000e+00
1829 1861 1.000000000000000000e+00
1829 2853 1.000000000000000000e+00
1829 3876 1.000000000000000000e+00
1830 1702 1.000000000000000000e+00
1830 1814 1.000000000000000000e+00
1830 1829 1.000000000000000000e+00
1830 1834 1.000000000000000000e+00
1830 1862 1.000000000000000000e+00
1830 2854 1.000000000000000000e+00
1831 1703 1.000000000000000000e+00
1831 1815 1.000000000000000000e+00
1831 1835 1.000000000000000000e+00
1831 1863 1.000000000000000000e+00
1831 2855 1.000000000000000000e+00
1831 3878 1.000000000000000000e+00
1832 1704 1.000000000000000000e+00
1832 1816 1.000000000000000000e+00
1832 1828 1.000000000000000000e+00
1832 1840 1.000000000000000000e+00
1832 1864 1.000000000000000000e+00
1832 2856 1.000000000000000000e+00
1833 1705 1.000000000000000000e+00
1833 1817 1.000000000000000000e+00
1833 1829 1.000000000000000000e+00
1833 1833 -1.000000000000000000e+00
1833 1834 1.000000000000000000e+00
1833 1841 1.000000000000000000e+00
1833 1865 1.000000000000000000e+00
1833 2857 1.000000000000000000e+00
1833 3880 1.000000000000000000e+00
1834 1706 1.000000000000000000e+00
1834 1818 1.000000000000000000e+00
1834 1830 1.000000000000000000e+00
1834 1833 1.000000000000000000e+00
1834 1834 -1.000000000000000000e+00
1834 1836 1.000000000000000000e+00
1834 1842 1.000000000000000000e+00
1834 1866 1.000000000000000000e+00
1834 2858 1.000000000000000000e+00
1835 1707 1.000000000000000000e+00
1835 1819 1.000000000000000000e+00
1835 1831 1.000000000000000000e+00
1835 1835 -1.000000000000000000e+00
1835 1837 1.000000000000000000e+00
1835 1843 1.000000000000000000e+00
1835 1867 1.000000000000000000e+00
1835 2859 1.000000000000000000e+00
1835 3882 1.000000000000000000e+00
1836 1708 1.000000000000000000e+00
1836 1820 1.000000000000000000e+00
1836 1834 1.000000000000000000e+00
1836 1844 1.000000000000000000e+00
1836 1868 1.000000000000000000e+00
1836 2860 1.000000000000000000e+00
1837 1709 1.000000000000000000e+00
1837 1821 1.000000000000000000e+00
1837 1835 1.000000000000000000e+00
1837 1837 -1.000000000000000000e+00
1837 1838 1.000000000000000000e+00
1837 1845 1.000000000000000000e+00
1837 1869 1.000000000000000000e+00
1837 2861 1.000000000000000000e+00
1837 3884 1.000000000000000000e+00
1838 1710 1.000000000000000000e+00
1838 1822 1.000000000000000000e+00
1838 1837 1.000000000000000000e+00
1838 1846 1.000000000000000000e+00
1838 1870 1.000000000000000000e+00
1838 2862 1.000000000000000000e+00
1839 1711 1.000000000000000000e+00
1839 1823 1.000000000000000000e+00
1839 1847 1.000000000000000000e+00
1839 1871 1.000000000000000000e+00
1839 2863 1.000000000000000000e+00
1839 3886 1.000000000000000000e+00
1840 1712 1.000000000000000000e+00
1840 1832 1.000000000000000000e+00
1840 1840 1.000000000000000000e+00
1840 1872 1.000000000000000000e+00
1840 2864 1.000000000000000000e+00
1841 1713 1.000000000000000000e+00
1841 1833 1.000000000000000000e+00
1841 1842 1.000000000000000000e+00
1841 1873 1.000000000000000000e+00
1841 2865 1.000000000000000000e+00
1841 3888 1.000000000000000000e+00
1842 1714 1.000000000000000000e+00
1842 1834 1.000000000000000000e+00
1842 1841 1.000000000000000000e+00
1842 1844 1.000000000000000000e+00
1842 1874 1.000000000000000000e+00
1842 2866 1.000000000000000000e+00
1843 1715 1.000000000000000000e+00
1843 1835 1.000000000000000000e+00
1843 1845 1.000000000000000000e+00
1843 1875 1.000000000000000000e+00
1843 2867 1.000000000000000000e+00
1843 3890 1.000000000000000000e+00
1844 1716 1.000000000000000000e+00
1844 1836 1.000000000000000000e+00
1844 1842 1.000000000000000000e+00
1844 1848 1.000000000000000000e+00
1844 1876 1.000000000000000000e+00
1844 2868 1.000000000000000000e+00
1845 1717 1.000000000000000000e+00
1845 1837 1.000000000000000000e+00
1845 1843 1.000000000000000000e+00
1845 1845 -1.000000000000000000e+00
1845 1846 1.000000000000000000e+00
1845 1849 1.000000000000000000e+00
1845 1877 1.000000000000000000e+00
1845 2869 1.000000000000000000e+00
1845 3892 1.000000000000000000e+00
1846 1718 1.000000000000000000e+00
1846 1838 1.000000000000000000e+00
1846 1845 1.000000000000000000e+00
1846 1850 1.000000000000000000e+00
1846 1878 1.000000000000000000e+00
1846 2870 1.000000000000000000e+00
1847 1719 1.000000000000000000e+00
1847 1839 1.000000000000000000e+00
1847 1851 1.000000000000000000e+00
1847 1879 1.000000000000000000e+00
1847 2871 1.000000000000000000e+00
1847 3894 1.000000000000000000e+00
1848 1720 1.000000000000000000e+00
1848 1844 1.000000000000000000e+00
1848 1848 1.000000000000000000e+00
1848 1880 1.000000000000000000e+00
1848 2872 1.000000000000000000e+00
1849 1721 1.000000000000000000e+00
1849 1845 1.000000000000000000e+00
1849 1850 1.000000000000000000e+00
1849 1881 1.000000000000000000e+00
1849 2873 1.000000000000000000e+00
1849 3896 1.000000000000000000e+00
1850 1722 1.000000000000000000e+00
1850 1846 1.000000000000000000e+00
1850 1849 1.000000000000000000e+00
1850 1852 1.000000000000000000e+00
1850 1882 1.000000000000000000e+00
1850 2874 1.000000000000000000e+00
1851 1723 1.000000000000000000e+00
1851 1847 1.000000000000000000e+00
1851 1853 1.000000000000000000e+00
1851 1883 1.000000000000000000e+00
1851 2875 1.000000000000000000e+00
1851 3898 1.000000000000000000e+00
1852 1724 1.000000000000000000e+00
1852 1850 1.000000000000000000e+00
1852 1852 1.000000000000000000e+00
1852 1884 1.000000000000000000e+00
1852 2876 1.000000000000000000e+00
1853 1725 1.000000000000000000e+00
1853 1851 1.000000000000000000e+00
1853 1854 1.000000000000000000e+00
1853 1885 1.000000000000000000e+00
1853 2877 1.000000000000000000e+00
1853 3900 1.000000000000000000e+00
1854 1726 1.000000000000000000e+00
1854 1853 1.000000000000000000e+00
1854 1854 1.000000000000000000e+00
1854 1886 1.000000000000000000e+00
1854 2878 1.000000000000000000e+00
1855 1727 1.000000000000000000e+00
1855 1855 1.000000000000000000e+00
1855 1887 1.000000000000000000e+00
1855 2879 1.000000000000000000e+00
1855 3902 1.000000000000000000e+00
1856 1728 1.000000000000000000e+00
1856 1824 1.000000000000000000e+00
1856 1856 1.000000000000000000e+00
1856 1920 1.000000000000000000e+00
1856 2880 1.000000000000000000e+00
1857 1729 1.000000000000000000e+00
1857 1825 1.000000000000000000e+00
1857 1858 1.000000000000000000e+00
1857 1921 1.000000000000000000e+00
1857 2881 1.000000000000000000e+00
1857 3904 1.000000000000000000e+00
1858 1730 1.000000000000000000e+00
1858 1826 1.000000000000000000e+00
1858 1857 1.000000000000000000e+00
1858 1860 1.000000000000000000e+00
1858 1922 1.000000000000000000e+00
1858 2882 1.000000000000000000e+00
1859 1731 1.000000000000000000e+00
1859 1827 1.000000000000000000e+00
1859 1861 1.000000000000000000e+00
1859 1923 1.000000000000000000e+00
1859 2883 1.000000000000000000e+00
1859 3906 1.000000000000000000e+00
1860 1732 1.000000000000000000e+00
1860 1828 1.000000000000000000e+00
1860 1858 1.000000000000000000e+00
1860 1864 1.000000000000000000e+00
1860 1924 1.000000000000000000e+00
1860 2884 1.000000000000000000e+00
1861 1733 1.000000000000000000e+00
1861 1829 1.000000000000000000e+00
1861 1859 1.000000000000000000e+00
1861 1861 -1.000000000000000000e+00
1861 1862 1.000000000000000000e+00
1861 1865 1.000000000000000000e+00
1861 1925 1.000000000000000000e+00
1861 2885 1.000000000000000000e+00
1861 3908 1.000000000000000000e+00
1862 1734 1.000000000000000000e+00
1862 1830 1.000000000000000000e+00
1862 1861 1.000000000000000000e+00
1862 1866 1.000000000000000000e+00
1862 1926 1.000000000000000000e+00
1862 2886 1.000000000000000000e+00
1863 1735 1.000000000000000000e+00
1863 1831 1.000000000000000000e+00
1863 1867 1.000000000000000000e+00
1863 1927 1.000000000000000000e+00
1863 2887 1.000000000000000000e+00
1863 3910 1.000000000000000000e+00
1864 1736 1.000000000000000000e+00
1864 1832 1.000000000000000000e+00
1864 1860 1.000000000000000000e+00
1864 1872 1.000000000000000000e+00
1864 1928 1.000000000000000000e+00
1864 2888 1.000000000000000000e+00
1865 1737 1.000000000000000000e+00
1865 1833 1.000000000000000000e+00
1865 1861 1.000000000000000000e+00
1865 1865 -1.000000000000000000e+00
1865 1866 1.000000000000000000e+00
1865 1873 1.000000000000000000e+00
1865 1929 1.000000000000000000e+00
1865 2889 1.000000000000000000e+00
1865 3912 1.000000000000000000e+00
1866 1738 1.000000000000000000e+00
1866 1834 1.000000000000000000e+00
1866 1862 1.000000000000000000e+00
1866 1865 1.000000000000000000e+00
1866 1866 -1.000000000000000000e+00
1866 1868 1.000000000000000000e+00
1866 1874 1.000000000000000000e+00
1866 1930 1.000000000000000000e+00
1866 2890 1.000000000000000000e+00
1867 1739 1.000000000000000000e+00
1867 1835 1.000000000000000000e+00
1867 1863 1.000000000000000000e+00
1867 1867 -1.000000000000000000e+00
1867 1869 1.000000000000000000e+00
1867 1875 1.000000000000000000e+00
1867 1931 1.000000000000000000e+00
1867 2891 1.000000000000000000e+00
1867 3914 1.000000000000000000e+00
1868 1740 1.000000000000000000e+00
1868 1836 1.000000000000000000e+00
1868 1866 1.000000000000000000e+00
1868 1876 1.000000000000000000e+00
1868 1932 1.000000000000000000e+00
1868 2892 1.000000000000000000e+00
1869 1741 1.000000000000000000e+00
1869 1837 1.000000000000000000e+00
1869 1867 1.000000000000000000e+00
1869 1869 -1.000000000000000000e+00
1869 1870 1.000000000000000000e+00
1869 1877 1.000000000000000000e+00
1869 1933 1.000000000000000000e+00
1869 2893 1.000000000000000000e+00
1869 3916 1.000000000000000000e+00
1870 1742 1.000000000000000000e+00
1870 1838 1.000000000000000000e+00
1870 1869 1.000000000000000000e+00
1870 1878 1.000000000000000000e+00
1870 1934 1.000000000000000000e+00
1870 2894 1.000000000000000000e+00
1871 1743 1.000000000000000000e+00
1871 1839 1.000000000000000000e+00
1871 1879 1.000000000000000000e+00
1871 1935 1.000000000000000000e+00
1871 2895 1.000000000000000000e+00
1871 3918 1.000000000000000000e+00
1872 1744 1.000000000000000000e+00
1872 1840 1.000000000000000000e+00
1872 1864 1.000000000000000000e+00
1872 1888 1.000000000000000000e+00
1872 1936 1.000000000000000000e+00
1872 2896 1.000000000000000000e+00
1873 1745 1.000000000000000000e+00
1873 1841 1.000000000000000000e+00
1873 1865 1.000000000000000000e+00
1873 1873 -1.000000000000000000e+00
1873 1874 1.000000000000000000e+00
1873 1889 1.000000000000000000e+00
1873 1937 1.000000000000000000e+00
1873 2897 1.000000000000000000e+00
1873 3920 1.000000000000000000e+00
1874 1746 1.000000000000000000e+00
1874 1842 1.000000000000000000e+00
1874 1866 1.000000000000000000e+00
1874 1873 1.000000000000000000e+00
1874 1874 -1.000000000000000000e+00
1874 1876 1.000000000000000000e+00
1874 1890 1.000000000000000000e+00
1874 1938 1.000000000000000000e+00
1874 2898 1.000000000000000000e+00
1875 1747 1.000000000000000000e+00
1875 1843 1.000000000000000000e+00
1875 1867 1.000000000000000000e+00
1875 1875 -1.000000000000000000e+00
1875 1877 1.000000000000000000e+00
1875 1891 1.000000000000000000e+00
1875 1939 1.000000000000000000e+00
1875 2899 1.000000000000000000e+00
1875 3922 1.000000000000000000e+00
1876 1748 1.000000000000000000e+00
1876 1844 1.000000000000000000e+00
1876 1868 1.000000000000000000e+00
1876 1874 1.000000000000000000e+00
1876 1876 -1.000000000000000000e+00
1876 1880 1.000000000000000000e+00
1876 1892 1.000000000000000000e+00
1876 1940 1.000000000000000000e+00
1876 2900 1.000000000000000000e+00
1877 1749 1.000000000000000000e+00
1877 1845 1.000000000000000000e+00
1877 1869 1.000000000000000000e+00
1877 1875 1.000000000000000000e+00
1877 1877 -2.000000000000000000e+00
1877 1878 1.000000000000000000e+00
1877 1881 1.000000000000000000e+00
1877 1893 1.000000000000000000e+00
1877 1941 1.000000000000000000e+00
1877 2901 1.000000000000000000e+00
1877 3924 1.000000000000000000e+00
1878 1750 1.000000000000000000e+00
1878 1846 1.000000000000000000e+00
1878 1870 1.000000000000000000e+00
1878 1877 1.000000000000000000e+00
1878 1878 -1.000000000000000000e+00
1878 1882 1.000000000000000000e+00
1878 1894 1.000000000000000000e+00
1878 1942 1.000000000000000000e+00
1878 2902 1.000000000000000000e+00
1879 1751 1.000000000000000000e+00
1879 1847 1.000000000000000000e+00
1879 1871 1.000000000000000000e+00
1879 1879 -1.000000000000000000e+00
1879 1883 1.000000000000000000e+00
1879 1895 1.000000000000000000e+00
1879 1943 1.000000000000000000e+00
1879 2903 1.000000000000000000e+00
1879 3926 1.000000000000000000e+00
1880 1752 1.000000000000000000e+00
1880 1848 1.000000000000000000e+00
1880 1876 1.000000000000000000e+00
1880 1896 1.000000000000000000e+00
1880 1944 1.000000000000000000e+00
1880 2904 1.000000000000000000e+00
1881 1753 1.000000000000000000e+00
1881 1849 1.000000000000000000e+00
1881 1877 1.000000000000000000e+00
1881 1881 -1.000000000000000000e+00
1881 1882 1.000000000000000000e+00
1881 1897 1.000000000000000000e+00
1881 1945 1.000000000000000000e+00
1881 2905 1.000000000000000000e+00
1881 3928 1.000000000000000000e+00
1882 1754 1.000000000000000000e+00
1882 1850 1.000000000000000000e+00
1882 1878 1.000000000000000000e+00
1882 1881 1.000000000000000000e+00
1882 1882 -1.000000000000000000e+00
1882 1884 1.000000000000000000e+00
1882 1898 1.000000000000000000e+00
1882 1946 1.000000000000000000e+00
1882 2906 1.000000000000000000e+00
1883 1755 1.000000000000000000e+00
1883 1851 1.000000000000000000e+00
1883 1879 1.000000000000000000e+00
1883 1883 -1.000000000000000000e+00
1883 1885 1.000000000000000000e+00
1883 1899 1.000000000000000000e+00
1883 1947 1.000000000000000000e+00
1883 2907 1.000000000000000000e+00
1883 3930 1.000000000000000000e+00
1884 1756 1.000000000000000000e+00
1884 1852 1.000000000000000000e+00
1884 1882 1.000000000000000000e+00
1884 1900 1.000000000000000000e+00
1884 1948 1.000000000000000000e+00
1884 2908 1.000000000000000000e+00
1885 1757 1.000000000000000000e+00
1885 1853 1.000000000000000000e+00
1885 1883 1.000000000000000000e+00
1885 1885 -1.000000000000000000e+00
1885 1886 1.000000000000000000e+00
1885 1901 1.000000000000000000e+00
1885 1949 1.000000000000000000e+00
1885 2909 1.000000000000000000e+00
1885 3932 1.000000000000000000e+00
1886 1758 1.000000000000000000e+00
1886 1854 1.000000000000000000e+00
1886 1885 1.000000000000000000e+00
1886 1902 1.000000000000000000e+00
1886 1950 1.000000000000000000e+00
1886 2910 1.000000000000000000e+00
1887 1759 1.000000000000000000e+00
1887 1855 1.000000000000000000e+00
1887 1903 1.000000000000000000e+00
1887 1951 1.000000000000000000e+00
1887 2911 1.000000000000000000e+00
1887 3934 1.000000000000000000e+00
1888 1760 1.000000000000000000e+00
1888 1872 1.000000000000000000e+00
1888 1888 1.000000000000000000e+00
1888 1952 1.000000000000000000e+00
1888 2912 1.000000000000000000e+00
1889 1761 1.000000000000000000e+00
1889 1873 1.000000000000000000e+00
1889 1890 1.000000000000000000e+00
1889 1953 1.000000000000000000e+00
1889 2913 1.000000000000000000e+00
1889 3936 1.000000000000000000e+00
1890 1762 1.000000000000000000e+00
1890 1874 1.000000000000000000e+00
1890 1889 1.000000000000000000e+00
1890 1892 1.000000000000000000e+00
1890 1954 1.000000000000000000e+00
1890 2914 1.000000000000000000e+00
1891 1763 1.000000000000000000e+00
1891 1875 1.000000000000000000e+00
1891 1893 1.000000000000000000e+00
1891 1955 1.000000000000000000e+00
1891 2915 1.000000000000000000e+00
1891 3938 1.000000000000000000e+00
1892 1764 1.000000000000000000e+00
1892 1876 1.000000000000000000e+00
1892 1890 1.000000000000000000e+00
1892 1896 1.000000000000000000e+00
1892 1956 1.000000000000000000e+00
1892 2916 1.000000000000000000e+00
1893 1765 1.000000000000000000e+00
1893 1877 1.000000000000000000e+00
1893 1891 1.000000000000000000e+00
1893 1893 -1.000000000000000000e+00
1893 1894 1.000000000000000000e+00
1893 1897 1.000000000000000000e+00
1893 1957 1.000000000000000000e+00
1893 2917 1.000000000000000000e+00
1893 3940 1.000000000000000000e+00
1894 1766 1.000000000000000000e+00
1894 1878 1.000000000000000000e+00
1894 1893 1.000000000000000000e+00
1894 1898 1.000000000000000000e+00
1894 1958 1.000000000000000000e+00
1894 2918 1.000000000000000000e+00
1895 1767 1.000000000000000000e+00
1895 1879 1.000000000000000000e+00
1895 1899 1.000000000000000000e+00
1895 1959 1.000000000000000000e+00
1895 2919 1.000000000000000000e+00
1895 3942 1.000000000000000000e+00
1896 1768 1.000000000000000000e+00
1896 1880 1.000000000000000000e+00
1896 1892 1.000000000000000000e+00
1896 1904 1.000000000000000000e+00
1896 1960 1.000000000000000000e+00
1896 2920 1.000000000000000000e+00
1897 1769 1.000000000000000000e+00
1897 1881 1.000000000000000000e+00
1897 1893 1.000000000000000000e+00
1897 1897 -1.000000000000000000e+00
1897 1898 1.000000000000000000e+00
1897 1905 1.000000000000000000e+00
1897 1961 1.000000000000000000e+00
1897 2921 1.000000000000000000e+00
1897 3944 1.000000000000000000e+00
1898 1770 1.000000000000000000e+00
1898 1882 1.000000000000000000e+00
1898 1894 1.000000000000000000e+00
1898 1897 1.000000000000000000e+00
1898 1898 -1.000000000000000000e+00
1898 1900 1.000000000000000000e+00
1898 1906 1.000000000000000000e+00
1898 1962 1.000000000000000000e+00
1898 2922 1.000000000000000000e+00
1899 1771 1.000000000000000000e+00
1899 1883 1.000000000000000000e+00
1899 1895 1.000000000000000000e+00
1899 1899 -1.000000000000000000e+00
1899 1901 1.000000000000000000e+00
1899 1907 1.000000000000000000e+00
1899 1963 1.000000000000000000e+00
1899 2923 1.000000000000000000e+00
1899 3946 1.000000000000000000e+00
1900 1772 1.000000000000000000e+00
1900 1884 1.000000000000000000e+00
1900 1898 1.000000000000000000e+00
1900 1908 1.000000000000000000e+00
1900 1964 1.000000000000000000e+00
1900 2924 1.000000000000000000e+00
1901 1773 1.000000000000000000e+00
1901 1885 1.000000000000000000e+00
1901 1899 1.000000000000000000e+00
1901 1901 -1.000000000000000000e+00
1901 1902 1.000000000000000000e+00
1901 1909 1.000000000000000000e+00
1901 1965 1.000000000000000000e+00
1901 2925 1.000000000000000000e+00
1901 3948 1.000000000000000000e+00
1902 1774 1.000000000000000000e+00
1902 1886 1.000000000000000000e+00
1902 1901 1.000000000000000000e+00
1902 1910 1.000000000000000000e+00
1902 1966 1.000000000000000000e+00
1902 2926 1.000000000000000000e+00
1903 1775 1.000000000000000000e+00
1903 1887 1.000000000000000000e+00
1903 1911 1.000000000000000000e+00
1903 1967 1.000000000000000000e+00
1903 2927 1.000000000000000000e+00
1903 3950 1.000000000000000000e+00
1904 1776 1.000000000000000000e+00
1904 1896 1.000000000000000000e+00
1904 1904 1.000000000000000000e+00
1904 1968 1.000000000000000000e+00
1904 2928 1.000000000000000000e+00
1905 1777 1.000000000000000000e+00
1905 1897 1.000000000000000000e+00
1905 1906 1.000000000000000000e+00
1905 1969 1.000000000000000000e+00
1905 2929 1.000000000000000000e+00
1905 3952 1.000000000000000000e+00
1906 1778 1.000000000000000000e+00
1906 1898 1.000000000000000000e+00
1906 1905 1.000000000000000000e+00
1906 1908 1.000000000000000000e+00
1906 1970 1.000000000000000000e+00
1906 2930 1.000000000000000000e+00
1907 1779 1.000000000000000000e+00
1907 1899 1.000000000000000000e+00
1907 1909 1.000000000000000000e+00
1907 1971 1.000000000000000000e+00
1907 2931 1.000000000000000000e+00
1907 3954 1.000000000000000000e+00
1908 1780 1.000000000000000000e+00
1908 1900 1.000000000000000000e+00
1908 1906 1.000000000000000000e+00
1908 1912 1.000000000000000000e+00
1908 1972 1.000000000000000000e+00
1908 2932 1.000000000000000000e+00
1909 1781 1.000000000000000000e+00
1909 1901 1.000000000000000000e+00
1909 1907 1.000000000000000000e+00
1909 1909 -1.000000000000000000e+00
1909 1910 1.000000000000000000e+00
1909 1913 1.000000000000000000e+00
1909 1973 1.000000000000000000e+00
1909 2933 1.000000000000000000e+00
1909 3956 1.000000000000000000e+00
1910 1782 1.000000000000000000e+00
1910 1902 1.000000000000000000e+00
1910 1909 1.000000000000000000e+00
1910 1914 1.000000000000000000e+00
1910 1974 1.000000000000000000e+00
1910 2934 1.000000000000000000e+00
1911 1783 1.000000000000000000e+00
1911 1903 1.000000000000000000e+00
1911 1915 1.000000000000000000e+00
1911 1975 1.000000000000000000e+00
1911 2935 1.000000000000000000e+00
1911 3958 1.000000000000000000e+00
1912 1784 1.000000000000000000e+00
1912 1908 1.000000000000000000e+00
1912 1912 1.000000000000000000e+00
1912 1976 1.000000000000000000e+00
1912 2936 1.000000000000000000e+00
1913 1785 1.000000000000000000e+00
1913 1909 1.000000000000000000e+00
1913 1914 1.000000000000000000e+00
1913 1977 1.000000000000000000e+00
1913 2937 1.000000000000000000e+00
1913 3960 1.000000000000000000e+00
1914 1786 1.000000000000000000e+00
1914 1910 1.000000000000000000e+00
1914 1913 1.000000000000000000e+00
1914 1916 1.000000000000000000e+00
1914 1978 1.000000000000000000e+00
1914 2938 1.000000000000000000e+00
1915 1787 1.000000000000000000e+00
1915 1911 1.000000000000000000e+00
1915 1917 1.000000000000000000e+00
1915 1979 1.000000000000000000e+00
1915 2939 1.000000000000000000e+00
1915 3962 1.000000000000000000e+00
1916 1788 1.000000000000000000e+00
1916 1914 1.000000000000000000e+00
1916 1916 1.000000000000000000e+00
1916 1980 1.000000000000000000e+00
1916 2940 1.000000000000000000e+00
1917 1789 1.000000000000000000e+00
1917 1915 1.000000000000000000e+00
1917 1918 1.000000000000000000e+00
1917 1981 1.000000000000000000e+00
1917 2941 1.000000000000000000e+00
1917 3964 1.000000000000000000e+00
1918 1790 1.000000000000000000e+00
1918 1917 1.000000000000000000e+00
1918 1918 1.000000000000000000e+00
1918 1982 1.000000000000000000e+00
1918 2942 1.000000000000000000e+00
1919 1791 1.000000000000000000e+00
1919 1919 1.000000000000000000e+00
1919 1983 1.000000000000000000e+00
1919 2943 1.000000000000000000e+00
1919 3966 1.000000000000000000e+00
1920 1856 1.000000000000000000e+00
1920 1920 2.000000000000000000e+00
1920 2944 1.000000000000000000e+00
1921 1857 1.000000000000000000e+00
1921 1921 1.000000000000000000e+00
1921 1922 1.000000000000000000e+00
1921 2945 1.000000000000000000e+00
1921 3968 1.000000000000000000e+00
1922 1858 1.000000000000000000e+00
1922 1921 1.000000000000000000e+00
1922 1922 1.000000000000000000e+00
1922 1924 1.000000000000000000e+00
1922 2946 1.000000000000000000e+00
1923 1859 1.000000000000000000e+00
1923 1923 1.000000000000000000e+00
1923 1925 1.000000000000000000e+00
1923 2947 1.000000000000000000e+00
1923 3970 1.000000000000000000e+00
1924 1860 1.000000000000000000e+00
1924 1922 1.000000000000000000e+00
1924 1924 1.000000000000000000e+00
1924 1928 1.000000000000000000e+00
1924 2948 1.000000000000000000e+00
1925 1861 1.000000000000000000e+00
1925 1923 1.000000000000000000e+00
1925 1926 1.000000000000000000e+00
1925 1929 1.000000000000000000e+00
1925 2949 1.000000000000000000e+00
1925 3972 1.000000000000000000e+00
1926 1862 1.000000000000000000e+00
1926 1925 1.000000000000000000e+00
1926 1926 1.000000000000000000e+00
1926 1930 1.000000000000000000e+00
1926 2950 1.000000000000000000e+00
1927 1863 1.000000000000000000e+00
1927 1927 1.000000000000000000e+00
1927 1931 1.000000000000000000e+00
1927 2951 1.000000000000000000e+00
1927 3974 1.000000000000000000e+00
1928 1864 1.000000000000000000e+00
1928 1924 1.000000000000000000e+00
1928 1928 1.000000000000000000e+00
1928 1936 1.000000000000000000e+00
1928 2952 1.000000000000000000e+00
1929 1865 1.000000000000000000e+00
1929 1925 1.000000000000000000e+00
1929 1930 1.000000000000000000e+00
1929 1937 1.000000000000000000e+00
1929 2953 1.000000000000000000e+00
1929 3976 1.000000000000000000e+00
1930 1866 1.000000000000000000e+00
1930 1926 1.000000000000000000e+00
1930 1929 1.000000000000000000e+00
1930 1932 1.000000000000000000e+00
1930 1938 1.000000000000000000e+00
1930 2954 1.000000000000000000e+00
1931 1867 1.000000000000000000e+00
1931 1927 1.000000000000000000e+00
1931 1933 1.000000000000000000e+00
1931 1939 1.000000000000000000e+00
1931 2955 1.000000000000000000e+00
1931 3978 1.000000000000000000e+00
1932 1868 1.000000000000000000e+00
1932 1930 1.000000000000000000e+00
1932 1932 1.000000000000000000e+00
1932 1940 1.000000000000000000e+00
1932 2956 1.000000000000000000e+00
1933 1869 1.000000000000000000e+00
1933 1931 1.000000000000000000e+00
1933 1934 1.000000000000000000e+00
1933 1941 1.000000000000000000e+00
1933 2957 1.000000000000000000e+00
1933 3980 1.000000000000000000e+00
1934 1870 1.000000000000000000e+00
1934 1933 1.000000000000000000e+00
1934 1934 1.000000000000000000e+00
1934 1942 1.000000000000000000e+00
1934 2958 1.000000000000000000e+00
1935 1871 1.000000000000000000e+00
1935 1935 1.000000000000000000e+00
1935 1943 1.000000000000000000e+00
1935 2959 1.000000000000000000e+00
1935 3982 1.000000000000000000e+00
1936 1872 1.000000000000000000e+00
1936 1928 1.000000000000000000e+00
1936 1936 1.000000000000000000e+00
1936 1952 1.000000000000000000e+00
1936 2960 1.000000000000000000e+00
1937 1873 1.000000000000000000e+00
1937 1929 1.000000000000000000e+00
1937 1938 1.000000000000000000e+00
1937 1953 1.000000000000000000e+00
1937 2961 1.000000000000000000e+00
1937 3984 1.000000000000000000e+00
1938 1874 1.000000000000000000e+00
1938 1930 1.000000000000000000e+00
1938 1937 1.000000000000000000e+00
1938 1940 1.000000000000000000e+00
1938 1954 1.000000000000000000e+00
1938 2962 1.000000000000000000e+00
1939 1875 1.000000000000000000e+00
1939 1931 1.000000000000000000e+00
1939 1941 1.000000000000000000e+00
1939 1955 1.000000000000000000e+00
1939 2963 1.000000000000000000e+00
1939 3986 1.000000000000000000e+00
1940 1876 1.000000000000000000e+00
1940 1932 1.000000000000000000e+00
1940 1938 1.000000000000000000e+00
1940 1944 1.000000000000000000e+00
1940 1956 1.000000000000000000e+00
1940 2964 1.000000000000000000e+00
1941 1877 1.000000000000000000e+00
1941 1933 1.000000000000000000e+00
1941 1939 1.000000000000000000e+00
1941 1941 -1.000000000000000000e+00
1941 1942 1.000000000000000000e+00
1941 1945 1.000000000000000000e+00
1941 1957 1.000000000000000000e+00
1941 2965 1.000000000000000000e+00
1941 3988 1.000000000000000000e+00
1942 1878 1.000000000000000000e+00
1942 1934 1.000000000000000000e+00
1942 1941 1.000000000000000000e+00
1942 1946 1.000000000000000000e+00
1942 1958 1.000000000000000000e+00
1942 2966 1.000000000000000000e+00
1943 1879 1.000000000000000000e+00
1943 1935 1.000000000000000000e+00
1943 1947 1.000000000000000000e+00
1943 1959 1.000000000000000000e+00
1943 2967 1.000000000000000000e+00
1943 3990 1.000000000000000000e+00
1944 1880 1.000000000000000000e+00
1944 1940 1.000000000000000000e+00
1944 1944 1.000000000000000000e+00
1944 1960 1.000000000000000000e+00
1944 2968 1.000000000000000000e+00
1945 1881 1.000000000000000000e+00
1945 1941 1.000000000000000000e+00
1945 1946 1.000000000000000000e+00
1945 1961 1.000000000000000000e+00
1945 2969 1.000000000000000000e+00
1945 3992 1.000000000000000000e+00
1946 1882 1.000000000000000000e+00
1946 1942 1.000000000000000000e+00
1946 1945 1.000000000000000000e+00
1946 1948 1.000000000000000000e+00
1946 1962 1.000000000000000000e+00
1946 2970 1.000000000000000000e+00
1947 1883 1.000000000000000000e+00
1947 1943 1.000000000000000000e+00
1947 1949 1.000000000000000000e+00
1947 1963 1.000000000000000000e+00
1947 2971 1.000000000000000000e+00
1947 3994 1.000000000000000000e+00
1948 1884 1.000000000000000000e+00
1948 1946 1.000000000000000000e+00
1948 1948 1.000000000000000000e+00
1948 1964 1.000000000000000000e+00
1948 2972 1.000000000000000000e+00
1949 1885 1.000000000000000000e+00
1949 1947 1.000000000000000000e+00
1949 1950 1.000000000000000000e+00
1949 1965 1.000000000000000000e+00
1949 2973 1.000000000000000000e+00
1949 3996 1.000000000000000000e+00
1950 1886 1.000000000000000000e+00
1950 1949 1.000000000000000000e+00
1950 1950 1.000000000000000000e+00
1950 1966 1.000000000000000000e+00
1950 2974 1.000000000000000000e+00
1951 1887 1.000000000000000000e+00
1951 1951 1.000000000000000000e+00
1951 1967 1.000000000000000000e+00
1951 2975 1.000000000000000000e+00
1951 3998 1.000000000000000000e+00
1952 1888 1.000000000000000000e+00
1952 1936 1.000000000000000000e+00
1952 1952 1.000000000000000000e+00
1952 1984 1.000000000000000000e+00
1952 2976 1.000000000000000000e+00
1953 1889 1.000000000000000000e+00
1953 1937 1.000000000000000000e+00
1953 1954 1.000000000000000000e+00
1953 1985 1.000000000000000000e+00
1953 2977 1.000000000000000000e+00
1953 4000 1.000000000000000000e+00
1954 1890 1.000000000000000000e+00
1954 1938 1.000000000000000000e+00
1954 1953 1.000000000000000000e+00
1954 1956 1.000000000000000000e+00
1954 1986 1.000000000000000000e+00
1954 2978 1.000000000000000000e+00
1955 1891 1.000000000000000000e+00
1955 1939 1.000000000000000000e+00
1955 1957 1.000000000000000000e+00
1955 1987 1.000000000000000000e+00
1955 2979 1.000000000000000000e+00
1955 4002 1.000000000000000000e+00
1956 1892 1.000000000000000000e+00
1956 1940 1.000000000000000000e+00
1956 1954 1.000000000000000000e+00
1956 1960 1.000000000000000000e+00
1956 1988 1.000000000000000000e+00
1956 2980 1.000000000000000000e+00
1957 1893 1.000000000000000000e+00
1957 1941 1.000000000000000000e+00
1957 1955 1.000000000000000000e+00
1957 1957 -1.000000000000000000e+00
1957 1958 1.000000000000000000e+00
1957 1961 1.000000000000000000e+00
1957 1989 1.000000000000000000e+00
1957 2981 1.000000000000000000e+00
1957 4004 1.000000000000000000e+00
1958 1894 1.000000000000000000e+00
1958 1942 1.000000000000000000e+00
1958 1957 1.000000000000000000e+00
1958 1962 1.000000000000000000e+00
1958 1990 1.000000000000000000e+00
1958 2982 1.000000000000000000e+00
1959 1895 1.000000000000000000e+00
1959 1943 1.000000000000000000e+00
1959 1963 1.000000000000000000e+00
1959 1991 1.000000000000000000e+00
1959 2983 1.000000000000000000e+00
1959 4006 1.000000000000000000e+00
1960 1896 1.000000000000000000e+00
1960 1944 1.000000000000000000e+00
1960 1956 1.000000000000000000e+00
1960 1968 1.000000000000000000e+00
1960 1992 1.000000000000000000e+00
1960 2984 1.000000000000000000e+00
1961 1897 1.000000000000000000e+00
1961 1945 1.000000000000000000e+00
1961 1957 1.000000000000000000e+00
1961 1961 -1.000000000000000000e+00
1961 1962 1.000000000000000000e+00
1961 1969 1.000000000000000000e+00
1961 1993 1.000000000000000000e+00
1961 2985 1.000000000000000000e+00
1961 4008 1.000000000000000000e+00
1962 1898 1.000000000000000000e+00
1962 1946 1.000000000000000000e+00
1962 1958 1.000000000000000000e+00
1962 1961 1.000000000000000000e+00
1962 1962 -1.000000000000000000e+00
1962 1964 1.000000000000000000e+00
1962 1970 1.000000000000000000e+00
1962 1994 1.000000000000000000e+00
1962 2986 1.000000000000000000e+00
1963 1899 1.000000000000000000e+00
1963 1947 1.000000000000000000e+00
1963 1959 1.000000000000000000e+00
1963 1963 -1.000000000000000000e+00
1963 1965 1.000000000000000000e+00
1963 1971 1.000000000000000000e+00
1963 1995 1.000000000000000000e+00
1963 2987 1.000000000000000000e+00
1963 4010 1.000000000000000000e+00
1964 1900 1.000000000000000000e+00
1964 1948 1.000000000000000000e+00
1964 1962 1.000000000000000000e+00
1964 1972 1.000000000000000000e+00
1964 1996 1.000000000000000000e+00
1964 2988 1.000000000000000000e+00
1965 1901 1.000000000000000000e+00
1965 1949 1.000000000000000000e+00
1965 1963 1.000000000000000000e+00
1965 1965 -1.000000000000000000e+00
1965 1966 1.000000000000000000e+00
1965 1973 1.000000000000000000e+00
1965 1997 1.000000000000000000e+00
1965 2989 1.000000000000000000e+00
1965 4012 1.000000000000000000e+00
1966 1902 1.000000000000000000e+00
1966 1950 1.000000000000000000e+00
1966 1965 1.000000000000000000e+00
1966 1974 1.000000000000000000e+00
1966 1998 1.000000000000000000e+00
1966 2990 1.000000000000000000e+00
1967 1903 1.000000000000000000e+00
1967 1951 1.000000000000000000e+00
1967 1975 1.000000000000000000e+00
1967 1999 1.000000000000000000e+00
1967 2991 1.000000000000000000e+00
1967 4014 1.000000000000000000e+00
1968 1904 1.000000000000000000e+00
1968 1960 1.000000000000000000e+00
1968 1968 1.000000000000000000e+00
1968 2000 1.000000000000000000e+00
1968 2992 1.000000000000000000e+00
1969 1905 1.000000000000000000e+00
1969 1961 1.000000000000000000e+00
1969 1970 1.000000000000000000e+00
1969 2001 1.000000000000000000e+00
1969 2993 1.000000000000000000e+00
1969 4016 1.000000000000000000e+00
1970 1906 1.000000000000000000e+00
1970 1962 1.000000000000000000e+00
1970 1969 1.000000000000000000e+00
1970 1972 1.000000000000000000e+00
1970 2002 1.000000000000000000e+00
1970 2994 1.000000000000000000e+00
1971 1907 1.000000000000000000e+00
1971 1963 1.000000000000000000e+00
1971 1973 1.000000000000000000e+00
1971 2003 1.000000000000000000e+00
1971 2995 1.000000000000000000e+00
1971 4018 1.000000000000000000e+00
1972 1908 1.000000000000000000e+00
1972 1964 1.000000000000000000e+00
1972 1970 1.000000000000000000e+00
1972 1976 1.000000000000000000e+00
1972 2004 1.000000000000000000e+00
1972 2996 1.000000000000000000e+00
1973 1909 1.000000000000000000e+00
1973 1965 1.000000000000000000e+00
1973 1971 1.000000000000000000e+00
1973 1973 -1.000000000000000000e+00
1973 1974 1.000000000000000000e+00
1973 1977 1.000000000000000000e+00
1973 2005 1.000000000000000000e+00
1973 2997 1.000000000000000000e+00
1973 4020 1.000000000000000000e+00
1974 1910 1.000000000000000000e+00
1974 1966 1.000000000000000000e+00
1974 1973 1.000000000000000000e+00
1974 1978 1.000000000000000000e+00
1974 2006 1.000000000000000000e+00
1974 2998 1.000000000000000000e+00
1975 1911 1.000000000000000000e+00
1975 1967 1.000000000000000000e+00
1975 1979 1.000000000000000000e+00
1975 2007 1.000000000000000000e+00
1975 2999 1.000000000000000000e+00
1975 4022 1.000000000000000000e+00
1976 1912 1.000000000000000000e+00
1976 1972 1.000000000000000000e+00
1976 1976 1.000000000000000000e+00
1976 2008 1.000000000000000000e+00
1976 3000 1.000000000000000000e+00
1977 1913 1.000000000000000000e+00
1977 1973 1.000000000000000000e+00
1977 1978 1.000000000000000000e+00
1977 2009 1.000000000000000000e+00
1977 3001 1.000000000000000000e+00
1977 4024 1.000000000000000000e+00
1978 1914 1.000000000000000000e+00
1978 1974 1.000000000000000000e+00
1978 1977 1.000000000000000000e+00
1978 1980 1.000000000000000000e+00
1978 2010 1.000000000000000000e+00
1978 3002 1.000000000000000000e+00
1979 1915 1.000000000000000000e+00
1979 1975 1.000000000000000000e+00
1979 1981 1.000000000000000000e+00
1979 2011 1.000000000000000000e+00
1979 3003 1.000000000000000000e+00
1979 4026 1.000000000000000000e+00
1980 1916 1.000000000000000000e+00
1980 1978 1.000000000000000000e+00
1980 1980 1.000000000000000000e+00
1980 2012 1.000000000000000000e+00
1980 3004 1.000000000000000000e+00
1981 1917 1.000000000000000000e+00
1981 1979 1.000000000000000000e+00
1981 1982 1.000000000000000000e+00
1981 2013 1.000000000000000000e+00
1981 3005 1.000000000000000000e+00
1981 4028 1.000000000000000000e+00
1982 1918 1.000000000000000000e+00
1982 1981 1.000000000000000000e+00
1982 1982 1.000000000000000000e+00
1982 2014 1.000000000000000000e+00
1982 3006 1.000000000000000000e+00
1983 1919 1.000000000000000000e+00
1983 1983 1.000000000000000000e+00
1983 2015 1.000000000000000000e+00
1983 3007 1.000000000000000000e+00
1983 4030 1.000000000000000000e+00
1984 1952 1.000000000000000000e+00
1984 1984 2.000000000000000000e+00
1984 3008 1.000000000000000000e+00
1985 1953 1.000000000000000000e+00
1985 1985 1.000000000000000000e+00
1985 1986 1.000000000000000000e+00
1985 3009 1.000000000000000000e+00
1985 4032 1.000000000000000000e+00
1986 1954 1.000000000000000000e+00
1986 1985 1.000000000000000000e+00
1986 1986 1.000000000000000000e+00
1986 1988 1.000000000000000000e+00
1986 3010 1.000000000000000000e+00
1987 1955 1.000000000000000000e+00
1987 1987 1.000000000000000000e+00
1987 1989 1.000000000000000000e+00
1987 3011 1.000000000000000000e+00
1987 4034 1.000000000000000000e+00
1988 1956 1.000000000000000000e+00
1988 1986 1.000000000000000000e+00
1988 1988 1.000000000000000000e+00
1988 1992 1.000000000000000000e+00
1988 3012 1.000000000000000000e+00
1989 1957 1.000000000000000000e+00
1989 1987 1.000000000000000000e+00
1989 1990 1.000000000000000000e+00
1989 1993 1.000000000000000000e+00
1989 3013 1.000000000000000000e+00
1989 4036 1.000000000000000000e+00
1990 1958 1.000000000000000000e+00
1990 1989 1.000000000000000000e+00
1990 1990 1.000000000000000000e+00
1990 1994 1.000000000000000000e+00
1990 3014 1.000000000000000000e+00
1991 1959 1.000000000000000000e+00
1991 1991 1.000000000000000000e+00
1991 1995 1.000000000000000000e+00
1991 3015 1.000000000000000000e+00
1991 4038 1.000000000000000000e+00
1992 1960 1.000000000000000000e+00
1992 1988 1.000000000000000000e+00
1992 1992 1.000000000000000000e+00
1992 2000 1.000000000000000000e+00
1992 3016 1.000000000000000000e+00
1993 1961 1.000000000000000000e+00
1993 1989 1.000000000000000000e+00
1993 1994 1.000000000000000000e+00
1993 2001 1.000000000000000000e+00
1993 3017 1.000000000000000000e+00
1993 4040 1.000000000000000000e+00
1994 1962 1.000000000000000000e+00
1994 1990 1.000000000000000000e+00
1994 1993 1.000000000000000000e+00
1994 1996 1.000000000000000000e+00
1994 2002 1.000000000000000000e+00
1994 3018 1.000000000000000000e+00
1995 1963 1.000000000000000000e+00
1995 1991 1.000000000000000000e+00
1995 1997 1.000000000000000000e+00
1995 2003 1.000000000000000000e+00
1995 3019 1.000000000000000000e+00
1995 4042 1.000000000000000000e+00
1996 1964 1.000000000000000000e+00
1996 1994 1.000000000000000000e+00
1996 1996 1.000000000000000000e+00
1996 2004 1.000000000000000000e+00
1996 3020 1.000000000000000000e+00
1997 1965 1.000000000000000000e+00
1997 1995 1.000000000000000000e+00
1997 1998 1.000000000000000000e+00
1997 2005 1.000000000000000000e+00
1997 3021 1.000000000000000000e+00
1997 4044 1.000000000000000000e+00
1998 1966 1.000000000000000000e+00
1998 1997 1.000000000000000000e+00
1998 1998 1.000000000000000000e+00
1998 2006 1.000000000000000000e+00
1998 3022 1.000000000000000000e+00
1999 1967 1.000000000000000000e+00
1999 1999 1.000000000000000000e+00
1999 2007 1.000000000000000000e+00
1999 3023 1.000000000000000000e+00
1999 4046 1.000000000000000000e+00
2000 1968 1.000000000000000000e+00
2000 1992 1.000000000000000000e+00
2000 2000 1.000000000000000000e+00
2000 2016 1.000000000000000000e+00
2000 3024 1.000000000000000000e+00
2001 1969 1.000000000000000000e+00
2001 1993 1.000000000000000000e+00
2001 2002 1.000000000000000000e+00
2001 2017 1.000000000000000000e+00
2001 3025 1.000000000000000000e+00
2001 4048 1.000000000000000000e+00
2002 1970 1.000000000000000000e+00
2002 1994 1.000000000000000000e+00
2002 2001 1.000000000000000000e+00
2002 2004 1.000000000000000000e+00
2002 2018 1.000000000000000000e+00
2002 3026 1.000000000000000000e+00
2003 1971 1.000000000000000000e+00
2003 1995 1.000000000000000000e+00
2003 2005 1.000000000000000000e+00
2003 2019 1.000000000000000000e+00
2003 3027 1.000000000000000000e+00
2003 4050 1.000000000000000000e+00
2004 1972 1.000000000000000000e+00
2004 1996 1.000000000000000000e+00
2004 2002 1.000000000000000000e+00
2004 2008 1.000000000000000000e+00
2004 2020 1.000000000000000000e+00
2004 3028 1.000000000000000000e+00
2005 1973 1.000000000000000000e+00
2005 1997 1.000000000000000000e+00
2005 2003 1.000000000000000000e+00
2005 2005 -1.000000000000000000e+00
2005 2006 1.000000000000000000e+00
2005 2009 1.000000000000000000e+00
2005 2021 1.000000000000000000e+00
2005 3029 1.000000000000000000e+00
2005 4052 1.000000000000000000e+00
2006 1974 1.000000000000000000e+00
2006 1998 1.000000000000000000e+00
2006 2005 1.000000000000000000e+00
2006 2010 1.000000000000000000e+00
2006 2022 1.000000000000000000e+00
2006 3030 1.000000000000000000e+00
2007 1975 1.000000000000000000e+00
2007 1999 1.000000000000000000e+00
2007 2011 1.000000000000000000e+00
2007 2023 1.000000000000000000e+00
2007 3031 1.000000000000000000e+00
2007 4054 1.000000000000000000e+00
2008 1976 1.000000000000000000e+00
2008 2004 1.000000000000000000e+00
2008 2008 1.000000000000000000e+00
2008 2024 1.000000000000000000e+00
2008 3032 1.000000000000000000e+00
2009 1977 1.000000000000000000e+00
2009 2005 1.000000000000000000e+00
2009 2010 1.000000000000000000e+00
2009 2025 1.000000000000000000e+00
2009 3033 1.000000000000000000e+00
2009 4056 1.000000000000000000e+00
2010 1978 1.000000000000000000e+00
2010 2006 1.000000000000000000e+00
2010 2009 1.000000000000000000e+00
2010 2012 1.000000000000000000e+00
2010 2026 1.000000000000000000e+00
2010 3034 1.000000000000000000e+00
2011 1979 1.000000000000000000e+00
2011 2007 1.000000000000000000e+00
2011 2013 1.000000000000000000e+00
2011 2027 1.000000000000000000e+00
2011 3035 1.000000000000000000e+00
2011 4058 1.000000000000000000e+00
2012 1980 1.000000000000000000e+00
2012 2010 1.000000000000000000e+00
2012 2012 1.000000000000000000e+00
2012 2028 1.000000000000000000e+00
2012 3036 1.000000000000000000e+00
2013 1981 1.000000000000000000e+00
2013 2011 1.000000000000000000e+00
2013 2014 1.000000000000000000e+00
2013 2029 1.000000000000000000e+00
2013 3037 1.000000000000000000e+00
2013 4060 1.000000000000000000e+00
2014 1982 1.000000000000000000e+00
2014 2013 1.000000000000000000e+00
2014 2014 1.000000000000000000e+00
2014 2030 1.000000000000000000e+00
2014 3038 1.000000000000000000e+00
2015 1983 1.000000000000000000e+00
2015 2015 1.000000000000000000e+00
2015 2031 1.000000000000000000e+00
2015 3039 1.000000000000000000e+00
2015 4062 1.000000000000000000e+00
2016 2000 1.000000000000000000e+00
2016 2016 2.000000000000000000e+00
2016 3040 1.000000000000000000e+00
2017 2001 1.000000000000000000e+00
2017 2017 1.000000000000000000e+00
2017 2018 1.000000000000000000e+00
2017 3041 1.000000000000000000e+00
2017 4064 1.000000000000000000e+00
2018 2002 1.000000000000000000e+00
2018 2017 1.000000000000000000e+00
2018 2018 1.000000000000000000e+00
2018 2020 1.000000000000000000e+00
2018 3042 1.000000000000000000e+00
2019 2003 1.000000000000000000e+00
2019 2019 1.000000000000000000e+00
2019 2021 1.000000000000000000e+00
2019 3043 1.000000000000000000e+00
2019 4066 1.000000000000000000e+00
2020 2004 1.000000000000000000e+00
2020 2018 1.000000000000000000e+00
2020 2020 1.000000000000000000e+00
2020 2024 1.000000000000000000e+00
2020 3044 1.000000000000000000e+00
2021 2005 1.000000000000000000e+00
2021 2019 1.000000000000000000e+00
2021 2022 1.000000000000000000e+00
2021 2025 1.000000000000000000e+00
2021 3045 1.000000000000000000e+00
2021 4068 1.000000000000000000e+00
2022 2006 1.000000000000000000e+00
2022 2021 1.000000000000000000e+00
2022 2022 1.000000000000000000e+00
2022 2026 1.000000000000000000e+00
2022 3046 1.000000000000000000e+00
2023 2007 1.000000000000000000e+00
2023 2023 1.000000000000000000e+00
2023 2027 1.000000000000000000e+00
2023 3047 1.000000000000000000e+00
2023 4070 1.000000000000000000e+00
2024 2008 1.000000000000000000e+00
2024 2020 1.000000000000000000e+00
2024 2024 1.000000000000000000e+00
2024 2032 1.000000000000000000e+00
2024 3048 1.000000000000000000e+00
2025 2009 1.000000000000000000e+00
2025 2021 1.000000000000000000e+00
2025 2026 1.000000000000000000e+00
2025 2033 1.000000000000000000e+00
2025 3049 1.000000000000000000e+00
2025 4072 1.000000000000000000e+00
2026 2010 1.000000000000000000e+00
2026 2022 1.000000000000000000e+00
2026 2025 1.000000000000000000e+00
2026 2028 1.000000000000000000e+00
2026 2034 1.000000000000000000e+00
2026 3050 1.000000000000000000e+00
2027 2011 1.000000000000000000e+00
2027 2023 1.000000000000000000e+00
2027 2029 1.000000000000000000e+00
2027 2035 1.000000000000000000e+00
2027 3051 1.000000000000000000e+00
2027 4074 1.000000000000000000e+00
2028 2012 1.000000000000000000e+00
2028 2026 1.000000000000000000e+00
2028 2028 1.000000000000000000e+00
2028 2036 1.000000000000000000e+00
2028 3052 1.000000000000000000e+00
2029 2013 1.000000000000000000e+00
2029 2027 1.000000000000000000e+00
2029 2030 1.000000000000000000e+00
2029 2037 1.000000000000000000e+00
2029 3053 1.000000000000000000e+00
2029 4076 1.000000000000000000e+00
2030 2014 1.000000000000000000e+00
2030 2029 1.000000000000000000e+00
2030 2030 1.000000000000000000e+00
2030 2038 1.000000000000000000e+00
2030 3054 1.000000000000000000e+00
2031 2015 1.000000000000000000e+00
2031 2031 1.000000000000000000e+00
2031 2039 1.000000000000000000e+00
2031 3055 1.000000000000000000e+00
2031 4078 1.000000000000000000e+00
2032 2024 1.000000000000000000e+00
2032 2032 2.000000000000000000e+00
2032 3056 1.000000000000000000e+00
2033 2025 1.000000000000000000e+00
2033 2033 1.000000000000000000e+00
2033 2034 1.000000000000000000e+00
2033 3057 1.000000000000000000e+00
2033 4080 1.000000000000000000e+00
2034 2026 1.000000000000000000e+00
2034 2033 1.000000000000000000e+00
2034 2034 1.000000000000000000e+00
2034 2036 1.000000000000000000e+00
2034 3058 1.000000000000000000e+00
2035 2027 1.000000000000000000e+00
2035 2035 1.000000000000000000e+00
2035 2037 1.000000000000000000e+00
2035 3059 1.000000000000000000e+00
2035 4082 1.000000000000000000e+00
2036 2028 1.000000000000000000e+00
2036 2034 1.000000000000000000e+00
2036 2036 1.000000000000000000e+00
2036 2040 1.000000000000000000e+00
2036 3060 1.000000000000000000e+00
2037 2029 1.000000000000000000e+00
2037 2035 1.000000000000000000e+00
2037 2038 1.000000000000000000e+00
2037 2041 1.000000000000000000e+00
2037 3061 1.000000000000000000e+00
2037 4084 1.000000000000000000e+00
2038 2030 1.000000000000000000e+00
2038 2037 1.000000000000000000e+00
2038 2038 1.000000000000000000e+00
2038 2042 1.000000000000000000e+00
2038 3062 1.000000000000000000e+00
2039 2031 1.000000000000000000e+00
2039 2039 1.000000000000000000e+00
2039 2043 1.000000000000000000e+00
2039 3063 1.000000000000000000e+00
2039 4086 1.000000000000000000e+00
2040 2036 1.000000000000000000e+00
2040 2040 2.000000000000000000e+00
2040 3064 1.000000000000000000e+00
2041 2037 1.000000000000000000e+00
2041 2041 1.000000000000000000e+00
2041 2042 1.000000000000000000e+00
2041 3065 1.000000000000000000e+00
2041 4088 1.000000000000000000e+00
2042 2038 1.000000000000000000e+00
2042 2041 1.000000000000000000e+00
2042 2042 1.000000000000000000e+00
2042 2044 1.000000000000000000e+00
2042 3066 1.000000000000000000e+00
2043 2039 1.000000000000000000e+00
2043 2043 1.000000000000000000e+00
2043 2045 1.000000000000000000e+00
2043 3067 1.000000000000000000e+00
2043 4090 1.000000000000000000e+00
2044 2042 1.000000000000000000e+00
2044 2044 2.000000000000000000e+00
2044 3068 1.000000000000000000e+00
2045 2043 1.000000000000000000e+00
2045 2045 1.000000000000000000e+00
2045 2046 1.000000000000000000e+00
2045 3069 1.000000000000000000e+00
2045 4092 1.000000000000000000e+00
2046 2045 1.000000000000000000e+00
2046 2046 2.000000000000000000e+00
2046 3070 1.000000000000000000e+00
2047 2047 2.000000000000000000e+00
2047 3071 1.000000000000000000e+00
2047 4094 1.000000000000000000e+00
2048 1 1.000000000000000000e+00
2048 1024 1.000000000000000000e+00
2048 2048 2.000000000000000000e+00
2049 1025 1.000000000000000000e+00
2049 2049 2.000000000000000000e+00
2049 2050 1.000000000000000000e+00
2050 3 1.000000000000000000e+00
2050 1026 1.000000000000000000e+00
2050 2049 1.000000000000000000e+00
2050 2050 1.000000000000000000e+00
2050 2052 1.000000000000000000e+00
2051 1027 1.000000000000000000e+00
2051 2051 2.000000000000000000e+00
2051 2053 1.000000000000000000e+00
2052 5 1.000000000000000000e+00
2052 1028 1.000000000000000000e+00
2052 2050 1.000000000000000000e+00
2052 2052 1.000000000000000000e+00
2052 2056 1.000000000000000000e+00
2053 1029 1.000000000000000000e+00
2053 2051 1.000000000000000000e+00
2053 2053 1.000000000000000000e+00
2053 2054 1.000000000000000000e+00
2053 2057 1.000000000000000000e+00
2054 7 1.000000000000000000e+00
2054 1030 1.000000000000000000e+00
2054 2053 1.000000000000000000e+00
2054 2054 1.000000000000000000e+00
2054 2058 1.000000000000000000e+00
2055 1031 1.000000000000000000e+00
2055 2055 2.000000000000000000e+00
2055 2059 1.000000000000000000e+00
2056 9 1.000000000000000000e+00
2056 1032 1.000000000000000000e+00
2056 2052 1.000000000000000000e+00
2056 2056 1.000000000000000000e+00
2056 2064 1.000000000000000000e+00
2057 1033 1.000000000000000000e+00
2057 2053 1.000000000000000000e+00
2057 2057 1.000000000000000000e+00
2057 2058 1.000000000000000000e+00
2057 2065 1.000000000000000000e+00
2058 11 1.000000000000000000e+00
2058 1034 1.000000000000000000e+00
2058 2054 1.000000000000000000e+00
2058 2057 1.000000000000000000e+00
2058 2060 1.000000000000000000e+00
2058 2066 1.000000000000000000e+00
2059 1035 1.000000000000000000e+00
2059 2055 1.000000000000000000e+00
2059 2059 1.000000000000000000e+00
2059 2061 1.000000000000000000e+00
2059 2067 1.000000000000000000e+00
2060 13 1.000000000000000000e+00
2060 1036 1.000000000000000000e+00
2060 2058 1.000000000000000000e+00
2060 2060 1.000000000000000000e+00
2060 2068 1.000000000000000000e+00
2061 1037 1.000000000000000000e+00
2061 2059 1.000000000000000000e+00
2061 2061 1.000000000000000000e+00
2061 2062 1.000000000000000000e+00
2061 2069 1.000000000000000000e+00
2062 15 1.000000000000000000e+00
2062 1038 1.000000000000000000e+00
2062 2061 1.000000000000000000e+00
2062 2062 1.000000000000000000e+00
2062 2070 1.000000000000000000e+00
2063 1039 1.000000000000000000e+00
2063 2063 2.000000000000000000e+00
2063 2071 1.000000000000000000e+00
2064 17 1.000000000000000000e+00
2064 1040 1.000000000000000000e+00
2064 2056 1.000000000000000000e+00
2064 2064 1.000000000000000000e+00
2064 2080 1.000000000000000000e+00
2065 1041 1.000000000000000000e+00
2065 2057 1.000000000000000000e+00
2065 2065 1.000000000000000000e+00
2065 2066 1.000000000000000000e+00
2065 2081 1.000000000000000000e+00
2066 19 1.000000000000000000e+00
2066 1042 1.000000000000000000e+00
2066 2058 1.000000000000000000e+00
2066 2065 1.000000000000000000e+00
2066 2068 1.000000000000000000e+00
2066 2082 1.000000000000000000e+00
2067 1043 1.000000000000000000e+00
2067 2059 1.000000000000000000e+00
2067 2067 1.000000000000000000e+00
2067 2069 1.000000000000000000e+00
2067 2083 1.000000000000000000e+00
2068 21 1.000000000000000000e+00
2068 1044 1.000000000000000000e+00
2068 2060 1.000000000000000000e+00
2068 2066 1.000000000000000000e+00
2068 2072 1.000000000000000000e+00
2068 2084 1.000000000000000000e+00
2069 1045 1.000000000000000000e+00
2069 2061 1.000000000000000000e+00
2069 2067 1.000000000000000000e+00
2069 2070 1.000000000000000000e+00
2069 2073 1.000000000000000000e+00
2069 2085 1.000000000000000000e+00
2070 23 1.000000000000000000e+00
2070 1046 1.000000000000000000e+00
2070 2062 1.000000000000000000e+00
2070 2069 1.000000000000000000e+00
2070 2074 1.000000000000000000e+00
2070 2086 1.000000000000000000e+00
2071 1047 1.000000000000000000e+00
2071 2063 1.000000000000000000e+00
2071 2071 1.000000000000000000e+00
2071 2075 1.000000000000000000e+00
2071 2087 1.000000000000000000e+00
2072 25 1.000000000000000000e+00
2072 1048 1.000000000000000000e+00
2072 2068 1.000000000000000000e+00
2072 2072 1.000000000000000000e+00
2072 2088 1.000000000000000000e+00
2073 1049 1.000000000000000000e+00
2073 2069 1.000000000000000000e+00
2073 2073 1.000000000000000000e+00
2073 2074 1.000000000000000000e+00
2073 2089 1.000000000000000000e+00
2074 27 1.000000000000000000e+00
2074 1050 1.000000000000000000e+00
2074 2070 1.000000000000000000e+00
2074 2073 1.000000000000000000e+00
2074 2076 1.000000000000000000e+00
2074 2090 1.000000000000000000e+00
2075 1051 1.000000000000000000e+00
2075 2071 1.000000000000000000e+00
2075 2075 1.000000000000000000e+00
2075 2077 1.000000000000000000e+00
2075 2091 1.000000000000000000e+00
2076 29 1.000000000000000000e+00
2076 1052 1.000000000000000000e+00
2076 2074 1.000000000000000000e+00
2076 2076 1.000000000000000000e+00
2076 2092 1.000000000000000000e+00
2077 1053 1.000000000000000000e+00
2077 2075 1.000000000000000000e+00
2077 2077 1.000000000000000000e+00
2077 2078 1.000000000000000000e+00
2077 2093 1.000000000000000000e+00
2078 31 1.000000000000000000e+00
2078 1054 1.000000000000000000e+00
2078 2077 1.000000000000000000e+00
2078 2078 1.000000000000000000e+00
2078 2094 1.000000000000000000e+00
2079 1055 1.000000000000000000e+00
2079 2079 2.000000000000000000e+00
2079 2095 1.000000000000000000e+00
2080 33 1.000000000000000000e+00
2080 1056 1.000000000000000000e+00
2080 2064 1.000000000000000000e+00
2080 2080 1.000000000000000000e+00
2080 2112 1.000000000000000000e+00
2081 1057 1.000000000000000000e+00
2081 2065 1.000000000000000000e+00
2081 2081 1.000000000000000000e+00
2081 2082 1.000000000000000000e+00
2081 2113 1.000000000000000000e+00
2082 35 1.000000000000000000e+00
2082 1058 1.000000000000000000e+00
2082 2066 1.000000000000000000e+00
2082 2081 1.000000000000000000e+00
2082 2084 1.000000000000000000e+00
2082 2114 1.000000000000000000e+00
2083 1059 1.000000000000000000e+00
2083 2067 1.000000000000000000e+00
2083 2083 1.000000000000000000e+00
2083 2085 1.000000000000000000e+00
2083 2115 1.000000000000000000e+00
2084 37 1.000000000000000000e+00
2084 1060 1.000000000000000000e+00
2084 2068 1.000000000000000000e+00
2084 2082 1.000000000000000000e+00
2084 2088 1.000000000000000000e+00
2084 2116 1.000000000000000000e+00
2085 1061 1.000000000000000000e+00
2085 2069 1.000000000000000000e+00
2085 2083 1.000000000000000000e+00
2085 2086 1.000000000000000000e+00
2085 2089 1.000000000000000000e+00
2085 2117 1.000000000000000000e+00
2086 39 1.000000000000000000e+00
2086 1062 1.000000000000000000e+00
2086 2070 1.000000000000000000e+00
2086 2085 1.000000000000000000e+00
2086 2090 1.000000000000000000e+00
2086 2118 1.000000000000000000e+00
2087 1063 1.000000000000000000e+00
2087 2071 1.000000000000000000e+00
2087 2087 1.000000000000000000e+00
2087 2091 1.000000000000000000e+00
2087 2119 1.000000000000000000e+00
2088 41 1.000000000000000000e+00
2088 1064 1.000000000000000000e+00
2088 2072 1.000000000000000000e+00
2088 2084 1.000000000000000000e+00
2088 2096 1.000000000000000000e+00
2088 2120 1.000000000000000000e+00
2089 1065 1.000000000000000000e+00
2089 2073 1.000000000000000000e+00
2089 2085 1.000000000000000000e+00
2089 2090 1.000000000000000000e+00
2089 2097 1.000000000000000000e+00
2089 2121 1.000000000000000000e+00
2090 43 1.000000000000000000e+00
2090 1066 1.000000000000000000e+00
2090 2074 1.000000000000000000e+00
2090 2086 1.000000000000000000e+00
2090 2089 1.000000000000000000e+00
2090 2090 -1.000000000000000000e+00
2090 2092 1.000000000000000000e+00
2090 2098 1.000000000000000000e+00
2090 2122 1.000000000000000000e+00
2091 1067 1.000000000000000000e+00
2091 2075 1.000000000000000000e+00
2091 2087 1.000000000000000000e+00
2091 2093 1.000000000000000000e+00
2091 2099 1.000000000000000000e+00
2091 2123 1.000000000000000000e+00
2092 45 1.000000000000000000e+00
2092 1068 1.000000000000000000e+00
2092 2076 1.000000000000000000e+00
2092 2090 1.000000000000000000e+00
2092 2100 1.000000000000000000e+00
2092 2124 1.000000000000000000e+00
2093 1069 1.000000000000000000e+00
2093 2077 1.000000000000000000e+00
2093 2091 1.000000000000000000e+00
2093 2094 1.000000000000000000e+00
2093 2101 1.000000000000000000e+00
2093 2125 1.000000000000000000e+00
2094 47 1.000000000000000000e+00
2094 1070 1.000000000000000000e+00
2094 2078 1.000000000000000000e+00
2094 2093 1.000000000000000000e+00
2094 2102 1.000000000000000000e+00
2094 2126 1.000000000000000000e+00
2095 1071 1.000000000000000000e+00
2095 2079 1.000000000000000000e+00
2095 2095 1.000000000000000000e+00
2095 2103 1.000000000000000000e+00
2095 2127 1.000000000000000000e+00
2096 49 1.000000000000000000e+00
2096 1072 1.000000000000000000e+00
2096 2088 1.000000000000000000e+00
2096 2096 1.000000000000000000e+00
2096 2128 1.000000000000000000e+00
2097 1073 1.000000000000000000e+00
2097 2089 1.000000000000000000e+00
2097 2097 1.000000000000000000e+00
2097 2098 1.000000000000000000e+00
2097 2129 1.000000000000000000e+00
2098 51 1.000000000000000000e+00
2098 1074 1.000000000000000000e+00
2098 2090 1.000000000000000000e+00
2098 2097 1.000000000000000000e+00
2098 2100 1.000000000000000000e+00
2098 2130 1.000000000000000000e+00
2099 1075 1.000000000000000000e+00
2099 2091 1.000000000000000000e+00
2099 2099 1.000000000000000000e+00
2099 2101 1.000000000000000000e+00
2099 2131 1.000000000000000000e+00
2100 53 1.000000000000000000e+00
2100 1076 1.000000000000000000e+00
2100 2092 1.000000000000000000e+00
2100 2098 1.000000000000000000e+00
2100 2104 1.000000000000000000e+00
2100 2132 1.000000000000000000e+00
2101 1077 1.000000000000000000e+00
2101 2093 1.000000000000000000e+00
2101 2099 1.000000000000000000e+00
2101 2102 1.000000000000000000e+00
2101 2105 1.000000000000000000e+00
2101 2133 1.000000000000000000e+00
2102 55 1.000000000000000000e+00
2102 1078 1.000000000000000000e+00
2102 2094 1.000000000000000000e+00
2102 2101 1.000000000000000000e+00
2102 2106 1.000000000000000000e+00
2102 2134 1.000000000000000000e+00
2103 1079 1.000000000000000000e+00
2103 2095 1.000000000000000000e+00
2103 2103 1.000000000000000000e+00
2103 2107 1.000000000000000000e+00
2103 2135 1.000000000000000000e+00
2104 57 1.000000000000000000e+00
2104 1080 1.000000000000000000e+00
2104 2100 1.000000000000000000e+00
2104 2104 1.000000000000000000e+00
2104 2136 1.000000000000000000e+00
2105 1081 1.000000000000000000e+00
2105 2101 1.000000000000000000e+00
2105 2105 1.000000000000000000e+00
2105 2106 1.000000000000000000e+00
2105 2137 1.000000000000000000e+00
2106 59 1.000000000000000000e+00
2106 1082 1.000000000000000000e+00
2106 2102 1.000000000000000000e+00
2106 2105 1.000000000000000000e+00
2106 2108 1.000000000000000000e+00
2106 2138 1.000000000000000000e+00
2107 1083 1.000000000000000000e+00
2107 2103 1.000000000000000000e+00
2107 2107 1.000000000000000000e+00
2107 2109 1.000000000000000000e+00
2107 2139 1.000000000000000000e+00
2108 61 1.000000000000000000e+00
2108 1084 1.000000000000000000e+00
2108 2106 1.000000000000000000e+00
2108 2108 1.000000000000000000e+00
2108 2140 1.000000000000000000e+00
2109 1085 1.000000000000000000e+00
2109 2107 1.000000000000000000e+00
2109 2109 1.000000000000000000e+00
2109 2110 1.000000000000000000e+00
2109 2141 1.000000000000000000e+00
2110 63 1.000000000000000000e+00
2110 1086 1.000000000000000000e+00
2110 2109 1.000000000000000000e+00
2110 2110 1.000000000000000000e+00
2110 2142 1.000000000000000000e+00
2111 1087 1.000000000000000000e+00
2111 2111 2.000000000000000000e+00
2111 2143 1.000000000000000000e+00
2112 65 1.000000000000000000e+00
2112 1088 1.000000000000000000e+00
2112 2080 1.000000000000000000e+00
2112 2112 1.000000000000000000e+00
2112 2176 1.000000000000000000e+00
2113 1089 1.000000000000000000e+00
2113 2081 1.000000000000000000e+00
2113 2113 1.000000000000000000e+00
2113 2114 1.000000000000000000e+00
2113 2177 1.000000000000000000e+00
2114 67 1.000000000000000000e+00
2114 1090 1.000000000000000000e+00
2114 2082 1.000000000000000000e+00
2114 2113 1.000000000000000000e+00
2114 2116 1.000000000000000000e+00
2114 2178 1.000000000000000000e+00
2115 1091 1.000000000000000000e+00
2115 2083 1.000000000000000000e+00
2115 2115 1.000000000000000000e+00
2115 2117 1.000000000000000000e+00
2115 2179 1.000000000000000000e+00
2116 69 1.000000000000000000e+00
2116 1092 1.000000000000000000e+00
2116 2084 1.000000000000000000e+00
2116 2114 1.000000000000000000e+00
2116 2120 1.000000000000000000e+00
2116 2180 1.000000000000000000e+00
2117 1093 1.000000000000000000e+00
2117 2085 1.000000000000000000e+00
2117 2115 1.000000000000000000e+00
2117 2118 1.000000000000000000e+00
2117 2121 1.000000000000000000e+00
2117 2181 1.000000000000000000e+00
2118 71 1.000000000000000000e+00
2118 1094 1.000000000000000000e+00
2118 2086 1.000000000000000000e+00
2118 2117 1.000000000000000000e+00
2118 2122 1.000000000000000000e+00
2118 2182 1.000000000000000000e+00
2119 1095 1.000000000000000000e+00
2119 2087 1.000000000000000000e+00
2119 2119 1.000000000000000000e+00
2119 2123 1.000000000000000000e+00
2119 2183 1.000000000000000000e+00
2120 73 1.000000000000000000e+00
2120 1096 1.000000000000000000e+00
2120 2088 1.000000000000000000e+00
2120 2116 1.000000000000000000e+00
2120 2128 1.000000000000000000e+00
2120 2184 1.000000000000000000e+00
2121 1097 1.000000000000000000e+00
2121 2089 1.000000000000000000e+00
2121 2117 1.000000000000000000e+00
2121 2122 1.000000000000000000e+00
2121 2129 1.000000000000000000e+00
2121 2185 1.000000000000000000e+00
2122 75 1.000000000000000000e+00
2122 1098 1.000000000000000000e+00
2122 2090 1.000000000000000000e+00
2122 2118 1.000000000000000000e+00
2122 2121 1.000000000000000000e+00
2122 2122 -1.000000000000000000e+00
2122 2124 1.000000000000000000e+00
2122 2130 1.000000000000000000e+00
2122 2186 1.000000000000000000e+00
2123 1099 1.000000000000000000e+00
2123 2091 1.000000000000000000e+00
2123 2119 1.000000000000000000e+00
2123 2125 1.000000000000000000e+00
2123 2131 1.000000000000000000e+00
2123 2187 1.000000000000000000e+00
2124 77 1.000000000000000000e+00
2124 1100 1.000000000000000000e+00
2124 2092 1.000000000000000000e+00
2124 2122 1.000000000000000000e+00
2124 2132 1.000000000000000000e+00
2124 2188 1.000000000000000000e+00
2125 1101 1.000000000000000000e+00
2125 2093 1.000000000000000000e+00
2125 2123 1.000000000000000000e+00
2125 2126 1.000000000000000000e+00
2125 2133 1.000000000000000000e+00
2125 2189 1.000000000000000000e+00
2126 79 1.000000000000000000e+00
2126 1102 1.000000000000000000e+00
2126 2094 1.000000000000000000e+00
2126 2125 1.000000000000000000e+00
2126 2134 1.000000000000000000e+00
2126 2190 1.000000000000000000e+00
2127 1103 1.000000000000000000e+00
2127 2095 1.000000000000000000e+00
2127 2127 1.000000000000000000e+00
2127 2135 1.000000000000000000e+00
2127 2191 1.000000000000000000e+00
2128 81 1.000000000000000000e+00
2128 1104 1.000000000000000000e+00
2128 2096 1.000000000000000000e+00
2128 2120 1.000000000000000000e+00
2128 2144 1.000000000000000000e+00
2128 2192 1.000000000000000000e+00
2129 1105 1.000000000000000000e+00
2129 2097 1.000000000000000000e+00
2129 2121 1.000000000000000000e+00
2129 2130 1.000000000000000000e+00
2129 2145 1.000000000000000000e+00
2129 2193 1.000000000000000000e+00
2130 83 1.000000000000000000e+00
2130 1106 1.000000000000000000e+00
2130 2098 1.000000000000000000e+00
2130 2122 1.000000000000000000e+00
2130 2129 1.000000000000000000e+00
2130 2130 -1.000000000000000000e+00
2130 2132 1.000000000000000000e+00
2130 2146 1.000000000000000000e+00
2130 2194 1.000000000000000000e+00
2131 1107 1.000000000000000000e+00
2131 2099 1.000000000000000000e+00
2131 2123 1.000000000000000000e+00
2131 2133 1.000000000000000000e+00
2131 2147 1.000000000000000000e+00
2131 2195 1.000000000000000000e+00
2132 85 1.000000000000000000e+00
2132 1108 1.000000000000000000e+00
2132 2100 1.000000000000000000e+00
2132 2124 1.000000000000000000e+00
2132 2130 1.000000000000000000e+00
2132 2132 -1.000000000000000000e+00
2132 2136 1.000000000000000000e+00
2132 2148 1.000000000000000000e+00
2132 2196 1.000000000000000000e+00
2133 1109 1.000000000000000000e+00
2133 2101 1.000000000000000000e+00
2133 2125 1.000000000000000000e+00
2133 2131 1.000000000000000000e+00
2133 2133 -1.000000000000000000e+00
2133 2134 1.000000000000000000e+00
2133 2137 1.000000000000000000e+00
2133 2149 1.000000000000000000e+00
2133 2197 1.000000000000000000e+00
2134 87 1.000000000000000000e+00
2134 1110 1.000000000000000000e+00
2134 2102 1.000000000000000000e+00
2134 2126 1.000000000000000000e+00
2134 2133 1.000000000000000000e+00
2134 2134 -1.000000000000000000e+00
2134 2138 1.000000000000000000e+00
2134 2150 1.000000000000000000e+00
2134 2198 1.000000000000000000e+00
2135 1111 1.000000000000000000e+00
2135 2103 1.000000000000000000e+00
2135 2127 1.000000000000000000e+00
2135 2139 1.000000000000000000e+00
2135 2151 1.000000000000000000e+00
2135 2199 1.000000000000000000e+00
2136 89 1.000000000000000000e+00
2136 1112 1.000000000000000000e+00
2136 2104 1.000000000000000000e+00
2136 2132 1.000000000000000000e+00
2136 2152 1.000000000000000000e+00
2136 2200 1.000000000000000000e+00
2137 1113 1.000000000000000000e+00
2137 2105 1.000000000000000000e+00
2137 2133 1.000000000000000000e+00
2137 2138 1.000000000000000000e+00
2137 2153 1.000000000000000000e+00
2137 2201 1.000000000000000000e+00
2138 91 1.000000000000000000e+00
2138 1114 1.000000000000000000e+00
2138 2106 1.000000000000000000e+00
2138 2134 1.000000000000000000e+00
2138 2137 1.000000000000000000e+00
2138 2138 -1.000000000000000000e+00
2138 2140 1.000000000000000000e+00
2138 2154 1.000000000000000000e+00
2138 2202 1.000000000000000000e+00
2139 1115 1.000000000000000000e+00
2139 2107 1.000000000000000000e+00
2139 2135 1.000000000000000000e+00
2139 2141 1.000000000000000000e+00
2139 2155 1.000000000000000000e+00
2139 2203 1.000000000000000000e+00
2140 93 1.000000000000000000e+00
2140 1116 1.000000000000000000e+00
2140 2108 1.000000000000000000e+00
2140 2138 1.000000000000000000e+00
2140 2156 1.000000000000000000e+00
2140 2204 1.000000000000000000e+00
2141 1117 1.000000000000000000e+00
2141 2109 1.000000000000000000e+00
2141 2139 1.000000000000000000e+00
2141 2142 1.000000000000000000e+00
2141 2157 1.000000000000000000e+00
2141 2205 1.000000000000000000e+00
2142 95 1.000000000000000000e+00
2142 1118 1.000000000000000000e+00
2142 2110 1.000000000000000000e+00
2142 2141 1.000000000000000000e+00
2142 2158 1.000000000000000000e+00
2142 2206 1.000000000000000000e+00
2143 1119 1.000000000000000000e+00
2143 2111 1.000000000000000000e+00
2143 2143 1.000000000000000000e+00
2143 2159 1.000000000000000000e+00
2143 2207 1.000000000000000000e+00
2144 97 1.000000000000000000e+00
2144 1120 1.000000000000000000e+00
2144 2128 1.000000000000000000e+00
2144 2144 1.000000000000000000e+00
2144 2208 1.000000000000000000e+00
2145 1121 1.000000000000000000e+00
2145 2129 1.000000000000000000e+00
2145 2145 1.000000000000000000e+00
2145 2146 1.000000000000000000e+00
2145 2209 1.000000000000000000e+00
2146 99 1.000000000000000000e+00
2146 1122 1.000000000000000000e+00
2146 2130 1.000000000000000000e+00
2146 2145 1.000000000000000000e+00
2146 2148 1.000000000000000000e+00
2146 2210 1.000000000000000000e+00
2147 1123 1.000000000000000000e+00
2147 2131 1.000000000000000000e+00
2147 2147 1.000000000000000000e+00
2147 2149 1.000000000000000000e+00
2147 2211 1.000000000000000000e+00
2148 101 1.000000000000000000e+00
2148 1124 1.000000000000000000e+00
2148 2132 1.000000000000000000e+00
2148 2146 1.000000000000000000e+00
2148 2152 1.000000000000000000e+00
2148 2212 1.000000000000000000e+00
2149 1125 1.000000000000000000e+00
2149 2133 1.000000000000000000e+00
2149 2147 1.000000000000000000e+00
2149 2150 1.000000000000000000e+00
2149 2153 1.000000000000000000e+00
2149 2213 1.000000000000000000e+00
2150 103 1.000000000000000000e+00
2150 1126 1.000000000000000000e+00
2150 2134 1.000000000000000000e+00
2150 2149 1.000000000000000000e+00
2150 2154 1.000000000000000000e+00
2150 2214 1.000000000000000000e+00
2151 1127 1.000000000000000000e+00
2151 2135 1.000000000000000000e+00
2151 2151 1.000000000000000000e+00
2151 2155 1.000000000000000000e+00
2151 2215 1.000000000000000000e+00
2152 105 1.000000000000000000e+00
2152 1128 1.000000000000000000e+00
2152 2136 1.000000000000000000e+00
2152 2148 1.000000000000000000e+00
2152 2160 1.000000000000000000e+00
2152 2216 1.000000000000000000e+00
2153 1129 1.000000000000000000e+00
2153 2137 1.000000000000000000e+00
2153 2149 1.000000000000000000e+00
2153 2154 1.000000000000000000e+00
2153 2161 1.000000000000000000e+00
2153 2217 1.000000000000000000e+00
2154 107 1.000000000000000000e+00
2154 1130 1.000000000000000000e+00
2154 2138 1.000000000000000000e+00
2154 2150 1.000000000000000000e+00
2154 2153 1.000000000000000000e+00
2154 2154 -1.000000000000000000e+00
2154 2156 1.000000000000000000e+00
2154 2162 1.000000000000000000e+00
2154 2218 1.000000000000000000e+00
2155 1131 1.000000000000000000e+00
2155 2139 1.000000000000000000e+00
2155 2151 1.000000000000000000e+00
2155 2157 1.000000000000000000e+00
2155 2163 1.000000000000000000e+00
2155 2219 1.000000000000000000e+00
2156 109 1.000000000000000000e+00
2156 1132 1.000000000000000000e+00
2156 2140 1.000000000000000000e+00
2156 2154 1.000000000000000000e+00
2156 2164 1.000000000000000000e+00
2156 2220 1.000000000000000000e+00
2157 1133 1.000000000000000000e+00
2157 2141 1.000000000000000000e+00
2157 2155 1.000000000000000000e+00
2157 2158 1.000000000000000000e+00
2157 2165 1.000000000000000000e+00
2157 2221 1.000000000000000000e+00
2158 111 1.000000000000000000e+00
2158 1134 1.000000000000000000e+00
2158 2142 1.000000000000000000e+00
2158 2157 1.000000000000000000e+00
2158 2166 1.000000000000000000e+00
2158 2222 1.000000000000000000e+00
2159 1135 1.000000000000000000e+00
2159 2143 1.000000000000000000e+00
2159 2159 1.000000000000000000e+00
2159 2167 1.000000000000000000e+00
2159 2223 1.000000000000000000e+00
2160 113 1.000000000000000000e+00
2160 1136 1.000000000000000000e+00
2160 2152 1.000000000000000000e+00
2160 2160 1.000000000000000000e+00
2160 2224 1.000000000000000000e+00
2161 1137 1.000000000000000000e+00
2161 2153 1.000000000000000000e+00
2161 2161 1.000000000000000000e+00
2161 2162 1.000000000000000000e+00
2161 2225 1.000000000000000000e+00
2162 115 1.000000000000000000e+00
2162 1138 1.000000000000000000e+00
2162 2154 1.000000000000000000e+00
2162 2161 1.000000000000000000e+00
2162 2164 1.000000000000000000e+00
2162 2226 1.000000000000000000e+00
2163 1139 1.000000000000000000e+00
2163 2155 1.000000000000000000e+00
2163 2163 1.000000000000000000e+00
2163 2165 1.000000000000000000e+00
2163 2227 1.000000000000000000e+00
2164 117 1.000000000000000000e+00
2164 1140 1.000000000000000000e+00
2164 2156 1.000000000000000000e+00
2164 2162 1.000000000000000000e+00
2164 2168 1.000000000000000000e+00
2164 2228 1.000000000000000000e+00
2165 1141 1.000000000000000000e+00
2165 2157 1.000000000000000000e+00
2165 2163 1.000000000000000000e+00
2165 2166 1.000000000000000000e+00
2165 2169 1.000000000000000000e+00
2165 2229 1.000000000000000000e+00
2166 119 1.000000000000000000e+00
2166 1142 1.000000000000000000e+00
2166 2158 1.000000000000000000e+00
2166 2165 1.000000000000000000e+00
2166 2170 1.000000000000000000e+00
2166 2230 1.000000000000000000e+00
2167 1143 1.000000000000000000e+00
2167 2159 1.000000000000000000e+00
2167 2167 1.000000000000000000e+00
2167 2171 1.000000000000000000e+00
2167 2231 1.000000000000000000e+00
2168 121 1.000000000000000000e+00
2168 1144 1.000000000000000000e+00
2168 2164 1.000000000000000000e+00
2168 2168 1.000000000000000000e+00
2168 2232 1.000000000000000000e+00
2169 1145 1.000000000000000000e+00
2169 2165 1.000000000000000000e+00
2169 2169 1.000000000000000000e+00
2169 2170 1.000000000000000000e+00
2169 2233 1.000000000000000000e+00
2170 123 1.000000000000000000e+00
2170 1146 1.000000000000000000e+00
2170 2166 1.000000000000000000e+00
2170 2169 1.000000000000000000e+00
2170 2172 1.000000000000000000e+00
2170 2234 1.000000000000000000e+00
2171 1147 1.000000000000000000e+00
2171 2167 1.000000000000000000e+00
2171 2171 1.000000000000000000e+00
2171 2173 1.000000000000000000e+00
2171 2235 1.000000000000000000e+00
2172 125 1.000000000000000000e+00
2172 1148 1.000000000000000000e+00
2172 2170 1.000000000000000000e+00
2172 2172 1.000000000000000000e+00
2172 2236 1.000000000000000000e+00
2173 1149 1.000000000000000000e+00
2173 2171 1.000000000000000000e+00
2173 2173 1.000000000000000000e+00
2173 2174 1.000000000000000000e+00
2173 2237 1.000000000000000000e+00
2174 127 1.000000000000000000e+00
2174 1150 1.000000000000000000e+00
2174 2173 1.000000000000000000e+00
2174 2174 1.000000000000000000e+00
2174 2238 1.000000000000000000e+00
2175 1151 1.000000000000000000e+00
2175 2175 2.000000000000000000e+00
2175 2239 1.000000000000000000e+00
2176 129 1.000000000000000000e+00
2176 1152 1.000000000000000000e+00
2176 2112 1.000000000000000000e+00
2176 2176 1.000000000000000000e+00
2176 2304 1.000000000000000000e+00
2177 1153 1.000000000000000000e+00
2177 2113 1.000000000000000000e+00
2177 2177 1.000000000000000000e+00
2177 2178 1.000000000000000000e+00
2177 2305 1.000000000000000000e+00
2178 131 1.000000000000000000e+00
2178 1154 1.000000000000000000e+00
2178 2114 1.000000000000000000e+00
2178 2177 1.000000000000000000e+00
2178 2180 1.000000000000000000e+00
2178 2306 1.000000000000000000e+00
2179 1155 1.000000000000000000e+00
2179 2115 1.000000000000000000e+00
2179 2179 1.000000000000000000e+00
2179 2181 1.000000000000000000e+00
2179 2307 1.000000000000000000e+00
2180 133 1.000000000000000000e+00
2180 1156 1.000000000000000000e+00
2180 2116 1.000000000000000000e+00
2180 2178 1.000000000000000000e+00
2180 2184 1.000000000000000000e+00
2180 2308 1.000000000000000000e+00
2181 1157 1.000000000000000000e+00
2181 2117 1.000000000000000000e+00
2181 2179 1.000000000000000000e+00
2181 2182 1.000000000000000000e+00
2181 2185 1.000000000000000000e+00
2181 2309 1.000000000000000000e+00
2182 135 1.000000000000000000e+00
2182 1158 1.000000000000000000e+00
2182 2118 1.000000000000000000e+00
2182 2181 1.000000000000000000e+00
2182 2186 1.000000000000000000e+00
2182 2310 1.000000000000000000e+00
2183 1159 1.000000000000000000e+00
2183 2119 1.000000000000000000e+00
2183 2183 1.000000000000000000e+00
2183 2187 1.000000000000000000e+00
2183 2311 1.000000000000000000e+00
2184 137 1.000000000000000000e+00
2184 1160 1.000000000000000000e+00
2184 2120 1.000000000000000000e+00
2184 2180 1.000000000000000000e+00
2184 2192 1.000000000000000000e+00
2184 2312 1.000000000000000000e+00
2185 1161 1.000000000000000000e+00
2185 2121 1.000000000000000000e+00
2185 2181 1.000000000000000000e+00
2185 2186 1.000000000000000000e+00
2185 2193 1.000000000000000000e+00
2185 2313 1.000000000000000000e+00
2186 139 1.000000000000000000e+00
2186 1162 1.000000000000000000e+00
2186 2122 1.000000000000000000e+00
2186 2182 1.000000000000000000e+00
2186 2185 1.000000000000000000e+00
2186 2186 -1.000000000000000000e+00
2186 2188 1.000000000000000000e+00
2186 2194 1.000000000000000000e+00
2186 2314 1.000000000000000000e+00
2187 1163 1.000000000000000000e+00
2187 2123 1.000000000000000000e+00
2187 2183 1.000000000000000000e+00
2187 2189 1.000000000000000000e+00
2187 2195 1.000000000000000000e+00
2187 2315 1.000000000000000000e+00
2188 141 1.000000000000000000e+00
2188 1164 1.000000000000000000e+00
2188 2124 1.000000000000000000e+00
2188 2186 1.000000000000000000e+00
2188 2196 1.000000000000000000e+00
2188 2316 1.000000000000000000e+00
2189 1165 1.000000000000000000e+00
2189 2125 1.000000000000000000e+00
2189 2187 1.000000000000000000e+00
2189 2190 1.000000000000000000e+00
2189 2197 1.000000000000000000e+00
2189 2317 1.000000000000000000e+00
2190 143 1.000000000000000000e+00
2190 1166 1.000000000000000000e+00
2190 2126 1.000000000000000000e+00
2190 2189 1.000000000000000000e+00
2190 2198 1.000000000000000000e+00
2190 2318 1.000000000000000000e+00
2191 1167 1.000000000000000000e+00
2191 2127 1.000000000000000000e+00
2191 2191 1.000000000000000000e+00
2191 2199 1.000000000000000000e+00
2191 2319 1.000000000000000000e+00
2192 145 1.000000000000000000e+00
2192 1168 1.000000000000000000e+00
2192 2128 1.000000000000000000e+00
2192 2184 1.000000000000000000e+00
2192 2208 1.000000000000000000e+00
2192 2320 1.000000000000000000e+00
2193 1169 1.000000000000000000e+00
2193 2129 1.000000000000000000e+00
2193 2185 1.000000000000000000e+00
2193 2194 1.000000000000000000e+00
2193 2209 1.000000000000000000e+00
2193 2321 1.000000000000000000e+00
2194 147 1.000000000000000000e+00
2194 1170 1.000000000000000000e+00
2194 2130 1.000000000000000000e+00
2194 2186 1.000000000000000000e+00
2194 2193 1.000000000000000000e+00
2194 2194 -1.000000000000000000e+00
2194 2196 1.000000000000000000e+00
2194 2210 1.000000000000000000e+00
2194 2322 1.000000000000000000e+00
2195 1171 1.000000000000000000e+00
2195 2131 1.000000000000000000e+00
2195 2187 1.000000000000000000e+00
2195 2197 1.000000000000000000e+00
2195 2211 1.000000000000000000e+00
2195 2323 1.000000000000000000e+00
2196 149 1.000000000000000000e+00
2196 1172 1.000000000000000000e+00
2196 2132 1.000000000000000000e+00
2196 2188 1.000000000000000000e+00
2196 2194 1.000000000000000000e+00
2196 2196 -1.000000000000000000e+00
2196 2200 1.000000000000000000e+00
2196 2212 1.000000000000000000e+00
2196 2324 1.000000000000000000e+00
2197 1173 1.000000000000000000e+00
2197 2133 1.000000000000000000e+00
2197 2189 1.000000000000000000e+00
2197 2195 1.000000000000000000e+00
2197 2197 -1.000000000000000000e+00
2197 2198 1.000000000000000000e+00
2197 2201 1.000000000000000000e+00
2197 2213 1.000000000000000000e+00
2197 2325 1.000000000000000000e+00
2198 151 1.000000000000000000e+00
2198 1174 1.000000000000000000e+00
2198 2134 1.000000000000000000e+00
2198 2190 1.000000000000000000e+00
2198 2197 1.000000000000000000e+00
2198 2198 -1.000000000000000000e+00
2198 2202 1.000000000000000000e+00
2198 2214 1.000000000000000000e+00
2198 2326 1.000000000000000000e+00
2199 1175 1.000000000000000000e+00
2199 2135 1.000000000000000000e+00
2199 2191 1.000000000000000000e+00
2199 2203 1.000000000000000000e+00
2199 2215 1.000000000000000000e+00
2199 2327 1.000000000000000000e+00
2200 153 1.000000000000000000e+00
2200 1176 1.000000000000000000e+00
2200 2136 1.000000000000000000e+00
2200 2196 1.000000000000000000e+00
2200 2216 1.000000000000000000e+00
2200 2328 1.000000000000000000e+00
2201 1177 1.000000000000000000e+00
2201 2137 1.000000000000000000e+00
2201 2197 1.000000000000000000e+00
2201 2202 1.000000000000000000e+00
2201 2217 1.000000000000000000e+00
2201 2329 1.000000000000000000e+00
2202 155 1.000000000000000000e+00
2202 1178 1.000000000000000000e+00
2202 2138 1.000000000000000000e+00
2202 2198 1.000000000000000000e+00
2202 2201 1.000000000000000000e+00
2202 2202 -1.000000000000000000e+00
2202 2204 1.000000000000000000e+00
2202 2218 1.000000000000000000e+00
2202 2330 1.000000000000000000e+00
2203 1179 1.000000000000000000e+00
2203 2139 1.000000000000000000e+00
2203 2199 1.000000000000000000e+00
2203 2205 1.000000000000000000e+00
2203 2219 1.000000000000000000e+00
2203 2331 1.000000000000000000e+00
2204 157 1.000000000000000000e+00
2204 1180 1.000000000000000000e+00
2204 2140 1.000000000000000000e+00
2204 2202 1.000000000000000000e+00
2204 2220 1.000000000000000000e+00
2204 2332 1.000000000000000000e+00
2205 1181 1.000000000000000000e+00
2205 2141 1.000000000000000000e+00
2205 2203 1.000000000000000000e+00
2205 2206 1.000000000000000000e+00
2205 2221 1.000000000000000000e+00
2205 2333 1.000000000000000000e+00
2206 159 1.000000000000000000e+00
2206 1182 1.000000000000000000e+00
2206 2142 1.000000000000000000e+00
2206 2205 1.000000000000000000e+00
2206 2222 1.000000000000000000e+00
2206 2334 1.000000000000000000e+00
2207 1183 1.000000000000000000e+00
2207 2143 1.000000000000000000e+00
2207 2207 1.000000000000000000e+00
2207 2223 1.000000000000000000e+00
2207 2335 1.000000000000000000e+00
2208 161 1.000000000000000000e+00
2208 1184 1.000000000000000000e+00
2208 2144 1.000000000000000000e+00
2208 2192 1.000000000000000000e+00
2208 2240 1.000000000000000000e+00
2208 2336 1.000000000000000000e+00
2209 1185 1.000000000000000000e+00
2209 2145 1.000000000000000000e+00
2209 2193 1.000000000000000000e+00
2209 2210 1.000000000000000000e+00
2209 2241 1.000000000000000000e+00
2209 2337 1.000000000000000000e+00
2210 163 1.000000000000000000e+00
2210 1186 1.000000000000000000e+00
2210 2146 1.000000000000000000e+00
2210 2194 1.000000000000000000e+00
2210 2209 1.000000000000000000e+00
2210 2210 -1.000000000000000000e+00
2210 2212 1.000000000000000000e+00
2210 2242 1.000000000000000000e+00
2210 2338 1.000000000000000000e+00
2211 1187 1.000000000000000000e+00
2211 2147 1.000000000000000000e+00
2211 2195 1.000000000000000000e+00
2211 2213 1.000000000000000000e+00
2211 2243 1.000000000000000000e+00
2211 2339 1.000000000000000000e+00
2212 165 1.000000000000000000e+00
2212 1188 1.000000000000000000e+00
2212 2148 1.000000000000000000e+00
2212 2196 1.000000000000000000e+00
2212 2210 1.000000000000000000e+00
2212 2212 -1.000000000000000000e+00
2212 2216 1.000000000000000000e+00
2212 2244 1.000000000000000000e+00
2212 2340 1.000000000000000000e+00
2213 1189 1.000000000000000000e+00
2213 2149 1.000000000000000000e+00
2213 2197 1.000000000000000000e+00
2213 2211 1.000000000000000000e+00
2213 2213 -1.000000000000000000e+00
2213 2214 1.000000000000000000e+00
2213 2217 1.000000000000000000e+00
2213 2245 1.000000000000000000e+00
2213 2341 1.000000000000000000e+00
2214 167 1.000000000000000000e+00
2214 1190 1.000000000000000000e+00
2214 2150 1.000000000000000000e+00
2214 2198 1.000000000000000000e+00
2214 2213 1.000000000000000000e+00
2214 2214 -1.000000000000000000e+00
2214 2218 1.000000000000000000e+00
2214 2246 1.000000000000000000e+00
2214 2342 1.000000000000000000e+00
2215 1191 1.000000000000000000e+00
2215 2151 1.000000000000000000e+00
2215 2199 1.000000000000000000e+00
2215 2219 1.000000000000000000e+00
2215 2247 1.000000000000000000e+00
2215 2343 1.000000000000000000e+00
2216 169 1.000000000000000000e+00
2216 1192 1.000000000000000000e+00
2216 2152 1.000000000000000000e+00
2216 2200 1.000000000000000000e+00
2216 2212 1.000000000000000000e+00
2216 2216 -1.000000000000000000e+00
2216 2224 1.000000000000000000e+00
2216 2248 1.000000000000000000e+00
2216 2344 1.000000000000000000e+00
2217 1193 1.000000000000000000e+00
2217 2153 1.000000000000000000e+00
2217 2201 1.000000000000000000e+00
2217 2213 1.000000000000000000e+00
2217 2217 -1.000000000000000000e+00
2217 2218 1.000000000000000000e+00
2217 2225 1.000000000000000000e+00
2217 2249 1.000000000000000000e+00
2217 2345 1.000000000000000000e+00
2218 171 1.000000000000000000e+00
2218 1194 1.000000000000000000e+00
2218 2154 1.000000000000000000e+00
2218 2202 1.000000000000000000e+00
2218 2214 1.000000000000000000e+00
2218 2217 1.000000000000000000e+00
2218 2218 -2.000000000000000000e+00
2218 2220 1.000000000000000000e+00
2218 2226 1.000000000000000000e+00
2218 2250 1.000000000000000000e+00
2218 2346 1.000000000000000000e+00
2219 1195 1.000000000000000000e+00
2219 2155 1.000000000000000000e+00
2219 2203 1.000000000000000000e+00
2219 2215 1.000000000000000000e+00
2219 2219 -1.000000000000000000e+00
2219 2221 1.000000000000000000e+00
2219 2227 1.000000000000000000e+00
2219 2251 1.000000000000000000e+00
2219 2347 1.000000000000000000e+00
2220 173 1.000000000000000000e+00
2220 1196 1.000000000000000000e+00
2220 2156 1.000000000000000000e+00
2220 2204 1.000000000000000000e+00
2220 2218 1.000000000000000000e+00
2220 2220 -1.000000000000000000e+00
2220 2228 1.000000000000000000e+00
2220 2252 1.000000000000000000e+00
2220 2348 1.000000000000000000e+00
2221 1197 1.000000000000000000e+00
2221 2157 1.000000000000000000e+00
2221 2205 1.000000000000000000e+00
2221 2219 1.000000000000000000e+00
2221 2221 -1.000000000000000000e+00
2221 2222 1.000000000000000000e+00
2221 2229 1.000000000000000000e+00
2221 2253 1.000000000000000000e+00
2221 2349 1.000000000000000000e+00
2222 175 1.000000000000000000e+00
2222 1198 1.000000000000000000e+00
2222 2158 1.000000000000000000e+00
2222 2206 1.000000000000000000e+00
2222 2221 1.000000000000000000e+00
2222 2222 -1.000000000000000000e+00
2222 2230 1.000000000000000000e+00
2222 2254 1.000000000000000000e+00
2222 2350 1.000000000000000000e+00
2223 1199 1.000000000000000000e+00
2223 2159 1.000000000000000000e+00
2223 2207 1.000000000000000000e+00
2223 2231 1.000000000000000000e+00
2223 2255 1.000000000000000000e+00
2223 2351 1.000000000000000000e+00
2224 177 1.000000000000000000e+00
2224 1200 1.000000000000000000e+00
2224 2160 1.000000000000000000e+00
2224 2216 1.000000000000000000e+00
2224 2256 1.000000000000000000e+00
2224 2352 1.000000000000000000e+00
2225 1201 1.000000000000000000e+00
2225 2161 1.000000000000000000e+00
2225 2217 1.000000000000000000e+00
2225 2226 1.000000000000000000e+00
2225 2257 1.000000000000000000e+00
2225 2353 1.000000000000000000e+00
2226 179 1.000000000000000000e+00
2226 1202 1.000000000000000000e+00
2226 2162 1.000000000000000000e+00
2226 2218 1.000000000000000000e+00
2226 2225 1.000000000000000000e+00
2226 2226 -1.000000000000000000e+00
2226 2228 1.000000000000000000e+00
2226 2258 1.000000000000000000e+00
2226 2354 1.000000000000000000e+00
2227 1203 1.000000000000000000e+00
2227 2163 1.000000000000000000e+00
2227 2219 1.000000000000000000e+00
2227 2229 1.000000000000000000e+00
2227 2259 1.000000000000000000e+00
2227 2355 1.000000000000000000e+00
2228 181 1.000000000000000000e+00
2228 1204 1.000000000000000000e+00
2228 2164 1.000000000000000000e+00
2228 2220 1.000000000000000000e+00
2228 2226 1.000000000000000000e+00
2228 2228 -1.000000000000000000e+00
2228 2232 1.000000000000000000e+00
2228 2260 1.000000000000000000e+00
2228 2356 1.000000000000000000e+00
2229 1205 1.000000000000000000e+00
2229 2165 1.000000000000000000e+00
2229 2221 1.000000000000000000e+00
2229 2227 1.000000000000000000e+00
2229 2229 -1.000000000000000000e+00
2229 2230 1.000000000000000000e+00
2229 2233 1.000000000000000000e+00
2229 2261 1.000000000000000000e+00
2229 2357 1.000000000000000000e+00
2230 183 1.000000000000000000e+00
2230 1206 1.000000000000000000e+00
2230 2166 1.000000000000000000e+00
2230 2222 1.000000000000000000e+00
2230 2229 1.000000000000000000e+00
2230 2230 -1.000000000000000000e+00
2230 2234 1.000000000000000000e+00
2230 2262 1.000000000000000000e+00
2230 2358 1.000000000000000000e+00
2231 1207 1.000000000000000000e+00
2231 2167 1.000000000000000000e+00
2231 2223 1.000000000000000000e+00
2231 2235 1.000000000000000000e+00
2231 2263 1.000000000000000000e+00
2231 2359 1.000000000000000000e+00
2232 185 1.000000000000000000e+00
2232 1208 1.000000000000000000e+00
2232 2168 1.000000000000000000e+00
2232 2228 1.000000000000000000e+00
2232 2264 1.000000000000000000e+00
2232 2360 1.000000000000000000e+00
2233 1209 1.000000000000000000e+00
2233 2169 1.000000000000000000e+00
2233 2229 1.000000000000000000e+00
2233 2234 1.000000000000000000e+00
2233 2265 1.000000000000000000e+00
2233 2361 1.000000000000000000e+00
2234 187 1.000000000000000000e+00
2234 1210 1.000000000000000000e+00
2234 2170 1.000000000000000000e+00
2234 2230 1.000000000000000000e+00
2234 2233 1.000000000000000000e+00
2234 2234 -1.000000000000000000e+00
2234 2236 1.000000000000000000e+00
2234 2266 1.000000000000000000e+00
2234 2362 1.000000000000000000e+00
2235 1211 1.000000000000000000e+00
2235 2171 1.000000000000000000e+00
2235 2231 1.000000000000000000e+00
2235 2237 1.000000000000000000e+00
2235 2267 1.000000000000000000e+00
2235 2363 1.000000000000000000e+00
2236 189 1.000000000000000000e+00
2236 1212 1.000000000000000000e+00
2236 2172 1.000000000000000000e+00
2236 2234 1.000000000000000000e+00
2236 2268 1.000000000000000000e+00
2236 2364 1.000000000000000000e+00
2237 1213 1.000000000000000000e+00
2237 2173 1.000000000000000000e+00
2237 2235 1.000000000000000000e+00
2237 2238 1.000000000000000000e+00
2237 2269 1.000000000000000000e+00
2237 2365 1.000000000000000000e+00
2238 191 1.000000000000000000e+00
2238 1214 1.000000000000000000e+00
2238 2174 1.000000000000000000e+00
2238 2237 1.000000000000000000e+00
2238 2270 1.000000000000000000e+00
2238 2366 1.000000000000000000e+00
2239 1215 1.000000000000000000e+00
2239 2175 1.000000000000000000e+00
2239 2239 1.000000000000000000e+00
2239 2271 1.000000000000000000e+00
2239 2367 1.000000000000000000e+00
2240 193 1.000000000000000000e+00
2240 1216 1.000000000000000000e+00
2240 2208 1.000000000000000000e+00
2240 2240 1.000000000000000000e+00
2240 2368 1.000000000000000000e+00
2241 1217 1.000000000000000000e+00
2241 2209 1.000000000000000000e+00
2241 2241 1.000000000000000000e+00
2241 2242 1.000000000000000000e+00
2241 2369 1.000000000000000000e+00
2242 195 1.000000000000000000e+00
2242 1218 1.000000000000000000e+00
2242 2210 1.000000000000000000e+00
2242 2241 1.000000000000000000e+00
2242 2244 1.000000000000000000e+00
2242 2370 1.000000000000000000e+00
2243 1219 1.000000000000000000e+00
2243 2211 1.000000000000000000e+00
2243 2243 1.000000000000000000e+00
2243 2245 1.000000000000000000e+00
2243 2371 1.000000000000000000e+00
2244 197 1.000000000000000000e+00
2244 1220 1.000000000000000000e+00
2244 2212 1.000000000000000000e+00
2244 2242 1.000000000000000000e+00
2244 2248 1.000000000000000000e+00
2244 2372 1.000000000000000000e+00
2245 1221 1.000000000000000000e+00
2245 2213 1.000000000000000000e+00
2245 2243 1.000000000000000000e+00
2245 2246 1.000000000000000000e+00
2245 2249 1.000000000000000000e+00
2245 2373 1.000000000000000000e+00
2246 199 1.000000000000000000e+00
2246 1222 1.000000000000000000e+00
2246 2214 1.000000000000000000e+00
2246 2245 1.000000000000000000e+00
2246 2250 1.000000000000000000e+00
2246 2374 1.000000000000000000e+00
2247 1223 1.000000000000000000e+00
2247 2215 1.000000000000000000e+00
2247 2247 1.000000000000000000e+00
2247 2251 1.000000000000000000e+00
2247 2375 1.000000000000000000e+00
2248 201 1.000000000000000000e+00
2248 1224 1.000000000000000000e+00
2248 2216 1.000000000000000000e+00
2248 2244 1.000000000000000000e+00
2248 2256 1.000000000000000000e+00
2248 2376 1.000000000000000000e+00
2249 1225 1.000000000000000000e+00
2249 2217 1.000000000000000000e+00
2249 2245 1.000000000000000000e+00
2249 2250 1.000000000000000000e+00
2249 2257 1.000000000000000000e+00
2249 2377 1.000000000000000000e+00
2250 203 1.000000000000000000e+00
2250 1226 1.000000000000000000e+00
2250 2218 1.000000000000000000e+00
2250 2246 1.000000000000000000e+00
2250 2249 1.000000000000000000e+00
2250 2250 -1.000000000000000000e+00
2250 2252 1.000000000000000000e+00
2250 2258 1.000000000000000000e+00
2250 2378 1.000000000000000000e+00
2251 1227 1.000000000000000000e+00
2251 2219 1.000000000000000000e+00
2251 2247 1.000000000000000000e+00
2251 2253 1.000000000000000000e+00
2251 2259 1.000000000000000000e+00
2251 2379 1.000000000000000000e+00
2252 205 1.000000000000000000e+00
2252 1228 1.000000000000000000e+00
2252 2220 1.000000000000000000e+00
2252 2250 1.000000000000000000e+00
2252 2260 1.000000000000000000e+00
2252 2380 1.000000000000000000e+00
2253 1229 1.000000000000000000e+00
2253 2221 1.000000000000000000e+00
2253 2251 1.000000000000000000e+00
2253 2254 1.000000000000000000e+00
2253 2261 1.000000000000000000e+00
2253 2381 1.000000000000000000e+00
2254 207 1.000000000000000000e+00
2254 1230 1.000000000000000000e+00
2254 2222 1.000000000000000000e+00
2254 2253 1.000000000000000000e+00
2254 2262 1.000000000000000000e+00
2254 2382 1.000000000000000000e+00
2255 1231 1.000000000000000000e+00
2255 2223 1.000000000000000000e+00
2255 2255 1.000000000000000000e+00
2255 2263 1.000000000000000000e+00
2255 2383 1.000000000000000000e+00
2256 209 1.000000000000000000e+00
2256 1232 1.000000000000000000e+00
2256 2224 1.000000000000000000e+00
2256 2248 1.000000000000000000e+00
2256 2272 1.000000000000000000e+00
2256 2384 1.000000000000000000e+00
2257 1233 1.000000000000000000e+00
2257 2225 1.000000000000000000e+00
2257 2249 1.000000000000000000e+00
2257 2258 1.000000000000000000e+00
2257 2273 1.000000000000000000e+00
2257 2385 1.000000000000000000e+00
2258 211 1.000000000000000000e+00
2258 1234 1.000000000000000000e+00
2258 2226 1.000000000000000000e+00
2258 2250 1.000000000000000000e+00
2258 2257 1.000000000000000000e+00
2258 2258 -1.000000000000000000e+00
2258 2260 1.000000000000000000e+00
2258 2274 1.000000000000000000e+00
2258 2386 1.000000000000000000e+00
2259 1235 1.000000000000000000e+00
2259 2227 1.000000000000000000e+00
2259 2251 1.000000000000000000e+00
2259 2261 1.000000000000000000e+00
2259 2275 1.000000000000000000e+00
2259 2387 1.000000000000000000e+00
2260 213 1.000000000000000000e+00
2260 1236 1.000000000000000000e+00
2260 2228 1.000000000000000000e+00
2260 2252 1.000000000000000000e+00
2260 2258 1.000000000000000000e+00
2260 2260 -1.000000000000000000e+00
2260 2264 1.000000000000000000e+00
2260 2276 1.000000000000000000e+00
2260 2388 1.000000000000000000e+00
2261 1237 1.000000000000000000e+00
2261 2229 1.000000000000000000e+00
2261 2253 1.000000000000000000e+00
2261 2259 1.000000000000000000e+00
2261 2261 -1.000000000000000000e+00
2261 2262 1.000000000000000000e+00
2261 2265 1.000000000000000000e+00
2261 2277 1.000000000000000000e+00
2261 2389 1.000000000000000000e+00
2262 215 1.000000000000000000e+00
2262 1238 1.000000000000000000e+00
2262 2230 1.000000000000000000e+00
2262 2254 1.000000000000000000e+00
2262 2261 1.000000000000000000e+00
2262 2262 -1.000000000000000000e+00
2262 2266 1.000000000000000000e+00
2262 2278 1.000000000000000000e+00
2262 2390 1.000000000000000000e+00
2263 1239 1.000000000000000000e+00
2263 2231 1.000000000000000000e+00
2263 2255 1.000000000000000000e+00
2263 2267 1.000000000000000000e+00
2263 2279 1.000000000000000000e+00
2263 2391 1.000000000000000000e+00
2264 217 1.000000000000000000e+00
2264 1240 1.000000000000000000e+00
2264 2232 1.000000000000000000e+00
2264 2260 1.000000000000000000e+00
2264 2280 1.000000000000000000e+00
2264 2392 1.000000000000000000e+00
2265 1241 1.000000000000000000e+00
2265 2233 1.000000000000000000e+00
2265 2261 1.000000000000000000e+00
2265 2266 1.000000000000000000e+00
2265 2281 1.000000000000000000e+00
2265 2393 1.000000000000000000e+00
2266 219 1.000000000000000000e+00
2266 1242 1.000000000000000000e+00
2266 2234 1.000000000000000000e+00
2266 2262 1.000000000000000000e+00
2266 2265 1.000000000000000000e+00
2266 2266 -1.000000000000000000e+00
2266 2268 1.000000000000000000e+00
2266 2282 1.000000000000000000e+00
2266 2394 1.000000000000000000e+00
2267 1243 1.000000000000000000e+00
2267 2235 1.000000000000000000e+00
2267 2263 1.000000000000000000e+00
2267 2269 1.000000000000000000e+00
2267 2283 1.000000000000000000e+00
2267 2395 1.000000000000000000e+00
2268 221 1.000000000000000000e+00
2268 1244 1.000000000000000000e+00
2268 2236 1.000000000000000000e+00
2268 2266 1.000000000000000000e+00
2268 2284 1.000000000000000000e+00
2268 2396 1.000000000000000000e+00
2269 1245 1.000000000000000000e+00
2269 2237 1.000000000000000000e+00
2269 2267 1.000000000000000000e+00
2269 2270 1.000000000000000000e+00
2269 2285 1.000000000000000000e+00
2269 2397 1.000000000000000000e+00
2270 223 1.000000000000000000e+00
2270 1246 1.000000000000000000e+00
2270 2238 1.000000000000000000e+00
2270 2269 1.000000000000000000e+00
2270 2286 1.000000000000000000e+00
2270 2398 1.000000000000000000e+00
2271 1247 1.000000000000000000e+00
2271 2239 1.000000000000000000e+00
2271 2271 1.000000000000000000e+00
2271 2287 1.000000000000000000e+00
2271 2399 1.000000000000000000e+00
2272 225 1.000000000000000000e+00
2272 1248 1.000000000000000000e+00
2272 2256 1.000000000000000000e+00
2272 2272 1.000000000000000000e+00
2272 2400 1.000000000000000000e+00
2273 1249 1.000000000000000000e+00
2273 2257 1.000000000000000000e+00
2273 2273 1.000000000000000000e+00
2273 2274 1.000000000000000000e+00
2273 2401 1.000000000000000000e+00
2274 227 1.000000000000000000e+00
2274 1250 1.000000000000000000e+00
2274 2258 1.000000000000000000e+00
2274 2273 1.000000000000000000e+00
2274 2276 1.000000000000000000e+00
2274 2402 1.000000000000000000e+00
2275 1251 1.000000000000000000e+00
2275 2259 1.000000000000000000e+00
2275 2275 1.000000000000000000e+00
2275 2277 1.000000000000000000e+00
2275 2403 1.000000000000000000e+00
2276 229 1.000000000000000000e+00
2276 1252 1.000000000000000000e+00
2276 2260 1.000000000000000000e+00
2276 2274 1.000000000000000000e+00
2276 2280 1.000000000000000000e+00
2276 2404 1.000000000000000000e+00
2277 1253 1.000000000000000000e+00
2277 2261 1.000000000000000000e+00
2277 2275 1.000000000000000000e+00
2277 2278 1.000000000000000000e+00
2277 2281 1.000000000000000000e+00
2277 2405 1.000000000000000000e+00
2278 231 1.000000000000000000e+00
2278 1254 1.000000000000000000e+00
2278 2262 1.000000000000000000e+00
2278 2277 1.000000000000000000e+00
2278 2282 1.000000000000000000e+00
2278 2406 1.000000000000000000e+00
2279 1255 1.000000000000000000e+00
2279 2263 1.000000000000000000e+00
2279 2279 1.000000000000000000e+00
2279 2283 1.000000000000000000e+00
2279 2407 1.000000000000000000e+00
2280 233 1.000000000000000000e+00
2280 1256 1.000000000000000000e+00
2280 2264 1.000000000000000000e+00
2280 2276 1.000000000000000000e+00
2280 2288 1.000000000000000000e+00
2280 2408 1.000000000000000000e+00
2281 1257 1.000000000000000000e+00
2281 2265 1.000000000000000000e+00
2281 2277 1.000000000000000000e+00
2281 2282 1.000000000000000000e+00
2281 2289 1.000000000000000000e+00
2281 2409 1.000000000000000000e+00
2282 235 1.000000000000000000e+00
2282 1258 1.000000000000000000e+00
2282 2266 1.000000000000000000e+00
2282 2278 1.000000000000000000e+00
2282 2281 1.000000000000000000e+00
2282 2282 -1.000000000000000000e+00
2282 2284 1.000000000000000000e+00
2282 2290 1.000000000000000000e+00
2282 2410 1.000000000000000000e+00
2283 1259 1.000000000000000000e+00
2283 2267 1.000000000000000000e+00
2283 2279 1.000000000000000000e+00
2283 2285 1.000000000000000000e+00
2283 2291 1.000000000000000000e+00
2283 2411 1.000000000000000000e+00
2284 237 1.000000000000000000e+00
2284 1260 1.000000000000000000e+00
2284 2268 1.000000000000000000e+00
2284 2282 1.000000000000000000e+00
2284 2292 1.000000000000000000e+00
2284 2412 1.000000000000000000e+00
2285 1261 1.000000000000000000e+00
2285 2269 1.000000000000000000e+00
2285 2283 1.000000000000000000e+00
2285 2286 1.000000000000000000e+00
2285 2293 1.000000000000000000e+00
2285 2413 1.000000000000000000e+00
2286 239 1.000000000000000000e+00
2286 1262 1.000000000000000000e+00
2286 2270 1.000000000000000000e+00
2286 2285 1.000000000000000000e+00
2286 2294 1.000000000000000000e+00
2286 2414 1.000000000000000000e+00
2287 1263 1.000000000000000000e+00
2287 2271 1.000000000000000000e+00
2287 2287 1.000000000000000000e+00
2287 2295 1.000000000000000000e+00
2287 2415 1.000000000000000000e+00
2288 241 1.000000000000000000e+00
2288 1264 1.000000000000000000e+00
2288 2280 1.000000000000000000e+00
2288 2288 1.000000000000000000e+00
2288 2416 1.000000000000000000e+00
2289 1265 1.000000000000000000e+00
2289 2281 1.000000000000000000e+00
2289 2289 1.000000000000000000e+00
2289 2290 1.000000000000000000e+00
2289 2417 1.000000000000000000e+00
2290 243 1.000000000000000000e+00
2290 1266 1.000000000000000000e+00
2290 2282 1.000000000000000000e+00
2290 2289 1.000000000000000000e+00
2290 2292 1.000000000000000000e+00
2290 2418 1.000000000000000000e+00
2291 1267 1.000000000000000000e+00
2291 2283 1.000000000000000000e+00
2291 2291 1.000000000000000000e+00
2291 2293 1.000000000000000000e+00
2291 2419 1.000000000000000000e+00
2292 245 1.000000000000000000e+00
2292 1268 1.000000000000000000e+00
2292 2284 1.000000000000000000e+00
2292 2290 1.000000000000000000e+00
2292 2296 1.000000000000000000e+00
2292 2420 1.000000000000000000e+00
2293 1269 1.000000000000000000e+00
2293 2285 1.000000000000000000e+00
2293 2291 1.000000000000000000e+00
2293 2294 1.000000000000000000e+00
2293 2297 1.000000000000000000e+00
2293 2421 1.000000000000000000e+00
2294 247 1.000000000000000000e+00
2294 1270 1.000000000000000000e+00
2294 2286 1.000000000000000000e+00
2294 2293 1.000000000000000000e+00
2294 2298 1.000000000000000000e+00
2294 2422 1.000000000000000000e+00
2295 1271 1.000000000000000000e+00
2295 2287 1.000000000000000000e+00
2295 2295 1.000000000000000000e+00
2295 2299 1.000000000000000000e+00
2295 2423 1.000000000000000000e+00
2296 249 1.000000000000000000e+00
2296 1272 1.000000000000000000e+00
2296 2292 1.000000000000000000e+00
2296 2296 1.000000000000000000e+00
2296 2424 1.000000000000000000e+00
2297 1273 1.000000000000000000e+00
2297 2293 1.000000000000000000e+00
2297 2297 1.000000000000000000e+00
2297 2298 1.000000000000000000e+00
2297 2425 1.000000000000000000e+00
2298 251 1.000000000000000000e+00
2298 1274 1.000000000000000000e+00
2298 2294 1.000000000000000000e+00
2298 2297 1.000000000000000000e+00
2298 2300 1.000000000000000000e+00
2298 2426 1.000000000000000000e+00
2299 1275 1.000000000000000000e+00
2299 2295 1.000000000000000000e+00
2299 2299 1.000000000000000000e+00
2299 2301 1.000000000000000000e+00
2299 2427 1.000000000000000000e+00
2300 253 1.000000000000000000e+00
2300 1276 1.000000000000000000e+00
2300 2298 1.000000000000000000e+00
2300 2300 1.000000000000000000e+00
2300 2428 1.000000000000000000e+00
2301 1277 1.000000000000000000e+00
2301 2299 1.000000000000000000e+00
2301 2301 1.000000000000000000e+00
2301 2302 1.000000000000000000e+00
2301 2429 1.000000000000000000e+00
2302 255 1.000000000000000000e+00
2302 1278 1.000000000000000000e+00
2302 2301 1.000000000000000000e+00
2302 2302 1.000000000000000000e+00
2302 2430 1.000000000000000000e+00
2303 1279 1.000000000000000000e+00
2303 2303 2.000000000000000000e+00
2303 2431 1.000000000000000000e+00
2304 257 1.000000000000000000e+00
2304 1280 1.000000000000000000e+00
2304 2176 1.000000000000000000e+00
2304 2304 1.000000000000000000e+00
2304 2560 1.000000000000000000e+00
2305 1281 1.000000000000000000e+00
2305 2177 1.000000000000000000e+00
2305 2305 1.000000000000000000e+00
2305 2306 1.000000000000000000e+00
2305 2561 1.000000000000000000e+00
2306 259 1.000000000000000000e+00
2306 1282 1.000000000000000000e+00
2306 2178 1.000000000000000000e+00
2306 2305 1.000000000000000000e+00
2306 2308 1.000000000000000000e+00
2306 2562 1.000000000000000000e+00
2307 1283 1.000000000000000000e+00
2307 2179 1.000000000000000000e+00
2307 2307 1.000000000000000000e+00
2307 2309 1.000000000000000000e+00
2307 2563 1.000000000000000000e+00
2308 261 1.000000000000000000e+00
2308 1284 1.000000000000000000e+00
2308 2180 1.000000000000000000e+00
2308 2306 1.000000000000000000e+00
2308 2312 1.000000000000000000e+00
2308 2564 1.000000000000000000e+00
2309 1285 1.000000000000000000e+00
2309 2181 1.000000000000000000e+00
2309 2307 1.000000000000000000e+00
2309 2310 1.000000000000000000e+00
2309 2313 1.000000000000000000e+00
2309 2565 1.000000000000000000e+00
2310 263 1.000000000000000000e+00
2310 1286 1.000000000000000000e+00
2310 2182 1.000000000000000000e+00
2310 2309 1.000000000000000000e+00
2310 2314 1.000000000000000000e+00
2310 2566 1.000000000000000000e+00
2311 1287 1.000000000000000000e+00
2311 2183 1.000000000000000000e+00
2311 2311 1.000000000000000000e+00
2311 2315 1.000000000000000000e+00
2311 2567 1.000000000000000000e+00
2312 265 1.000000000000000000e+00
2312 1288 1.000000000000000000e+00
2312 2184 1.000000000000000000e+00
2312 2308 1.000000000000000000e+00
2312 2320 1.000000000000000000e+00
2312 2568 1.000000000000000000e+00
2313 1289 1.000000000000000000e+00
2313 2185 1.000000000000000000e+00
2313 2309 1.000000000000000000e+00
2313 2314 1.000000000000000000e+00
2313 2321 1.000000000000000000e+00
2313 2569 1.000000000000000000e+00
2314 267 1.000000000000000000e+00
2314 1290 1.000000000000000000e+00
2314 2186 1.000000000000000000e+00
2314 2310 1.000000000000000000e+00
2314 2313 1.000000000000000000e+00
2314 2314 -1.000000000000000000e+00
2314 2316 1.000000000000000000e+00
2314 2322 1.000000000000000000e+00
2314 2570 1.000000000000000000e+00
2315 1291 1.000000000000000000e+00
2315 2187 1.000000000000000000e+00
2315 2311 1.000000000000000000e+00
2315 2317 1.000000000000000000e+00
2315 2323 1.000000000000000000e+00
2315 2571 1.000000000000000000e+00
2316 269 1.000000000000000000e+00
2316 1292 1.000000000000000000e+00
2316 2188 1.000000000000000000e+00
2316 2314 1.000000000000000000e+00
2316 2324 1.000000000000000000e+00
2316 2572 1.000000000000000000e+00
2317 1293 1.000000000000000000e+00
2317 2189 1.000000000000000000e+00
2317 2315 1.000000000000000000e+00
2317 2318 1.000000000000000000e+00
2317 2325 1.000000000000000000e+00
2317 2573 1.000000000000000000e+00
2318 271 1.000000000000000000e+00
2318 1294 1.000000000000000000e+00
2318 2190 1.000000000000000000e+00
2318 2317 1.000000000000000000e+00
2318 2326 1.000000000000000000e+00
2318 2574 1.000000000000000000e+00
2319 1295 1.000000000000000000e+00
2319 2191 1.000000000000000000e+00
2319 2319 1.000000000000000000e+00
2319 2327 1.000000000000000000e+00
2319 2575 1.000000000000000000e+00
2320 273 1.000000000000000000e+00
2320 1296 1.000000000000000000e+00
2320 2192 1.000000000000000000e+00
2320 2312 1.000000000000000000e+00
2320 2336 1.000000000000000000e+00
2320 2576 1.000000000000000000e+00
2321 1297 1.000000000000000000e+00
2321 2193 1.000000000000000000e+00
2321 2313 1.000000000000000000e+00
2321 2322 1.000000000000000000e+00
2321 2337 1.000000000000000000e+00
2321 2577 1.000000000000000000e+00
2322 275 1.000000000000000000e+00
2322 1298 1.000000000000000000e+00
2322 2194 1.000000000000000000e+00
2322 2314 1.000000000000000000e+00
2322 2321 1.000000000000000000e+00
2322 2322 -1.000000000000000000e+00
2322 2324 1.000000000000000000e+00
2322 2338 1.000000000000000000e+00
2322 2578 1.000000000000000000e+00
2323 1299 1.000000000000000000e+00
2323 2195 1.000000000000000000e+00
2323 2315 1.000000000000000000e+00
2323 2325 1.000000000000000000e+00
2323 2339 1.000000000000000000e+00
2323 2579 1.000000000000000000e+00
2324 277 1.000000000000000000e+00
2324 1300 1.000000000000000000e+00
2324 2196 1.000000000000000000e+00
2324 2316 1.000000000000000000e+00
2324 2322 1.000000000000000000e+00
2324 2324 -1.000000000000000000e+00
2324 2328 1.000000000000000000e+00
2324 2340 1.000000000000000000e+00
2324 2580 1.000000000000000000e+00
2325 1301 1.000000000000000000e+00
2325 2197 1.000000000000000000e+00
2325 2317 1.000000000000000000e+00
2325 2323 1.000000000000000000e+00
2325 2325 -1.000000000000000000e+00
2325 2326 1.000000000000000000e+00
2325 2329 1.000000000000000000e+00
2325 2341 1.000000000000000000e+00
2325 2581 1.000000000000000000e+00
2326 279 1.000000000000000000e+00
2326 1302 1.000000000000000000e+00
2326 2198 1.000000000000000000e+00
2326 2318 1.000000000000000000e+00
2326 2325 1.000000000000000000e+00
2326 2326 -1.000000000000000000e+00
2326 2330 1.000000000000000000e+00
2326 2342 1.000000000000000000e+00
2326 2582 1.000000000000000000e+00
2327 1303 1.000000000000000000e+00
2327 2199 1.000000000000000000e+00
2327 2319 1.000000000000000000e+00
2327 2331 1.000000000000000000e+00
2327 2343 1.000000000000000000e+00
2327 2583 1.000000000000000000e+00
2328 281 1.000000000000000000e+00
2328 1304 1.000000000000000000e+00
2328 2200 1.000000000000000000e+00
2328 2324 1.000000000000000000e+00
2328 2344 1.000000000000000000e+00
2328 2584 1.000000000000000000e+00
2329 1305 1.000000000000000000e+00
2329 2201 1.000000000000000000e+00
2329 2325 1.000000000000000000e+00
2329 2330 1.000000000000000000e+00
2329 2345 1.000000000000000000e+00
2329 2585 1.000000000000000000e+00
2330 283 1.000000000000000000e+00
2330 1306 1.000000000000000000e+00
2330 2202 1.000000000000000000e+00
2330 2326 1.000000000000000000e+00
2330 2329 1.000000000000000000e+00
2330 2330 -1.000000000000000000e+00
2330 2332 1.000000000000000000e+00
2330 2346 1.000000000000000000e+00
2330 2586 1.000000000000000000e+00
2331 1307 1.000000000000000000e+00
2331 2203 1.000000000000000000e+00
2331 2327 1.000000000000000000e+00
2331 2333 1.000000000000000000e+00
2331 2347 1.000000000000000000e+00
2331 2587 1.000000000000000000e+00
2332 285 1.000000000000000000e+00
2332 1308 1.000000000000000000e+00
2332 2204 1.000000000000000000e+00
2332 2330 1.000000000000000000e+00
2332 2348 1.000000000000000000e+00
2332 2588 1.000000000000000000e+00
2333 1309 1.000000000000000000e+00
2333 2205 1.000000000000000000e+00
2333 2331 1.000000000000000000e+00
2333 2334 1.000000000000000000e+00
2333 2349 1.000000000000000000e+00
2333 2589 1.000000000000000000e+00
2334 287 1.000000000000000000e+00
2334 1310 1.000000000000000000e+00
2334 2206 1.000000000000000000e+00
2334 2333 1.000000000000000000e+00
2334 2350 1.000000000000000000e+00
2334 2590 1.000000000000000000e+00
2335 1311 1.000000000000000000e+00
2335 2207 1.000000000000000000e+00
2335 2335 1.000000000000000000e+00
2335 2351 1.000000000000000000e+00
2335 2591 1.000000000000000000e+00
2336 289 1.000000000000000000e+00
2336 1312 1.000000000000000000e+00
2336 2208 1.000000000000000000e+00
2336 2320 1.000000000000000000e+00
2336 2368 1.000000000000000000e+00
2336 2592 1.000000000000000000e+00
2337 1313 1.000000000000000000e+00
2337 2209 1.000000000000000000e+00
2337 2321 1.000000000000000000e+00
2337 2338 1.000000000000000000e+00
2337 2369 1.000000000000000000e+00
2337 2593 1.000000000000000000e+00
2338 291 1.000000000000000000e+00
2338 1314 1.000000000000000000e+00
2338 2210 1.000000000000000000e+00
2338 2322 1.000000000000000000e+00
2338 2337 1.000000000000000000e+00
2338 2338 -1.000000000000000000e+00
2338 2340 1.000000000000000000e+00
2338 2370 1.000000000000000000e+00
2338 2594 1.000000000000000000e+00
2339 1315 1.000000000000000000e+00
2339 2211 1.000000000000000000e+00
2339 2323 1.000000000000000000e+00
2339 2341 1.000000000000000000e+00
2339 2371 1.000000000000000000e+00
2339 2595 1.000000000000000000e+00
2340 293 1.000000000000000000e+00
2340 1316 1.000000000000000000e+00
2340 2212 1.000000000000000000e+00
2340 2324 1.000000000000000000e+00
2340 2338 1.000000000000000000e+00
2340 2340 -1.000000000000000000e+00
2340 2344 1.000000000000000000e+00
2340 2372 1.000000000000000000e+00
2340 2596 1.000000000000000000e+00
2341 1317 1.000000000000000000e+00
2341 2213 1.000000000000000000e+00
2341 2325 1.000000000000000000e+00
2341 2339 1.000000000000000000e+00
2341 2341 -1.000000000000000000e+00
2341 2342 1.000000000000000000e+00
2341 2345 1.000000000000000000e+00
2341 2373 1.000000000000000000e+00
2341 2597 1.000000000000000000e+00
2342 295 1.000000000000000000e+00
2342 1318 1.000000000000000000e+00
2342 2214 1.000000000000000000e+00
2342 2326 1.000000000000000000e+00
2342 2341 1.000000000000000000e+00
2342 2342 -1.000000000000000000e+00
2342 2346 1.000000000000000000e+00
2342 2374 1.000000000000000000e+00
2342 2598 1.000000000000000000e+00
2343 1319 1.000000000000000000e+00
2343 2215 1.000000000000000000e+00
2343 2327 1.000000000000000000e+00
2343 2347 1.000000000000000000e+00
2343 2375 1.000000000000000000e+00
2343 2599 1.000000000000000000e+00
2344 297 1.000000000000000000e+00
2344 1320 1.000000000000000000e+00
2344 2216 1.000000000000000000e+00
2344 2328 1.000000000000000000e+00
2344 2340 1.000000000000000000e+00
2344 2344 -1.000000000000000000e+00
2344 2352 1.000000000000000000e+00
2344 2376 1.000000000000000000e+00
2344 2600 1.000000000000000000e+00
2345 1321 1.000000000000000000e+00
2345 2217 1.000000000000000000e+00
2345 2329 1.000000000000000000e+00
2345 2341 1.000000000000000000e+00
2345 2345 -1.000000000000000000e+00
2345 2346 1.000000000000000000e+00
2345 2353 1.000000000000000000e+00
2345 2377 1.000000000000000000e+00
2345 2601 1.000000000000000000e+00
2346 299 1.000000000000000000e+00
2346 1322 1.000000000000000000e+00
2346 2218 1.000000000000000000e+00
2346 2330 1.000000000000000000e+00
2346 2342 1.000000000000000000e+00
2346 2345 1.000000000000000000e+00
2346 2346 -2.000000000000000000e+00
2346 2348 1.000000000000000000e+00
2346 2354 1.000000000000000000e+00
2346 2378 1.000000000000000000e+00
2346 2602 1.000000000000000000e+00
2347 1323 1.000000000000000000e+00
2347 2219 1.000000000000000000e+00
2347 2331 1.000000000000000000e+00
2347 2343 1.000000000000000000e+00
2347 2347 -1.000000000000000000e+00
2347 2349 1.000000000000000000e+00
2347 2355 1.000000000000000000e+00
2347 2379 1.000000000000000000e+00
2347 2603 1.000000000000000000e+00
2348 301 1.000000000000000000e+00
2348 1324 1.000000000000000000e+00
2348 2220 1.000000000000000000e+00
2348 2332 1.000000000000000000e+00
2348 2346 1.000000000000000000e+00
2348 2348 -1.000000000000000000e+00
2348 2356 1.000000000000000000e+00
2348 2380 1.000000000000000000e+00
2348 2604 1.000000000000000000e+00
2349 1325 1.000000000000000000e+00
2349 2221 1.000000000000000000e+00
2349 2333 1.000000000000000000e+00
2349 2347 1.000000000000000000e+00
2349 2349 -1.000000000000000000e+00
2349 2350 1.000000000000000000e+00
2349 2357 1.000000000000000000e+00
2349 2381 1.000000000000000000e+00
2349 2605 1.000000000000000000e+00
2350 303 1.000000000000000000e+00
2350 1326 1.000000000000000000e+00
2350 2222 1.000000000000000000e+00
2350 2334 1.000000000000000000e+00
2350 2349 1.000000000000000000e+00
2350 2350 -1.000000000000000000e+00
2350 2358 1.000000000000000000e+00
2350 2382 1.000000000000000000e+00
2350 2606 1.000000000000000000e+00
2351 1327 1.000000000000000000e+00
2351 2223 1.000000000000000000e+00
2351 2335 1.000000000000000000e+00
2351 2359 1.000000000000000000e+00
2351 2383 1.000000000000000000e+00
2351 2607 1.000000000000000000e+00
2352 305 1.000000000000000000e+00
2352 1328 1.000000000000000000e+00
2352 2224 1.000000000000000000e+00
2352 2344 1.000000000000000000e+00
2352 2384 1.000000000000000000e+00
2352 2608 1.000000000000000000e+00
2353 1329 1.000000000000000000e+00
2353 2225 1.000000000000000000e+00
2353 2345 1.000000000000000000e+00
2353 2354 1.000000000000000000e+00
2353 2385 1.000000000000000000e+00
2353 2609 1.000000000000000000e+00
2354 307 1.000000000000000000e+00
2354 1330 1.000000000000000000e+00
2354 2226 1.000000000000000000e+00
2354 2346 1.000000000000000000e+00
2354 2353 1.000000000000000000e+00
2354 2354 -1.000000000000000000e+00
2354 2356 1.000000000000000000e+00
2354 2386 1.000000000000000000e+00
2354 2610 1.000000000000000000e+00
2355 1331 1.000000000000000000e+00
2355 2227 1.000000000000000000e+00
2355 2347 1.000000000000000000e+00
2355 2357 1.000000000000000000e+00
2355 2387 1.000000000000000000e+00
2355 2611 1.000000000000000000e+00
2356 309 1.000000000000000000e+00
2356 1332 1.000000000000000000e+00
2356 2228 1.000000000000000000e+00
2356 2348 1.000000000000000000e+00
2356 2354 1.000000000000000000e+00
2356 2356 -1.000000000000000000e+00
2356 2360 1.000000000000000000e+00
2356 2388 1.000000000000000000e+00
2356 2612 1.000000000000000000e+00
2357 1333 1.000000000000000000e+00
2357 2229 1.000000000000000000e+00
2357 2349 1.000000000000000000e+00
2357 2355 1.000000000000000000e+00
2357 2357 -1.000000000000000000e+00
2357 2358 1.000000000000000000e+00
2357 2361 1.000000000000000000e+00
2357 2389 1.000000000000000000e+00
2357 2613 1.000000000000000000e+00
2358 311 1.000000000000000000e+00
2358 1334 1.000000000000000000e+00
2358 2230 1.000000000000000000e+00
2358 2350 1.000000000000000000e+00
2358 2357 1.000000000000000000e+00
2358 2358 -1.000000000000000000e+00
2358 2362 1.000000000000000000e+00
2358 2390 1.000000000000000000e+00
2358 2614 1.000000000000000000e+00
2359 1335 1.000000000000000000e+00
2359 2231 1.000000000000000000e+00
2359 2351 1.000000000000000000e+00
2359 2363 1.000000000000000000e+00
2359 2391 1.000000000000000000e+00
2359 2615 1.000000000000000000e+00
2360 313 1.000000000000000000e+00
2360 1336 1.000000000000000000e+00
2360 2232 1.000000000000000000e+00
2360 2356 1.000000000000000000e+00
2360 2392 1.000000000000000000e+00
2360 2616 1.000000000000000000e+00
2361 1337 1.000000000000000000e+00
2361 2233 1.000000000000000000e+00
2361 2357 1.000000000000000000e+00
2361 2362 1.000000000000000000e+00
2361 2393 1.000000000000000000e+00
2361 2617 1.000000000000000000e+00
2362 315 1.000000000000000000e+00
2362 1338 1.000000000000000000e+00
2362 2234 1.000000000000000000e+00
2362 2358 1.000000000000000000e+00
2362 2361 1.000000000000000000e+00
2362 2362 -1.000000000000000000e+00
2362 2364 1.000000000000000000e+00
2362 2394 1.000000000000000000e+00
2362 2618 1.000000000000000000e+00
2363 1339 1.000000000000000000e+00
2363 2235 1.000000000000000000e+00
2363 2359 1.000000000000000000e+00
2363 2365 1.000000000000000000e+00
2363 2395 1.000000000000000000e+00
2363 2619 1.000000000000000000e+00
2364 317 1.000000000000000000e+00
2364 1340 1.000000000000000000e+00
2364 2236 1.000000000000000000e+00
2364 2362 1.000000000000000000e+00
2364 2396 1.000000000000000000e+00
2364 2620 1.000000000000000000e+00
2365 1341 1.000000000000000000e+00
2365 2237 1.000000000000000000e+00
2365 2363 1.000000000000000000e+00
2365 2366 1.000000000000000000e+00
2365 2397 1.000000000000000000e+00
2365 2621 1.000000000000000000e+00
2366 319 1.000000000000000000e+00
2366 1342 1.000000000000000000e+00
2366 2238 1.000000000000000000e+00
2366 2365 1.000000000000000000e+00
2366 2398 1.000000000000000000e+00
2366 2622 1.000000000000000000e+00
2367 1343 1.000000000000000000e+00
2367 2239 1.000000000000000000e+00
2367 2367 1.000000000000000000e+00
2367 2399 1.000000000000000000e+00
2367 2623 1.000000000000000000e+00
2368 321 1.000000000000000000e+00
2368 1344 1.000000000000000000e+00
2368 2240 1.000000000000000000e+00
2368 2336 1.000000000000000000e+00
2368 2432 1.000000000000000000e+00
2368 2624 1.000000000000000000e+00
2369 1345 1.000000000000000000e+00
2369 2241 1.000000000000000000e+00
2369 2337 1.000000000000000000e+00
2369 2370 1.000000000000000000e+00
2369 2433 1.000000000000000000e+00
2369 2625 1.000000000000000000e+00
2370 323 1.000000000000000000e+00
2370 1346 1.000000000000000000e+00
2370 2242 1.000000000000000000e+00
2370 2338 1.000000000000000000e+00
2370 2369 1.000000000000000000e+00
2370 2370 -1.000000000000000000e+00
2370 2372 1.000000000000000000e+00
2370 2434 1.000000000000000000e+00
2370 2626 1.000000000000000000e+00
2371 1347 1.000000000000000000e+00
2371 2243 1.000000000000000000e+00
2371 2339 1.000000000000000000e+00
2371 2373 1.000000000000000000e+00
2371 2435 1.000000000000000000e+00
2371 2627 1.000000000000000000e+00
2372 325 1.000000000000000000e+00
2372 1348 1.000000000000000000e+00
2372 2244 1.000000000000000000e+00
2372 2340 1.000000000000000000e+00
2372 2370 1.000000000000000000e+00
2372 2372 -1.000000000000000000e+00
2372 2376 1.000000000000000000e+00
2372 2436 1.000000000000000000e+00
2372 2628 1.000000000000000000e+00
2373 1349 1.000000000000000000e+00
2373 2245 1.000000000000000000e+00
2373 2341 1.000000000000000000e+00
2373 2371 1.000000000000000000e+00
2373 2373 -1.000000000000000000e+00
2373 2374 1.000000000000000000e+00
2373 2377 1.000000000000000000e+00
2373 2437 1.000000000000000000e+00
2373 2629 1.000000000000000000e+00
2374 327 1.000000000000000000e+00
2374 1350 1.000000000000000000e+00
2374 2246 1.000000000000000000e+00
2374 2342 1.000000000000000000e+00
2374 2373 1.000000000000000000e+00
2374 2374 -1.000000000000000000e+00
2374 2378 1.000000000000000000e+00
2374 2438 1.000000000000000000e+00
2374 2630 1.000000000000000000e+00
2375 1351 1.000000000000000000e+00
2375 2247 1.000000000000000000e+00
2375 2343 1.000000000000000000e+00
2375 2379 1.000000000000000000e+00
2375 2439 1.000000000000000000e+00
2375 2631 1.000000000000000000e+00
2376 329 1.000000000000000000e+00
2376 1352 1.000000000000000000e+00
2376 2248 1.000000000000000000e+00
2376 2344 1.000000000000000000e+00
2376 2372 1.000000000000000000e+00
2376 2376 -1.000000000000000000e+00
2376 2384 1.000000000000000000e+00
2376 2440 1.000000000000000000e+00
2376 2632 1.000000000000000000e+00
2377 1353 1.000000000000000000e+00
2377 2249 1.000000000000000000e+00
2377 2345 1.000000000000000000e+00
2377 2373 1.000000000000000000e+00
2377 2377 -1.000000000000000000e+00
2377 2378 1.000000000000000000e+00
2377 2385 1.000000000000000000e+00
2377 2441 1.000000000000000000e+00
2377 2633 1.000000000000000000e+00
2378 331 1.000000000000000000e+00
2378 1354 1.000000000000000000e+00
2378 2250 1.000000000000000000e+00
2378 2346 1.000000000000000000e+00
2378 2374 1.000000000000000000e+00
2378 2377 1.000000000000000000e+00
2378 2378 -2.000000000000000000e+00
2378 2380 1.000000000000000000e+00
2378 2386 1.000000000000000000e+00
2378 2442 1.000000000000000000e+00
2378 2634 1.000000000000000000e+00
2379 1355 1.000000000000000000e+00
2379 2251 1.000000000000000000e+00
2379 2347 1.000000000000000000e+00
2379 2375 1.000000000000000000e+00
2379 2379 -1.000000000000000000e+00
2379 2381 1.000000000000000000e+00
2379 2387 1.000000000000000000e+00
2379 2443 1.000000000000000000e+00
2379 2635 1.000000000000000000e+00
2380 333 1.000000000000000000e+00
2380 1356 1.000000000000000000e+00
2380 2252 1.000000000000000000e+00
2380 2348 1.000000000000000000e+00
2380 2378 1.000000000000000000e+00
2380 2380 -1.000000000000000000e+00
2380 2388 1.000000000000000000e+00
2380 2444 1.000000000000000000e+00
2380 2636 1.000000000000000000e+00
2381 1357 1.000000000000000000e+00
2381 2253 1.000000000000000000e+00
2381 2349 1.000000000000000000e+00
2381 2379 1.000000000000000000e+00
2381 2381 -1.000000000000000000e+00
2381 2382 1.000000000000000000e+00
2381 2389 1.000000000000000000e+00
2381 2445 1.000000000000000000e+00
2381 2637 1.000000000000000000e+00
2382 335 1.000000000000000000e+00
2382 1358 1.000000000000000000e+00
2382 2254 1.000000000000000000e+00
2382 2350 1.000000000000000000e+00
2382 2381 1.000000000000000000e+00
2382 2382 -1.000000000000000000e+00
2382 2390 1.000000000000000000e+00
2382 2446 1.000000000000000000e+00
2382 2638 1.000000000000000000e+00
2383 1359 1.000000000000000000e+00
2383 2255 1.000000000000000000e+00
2383 2351 1.000000000000000000e+00
2383 2391 1.000000000000000000e+00
2383 2447 1.000000000000000000e+00
2383 2639 1.000000000000000000e+00
2384 337 1.000000000000000000e+00
2384 1360 1.000000000000000000e+00
2384 2256 1.000000000000000000e+00
2384 2352 1.000000000000000000e+00
2384 2376 1.000000000000000000e+00
2384 2384 -1.000000000000000000e+00
2384 2400 1.000000000000000000e+00
2384 2448 1.000000000000000000e+00
2384 2640 1.000000000000000000e+00
2385 1361 1.000000000000000000e+00
2385 2257 1.000000000000000000e+00
2385 2353 1.000000000000000000e+00
2385 2377 1.000000000000000000e+00
2385 2385 -1.000000000000000000e+00
2385 2386 1.000000000000000000e+00
2385 2401 1.000000000000000000e+00
2385 2449 1.000000000000000000e+00
2385 2641 1.000000000000000000e+00
2386 339 1.000000000000000000e+00
2386 1362 1.000000000000000000e+00
2386 2258 1.000000000000000000e+00
2386 2354 1.000000000000000000e+00
2386 2378 1.000000000000000000e+00
2386 2385 1.000000000000000000e+00
2386 2386 -2.000000000000000000e+00
2386 2388 1.000000000000000000e+00
2386 2402 1.000000000000000000e+00
2386 2450 1.000000000000000000e+00
2386 2642 1.000000000000000000e+00
2387 1363 1.000000000000000000e+00
2387 2259 1.000000000000000000e+00
2387 2355 1.000000000000000000e+00
2387 2379 1.000000000000000000e+00
2387 2387 -1.000000000000000000e+00
2387 2389 1.000000000000000000e+00
2387 2403 1.000000000000000000e+00
2387 2451 1.000000000000000000e+00
2387 2643 1.000000000000000000e+00
2388 341 1.000000000000000000e+00
2388 1364 1.000000000000000000e+00
2388 2260 1.000000000000000000e+00
2388 2356 1.000000000000000000e+00
2388 2380 1.000000000000000000e+00
2388 2386 1.000000000000000000e+00
2388 2388 -2.000000000000000000e+00
2388 2392 1.000000000000000000e+00
2388 2404 1.000000000000000000e+00
2388 2452 1.000000000000000000e+00
2388 2644 1.000000000000000000e+00
2389 1365 1.000000000000000000e+00
2389 2261 1.000000000000000000e+00
2389 2357 1.000000000000000000e+00
2389 2381 1.000000000000000000e+00
2389 2387 1.000000000000000000e+00
2389 2389 -2.000000000000000000e+00
2389 2390 1.000000000000000000e+00
2389 2393 1.000000000000000000e+00
2389 2405 1.000000000000000000e+00
2389 2453 1.000000000000000000e+00
2389 2645 1.000000000000000000e+00
2390 343 1.000000000000000000e+00
2390 1366 1.000000000000000000e+00
2390 2262 1.000000000000000000e+00
2390 2358 1.000000000000000000e+00
2390 2382 1.000000000000000000e+00
2390 2389 1.000000000000000000e+00
2390 2390 -2.000000000000000000e+00
2390 2394 1.000000000000000000e+00
2390 2406 1.000000000000000000e+00
2390 2454 1.000000000000000000e+00
2390 2646 1.000000000000000000e+00
2391 1367 1.000000000000000000e+00
2391 2263 1.000000000000000000e+00
2391 2359 1.000000000000000000e+00
2391 2383 1.000000000000000000e+00
2391 2391 -1.000000000000000000e+00
2391 2395 1.000000000000000000e+00
2391 2407 1.000000000000000000e+00
2391 2455 1.000000000000000000e+00
2391 2647 1.000000000000000000e+00
2392 345 1.000000000000000000e+00
2392 1368 1.000000000000000000e+00
2392 2264 1.000000000000000000e+00
2392 2360 1.000000000000000000e+00
2392 2388 1.000000000000000000e+00
2392 2392 -1.000000000000000000e+00
2392 2408 1.000000000000000000e+00
2392 2456 1.000000000000000000e+00
2392 2648 1.000000000000000000e+00
2393 1369 1.000000000000000000e+00
2393 2265 1.000000000000000000e+00
2393 2361 1.000000000000000000e+00
2393 2389 1.000000000000000000e+00
2393 2393 -1.000000000000000000e+00
2393 2394 1.000000000000000000e+00
2393 2409 1.000000000000000000e+00
2393 2457 1.000000000000000000e+00
2393 2649 1.000000000000000000e+00
2394 347 1.000000000000000000e+00
2394 1370 1.000000000000000000e+00
2394 2266 1.000000000000000000e+00
2394 2362 1.000000000000000000e+00
2394 2390 1.000000000000000000e+00
2394 2393 1.000000000000000000e+00
2394 2394 -2.000000000000000000e+00
2394 2396 1.000000000000000000e+00
2394 2410 1.000000000000000000e+00
2394 2458 1.000000000000000000e+00
2394 2650 1.000000000000000000e+00
2395 1371 1.000000000000000000e+00
2395 2267 1.000000000000000000e+00
2395 2363 1.000000000000000000e+00
2395 2391 1.000000000000000000e+00
2395 2395 -1.000000000000000000e+00
2395 2397 1.000000000000000000e+00
2395 2411 1.000000000000000000e+00
2395 2459 1.000000000000000000e+00
2395 2651 1.000000000000000000e+00
2396 349 1.000000000000000000e+00
2396 1372 1.000000000000000000e+00
2396 2268 1.000000000000000000e+00
2396 2364 1.000000000000000000e+00
2396 2394 1.000000000000000000e+00
2396 2396 -1.000000000000000000e+00
2396 2412 1.000000000000000000e+00
2396 2460 1.000000000000000000e+00
2396 2652 1.000000000000000000e+00
2397 1373 1.000000000000000000e+00
2397 2269 1.000000000000000000e+00
2397 2365 1.000000000000000000e+00
2397 2395 1.000000000000000000e+00
2397 2397 -1.000000000000000000e+00
2397 2398 1.000000000000000000e+00
2397 2413 1.000000000000000000e+00
2397 2461 1.000000000000000000e+00
2397 2653 1.000000000000000000e+00
2398 351 1.000000000000000000e+00
2398 1374 1.000000000000000000e+00
2398 2270 1.000000000000000000e+00
2398 2366 1.000000000000000000e+00
2398 2397 1.000000000000000000e+00
2398 2398 -1.000000000000000000e+00
2398 2414 1.000000000000000000e+00
2398 2462 1.000000000000000000e+00
2398 2654 1.000000000000000000e+00
2399 1375 1.000000000000000000e+00
2399 2271 1.000000000000000000e+00
2399 2367 1.000000000000000000e+00
2399 2415 1.000000000000000000e+00
2399 2463 1.000000000000000000e+00
2399 2655 1.000000000000000000e+00
2400 353 1.000000000000000000e+00
2400 1376 1.000000000000000000e+00
2400 2272 1.000000000000000000e+00
2400 2384 1.000000000000000000e+00
2400 2464 1.000000000000000000e+00
2400 2656 1.000000000000000000e+00
2401 1377 1.000000000000000000e+00
2401 2273 1.000000000000000000e+00
2401 2385 1.000000000000000000e+00
2401 2402 1.000000000000000000e+00
2401 2465 1.000000000000000000e+00
2401 2657 1.000000000000000000e+00
2402 355 1.000000000000000000e+00
2402 1378 1.000000000000000000e+00
2402 2274 1.000000000000000000e+00
2402 2386 1.000000000000000000e+00
2402 2401 1.000000000000000000e+00
2402 2402 -1.000000000000000000e+00
2402 2404 1.000000000000000000e+00
2402 2466 1.000000000000000000e+00
2402 2658 1.000000000000000000e+00
2403 1379 1.000000000000000000e+00
2403 2275 1.000000000000000000e+00
2403 2387 1.000000000000000000e+00
2403 2405 1.000000000000000000e+00
2403 2467 1.000000000000000000e+00
2403 2659 1.000000000000000000e+00
2404 357 1.000000000000000000e+00
2404 1380 1.000000000000000000e+00
2404 2276 1.000000000000000000e+00
2404 2388 1.000000000000000000e+00
2404 2402 1.000000000000000000e+00
2404 2404 -1.000000000000000000e+00
2404 2408 1.000000000000000000e+00
2404 2468 1.000000000000000000e+00
2404 2660 1.000000000000000000e+00
2405 1381 1.000000000000000000e+00
2405 2277 1.000000000000000000e+00
2405 2389 1.000000000000000000e+00
2405 2403 1.000000000000000000e+00
2405 2405 -1.000000000000000000e+00
2405 2406 1.000000000000000000e+00
2405 2409 1.000000000000000000e+00
2405 2469 1.000000000000000000e+00
2405 2661 1.000000000000000000e+00
2406 359 1.000000000000000000e+00
2406 1382 1.000000000000000000e+00
2406 2278 1.000000000000000000e+00
2406 2390 1.000000000000000000e+00
2406 2405 1.000000000000000000e+00
2406 2406 -1.000000000000000000e+00
2406 2410 1.000000000000000000e+00
2406 2470 1.000000000000000000e+00
2406 2662 1.000000000000000000e+00
2407 1383 1.000000000000000000e+00
2407 2279 1.000000000000000000e+00
2407 2391 1.000000000000000000e+00
2407 2411 1.000000000000000000e+00
2407 2471 1.000000000000000000e+00
2407 2663 1.000000000000000000e+00
2408 361 1.000000000000000000e+00
2408 1384 1.000000000000000000e+00
2408 2280 1.000000000000000000e+00
2408 2392 1.000000000000000000e+00
2408 2404 1.000000000000000000e+00
2408 2408 -1.000000000000000000e+00
2408 2416 1.000000000000000000e+00
2408 2472 1.000000000000000000e+00
2408 2664 1.000000000000000000e+00
2409 1385 1.000000000000000000e+00
2409 2281 1.000000000000000000e+00
2409 2393 1.000000000000000000e+00
2409 2405 1.000000000000000000e+00
2409 2409 -1.000000000000000000e+00
2409 2410 1.000000000000000000e+00
2409 2417 1.000000000000000000e+00
2409 2473 1.000000000000000000e+00
2409 2665 1.000000000000000000e+00
2410 363 1.000000000000000000e+00
2410 1386 1.000000000000000000e+00
2410 2282 1.000000000000000000e+00
2410 2394 1.000000000000000000e+00
2410 2406 1.000000000000000000e+00
2410 2409 1.000000000000000000e+00
2410 2410 -2.000000000000000000e+00
2410 2412 1.000000000000000000e+00
2410 2418 1.000000000000000000e+00
2410 2474 1.000000000000000000e+00
2410 2666 1.000000000000000000e+00
2411 1387 1.000000000000000000e+00
2411 2283 1.000000000000000000e+00
2411 2395 1.000000000000000000e+00
2411 2407 1.000000000000000000e+00
2411 2411 -1.000000000000000000e+00
2411 2413 1.000000000000000000e+00
2411 2419 1.000000000000000000e+00
2411 2475 1.000000000000000000e+00
2411 2667 1.000000000000000000e+00
2412 365 1.000000000000000000e+00
2412 1388 1.000000000000000000e+00
2412 2284 1.000000000000000000e+00
2412 2396 1.000000000000000000e+00
2412 2410 1.000000000000000000e+00
2412 2412 -1.000000000000000000e+00
2412 2420 1.000000000000000000e+00
2412 2476 1.000000000000000000e+00
2412 2668 1.000000000000000000e+00
2413 1389 1.000000000000000000e+00
2413 2285 1.000000000000000000e+00
2413 2397 1.000000000000000000e+00
2413 2411 1.000000000000000000e+00
2413 2413 -1.000000000000000000e+00
2413 2414 1.000000000000000000e+00
2413 2421 1.000000000000000000e+00
2413 2477 1.000000000000000000e+00
2413 2669 1.000000000000000000e+00
2414 367 1.000000000000000000e+00
2414 1390 1.000000000000000000e+00
2414 2286 1.000000000000000000e+00
2414 2398 1.000000000000000000e+00
2414 2413 1.000000000000000000e+00
2414 2414 -1.000000000000000000e+00
2414 2422 1.000000000000000000e+00
2414 2478 1.000000000000000000e+00
2414 2670 1.000000000000000000e+00
2415 1391 1.000000000000000000e+00
2415 2287 1.000000000000000000e+00
2415 2399 1.000000000000000000e+00
2415 2423 1.000000000000000000e+00
2415 2479 1.000000000000000000e+00
2415 2671 1.000000000000000000e+00
2416 369 1.000000000000000000e+00
2416 1392 1.000000000000000000e+00
2416 2288 1.000000000000000000e+00
2416 2408 1.000000000000000000e+00
2416 2480 1.000000000000000000e+00
2416 2672 1.000000000000000000e+00
2417 1393 1.000000000000000000e+00
2417 2289 1.000000000000000000e+00
2417 2409 1.000000000000000000e+00
2417 2418 1.000000000000000000e+00
2417 2481 1.000000000000000000e+00
2417 2673 1.000000000000000000e+00
2418 371 1.000000000000000000e+00
2418 1394 1.000000000000000000e+00
2418 2290 1.000000000000000000e+00
2418 2410 1.000000000000000000e+00
2418 2417 1.000000000000000000e+00
2418 2418 -1.000000000000000000e+00
2418 2420 1.000000000000000000e+00
2418 2482 1.000000000000000000e+00
2418 2674 1.000000000000000000e+00
2419 1395 1.000000000000000000e+00
2419 2291 1.000000000000000000e+00
2419 2411 1.000000000000000000e+00
2419 2421 1.000000000000000000e+00
2419 2483 1.000000000000000000e+00
2419 2675 1.000000000000000000e+00
2420 373 1.000000000000000000e+00
2420 1396 1.000000000000000000e+00
2420 2292 1.000000000000000000e+00
2420 2412 1.000000000000000000e+00
2420 2418 1.000000000000000000e+00
2420 2420 -1.000000000000000000e+00
2420 2424 1.000000000000000000e+00
2420 2484 1.000000000000000000e+00
2420 2676 1.000000000000000000e+00
2421 1397 1.000000000000000000e+00
2421 2293 1.000000000000000000e+00
2421 2413 1.000000000000000000e+00
2421 2419 1.000000000000000000e+00
2421 2421 -1.000000000000000000e+00
2421 2422 1.000000000000000000e+00
2421 2425 1.000000000000000000e+00
2421 2485 1.000000000000000000e+00
2421 2677 1.000000000000000000e+00
2422 375 1.000000000000000000e+00
2422 1398 1.000000000000000000e+00
2422 2294 1.000000000000000000e+00
2422 2414 1.000000000000000000e+00
2422 2421 1.000000000000000000e+00
2422 2422 -1.000000000000000000e+00
2422 2426 1.000000000000000000e+00
2422 2486 1.000000000000000000e+00
2422 2678 1.000000000000000000e+00
2423 1399 1.000000000000000000e+00
2423 2295 1.000000000000000000e+00
2423 2415 1.000000000000000000e+00
2423 2427 1.000000000000000000e+00
2423 2487 1.000000000000000000e+00
2423 2679 1.000000000000000000e+00
2424 377 1.000000000000000000e+00
2424 1400 1.000000000000000000e+00
2424 2296 1.000000000000000000e+00
2424 2420 1.000000000000000000e+00
2424 2488 1.000000000000000000e+00
2424 2680 1.000000000000000000e+00
2425 1401 1.000000000000000000e+00
2425 2297 1.000000000000000000e+00
2425 2421 1.000000000000000000e+00
2425 2426 1.000000000000000000e+00
2425 2489 1.000000000000000000e+00
2425 2681 1.000000000000000000e+00
2426 379 1.000000000000000000e+00
2426 1402 1.000000000000000000e+00
2426 2298 1.000000000000000000e+00
2426 2422 1.000000000000000000e+00
2426 2425 1.000000000000000000e+00
2426 2426 -1.000000000000000000e+00
2426 2428 1.000000000000000000e+00
2426 2490 1.000000000000000000e+00
2426 2682 1.000000000000000000e+00
2427 1403 1.000000000000000000e+00
2427 2299 1.000000000000000000e+00
2427 2423 1.000000000000000000e+00
2427 2429 1.000000000000000000e+00
2427 2491 1.000000000000000000e+00
2427 2683 1.000000000000000000e+00
2428 381 1.000000000000000000e+00
2428 1404 1.000000000000000000e+00
2428 2300 1.000000000000000000e+00
2428 2426 1.000000000000000000e+00
2428 2492 1.000000000000000000e+00
2428 2684 1.000000000000000000e+00
2429 1405 1.000000000000000000e+00
2429 2301 1.000000000000000000e+00
2429 2427 1.000000000000000000e+00
2429 2430 1.000000000000000000e+00
2429 2493 1.000000000000000000e+00
2429 2685 1.000000000000000000e+00
2430 383 1.000000000000000000e+00
2430 1406 1.000000000000000000e+00
2430 2302 1.000000000000000000e+00
2430 2429 1.000000000000000000e+00
2430 2494 1.000000000000000000e+00
2430 2686 1.000000000000000000e+00
2431 1407 1.000000000000000000e+00
2431 2303 1.000000000000000000e+00
2431 2431 1.000000000000000000e+00
2431 2495 1.000000000000000000e+00
2431 2687 1.000000000000000000e+00
2432 385 1.000000000000000000e+00
2432 1408 1.000000000000000000e+00
2432 2368 1.000000000000000000e+00
2432 2432 1.000000000000000000e+00
2432 2688 1.000000000000000000e+00
2433 1409 1.000000000000000000e+00
2433 2369 1.000000000000000000e+00
2433 2433 1.000000000000000000e+00
2433 2434 1.000000000000000000e+00
2433 2689 1.000000000000000000e+00
2434 387 1.000000000000000000e+00
2434 1410 1.000000000000000000e+00
2434 2370 1.000000000000000000e+00
2434 2433 1.000000000000000000e+00
2434 2436 1.000000000000000000e+00
2434 2690 1.000000000000000000e+00
2435 1411 1.000000000000000000e+00
2435 2371 1.000000000000000000e+00
2435 2435 1.000000000000000000e+00
2435 2437 1.000000000000000000e+00
2435 2691 1.000000000000000000e+00
2436 389 1.000000000000000000e+00
2436 1412 1.000000000000000000e+00
2436 2372 1.000000000000000000e+00
2436 2434 1.000000000000000000e+00
2436 2440 1.000000000000000000e+00
2436 2692 1.000000000000000000e+00
2437 1413 1.000000000000000000e+00
2437 2373 1.000000000000000000e+00
2437 2435 1.000000000000000000e+00
2437 2438 1.000000000000000000e+00
2437 2441 1.000000000000000000e+00
2437 2693 1.000000000000000000e+00
2438 391 1.000000000000000000e+00
2438 1414 1.000000000000000000e+00
2438 2374 1.000000000000000000e+00
2438 2437 1.000000000000000000e+00
2438 2442 1.000000000000000000e+00
2438 2694 1.000000000000000000e+00
2439 1415 1.000000000000000000e+00
2439 2375 1.000000000000000000e+00
2439 2439 1.000000000000000000e+00
2439 2443 1.000000000000000000e+00
2439 2695 1.000000000000000000e+00
2440 393 1.000000000000000000e+00
2440 1416 1.000000000000000000e+00
2440 2376 1.000000000000000000e+00
2440 2436 1.000000000000000000e+00
2440 2448 1.000000000000000000e+00
2440 2696 1.000000000000000000e+00
2441 1417 1.000000000000000000e+00
2441 2377 1.000000000000000000e+00
2441 2437 1.000000000000000000e+00
2441 2442 1.000000000000000000e+00
2441 2449 1.000000000000000000e+00
2441 2697 1.000000000000000000e+00
2442 395 1.000000000000000000e+00
2442 1418 1.000000000000000000e+00
2442 2378 1.000000000000000000e+00
2442 2438 1.000000000000000000e+00
2442 2441 1.000000000000000000e+00
2442 2442 -1.000000000000000000e+00
2442 2444 1.000000000000000000e+00
2442 2450 1.000000000000000000e+00
2442 2698 1.000000000000000000e+00
2443 1419 1.000000000000000000e+00
2443 2379 1.000000000000000000e+00
2443 2439 1.000000000000000000e+00
2443 2445 1.000000000000000000e+00
2443 2451 1.000000000000000000e+00
2443 2699 1.000000000000000000e+00
2444 397 1.000000000000000000e+00
2444 1420 1.000000000000000000e+00
2444 2380 1.000000000000000000e+00
2444 2442 1.000000000000000000e+00
2444 2452 1.000000000000000000e+00
2444 2700 1.000000000000000000e+00
2445 1421 1.000000000000000000e+00
2445 2381 1.000000000000000000e+00
2445 2443 1.000000000000000000e+00
2445 2446 1.000000000000000000e+00
2445 2453 1.000000000000000000e+00
2445 2701 1.000000000000000000e+00
2446 399 1.000000000000000000e+00
2446 1422 1.000000000000000000e+00
2446 2382 1.000000000000000000e+00
2446 2445 1.000000000000000000e+00
2446 2454 1.000000000000000000e+00
2446 2702 1.000000000000000000e+00
2447 1423 1.000000000000000000e+00
2447 2383 1.000000000000000000e+00
2447 2447 1.000000000000000000e+00
2447 2455 1.000000000000000000e+00
2447 2703 1.000000000000000000e+00
2448 401 1.000000000000000000e+00
2448 1424 1.000000000000000000e+00
2448 2384 1.000000000000000000e+00
2448 2440 1.000000000000000000e+00
2448 2464 1.000000000000000000e+00
2448 2704 1.000000000000000000e+00
2449 1425 1.000000000000000000e+00
2449 2385 1.000000000000000000e+00
2449 2441 1.000000000000000000e+00
2449 2450 1.000000000000000000e+00
2449 2465 1.000000000000000000e+00
2449 2705 1.000000000000000000e+00
2450 403 1.000000000000000000e+00
2450 1426 1.000000000000000000e+00
2450 2386 1.000000000000000000e+00
2450 2442 1.000000000000000000e+00
2450 2449 1.000000000000000000e+00
2450 2450 -1.000000000000000000e+00
2450 2452 1.000000000000000000e+00
2450 2466 1.000000000000000000e+00
2450 2706 1.000000000000000000e+00
2451 1427 1.000000000000000000e+00
2451 2387 1.000000000000000000e+00
2451 2443 1.000000000000000000e+00
2451 2453 1.000000000000000000e+00
2451 2467 1.000000000000000000e+00
2451 2707 1.000000000000000000e+00
2452 405 1.000000000000000000e+00
2452 1428 1.000000000000000000e+00
2452 2388 1.000000000000000000e+00
2452 2444 1.000000000000000000e+00
2452 2450 1.000000000000000000e+00
2452 2452 -1.000000000000000000e+00
2452 2456 1.000000000000000000e+00
2452 2468 1.000000000000000000e+00
2452 2708 1.000000000000000000e+00
2453 1429 1.000000000000000000e+00
2453 2389 1.000000000000000000e+00
2453 2445 1.000000000000000000e+00
2453 2451 1.000000000000000000e+00
2453 2453 -1.000000000000000000e+00
2453 2454 1.000000000000000000e+00
2453 2457 1.000000000000000000e+00
2453 2469 1.000000000000000000e+00
2453 2709 1.000000000000000000e+00
2454 407 1.000000000000000000e+00
2454 1430 1.000000000000000000e+00
2454 2390 1.000000000000000000e+00
2454 2446 1.000000000000000000e+00
2454 2453 1.000000000000000000e+00
2454 2454 -1.000000000000000000e+00
2454 2458 1.000000000000000000e+00
2454 2470 1.000000000000000000e+00
2454 2710 1.000000000000000000e+00
2455 1431 1.000000000000000000e+00
2455 2391 1.000000000000000000e+00
2455 2447 1.000000000000000000e+00
2455 2459 1.000000000000000000e+00
2455 2471 1.000000000000000000e+00
2455 2711 1.000000000000000000e+00
2456 409 1.000000000000000000e+00
2456 1432 1.000000000000000000e+00
2456 2392 1.000000000000000000e+00
2456 2452 1.000000000000000000e+00
2456 2472 1.000000000000000000e+00
2456 2712 1.000000000000000000e+00
2457 1433 1.000000000000000000e+00
2457 2393 1.000000000000000000e+00
2457 2453 1.000000000000000000e+00
2457 2458 1.000000000000000000e+00
2457 2473 1.000000000000000000e+00
2457 2713 1.000000000000000000e+00
2458 411 1.000000000000000000e+00
2458 1434 1.000000000000000000e+00
2458 2394 1.000000000000000000e+00
2458 2454 1.000000000000000000e+00
2458 2457 1.000000000000000000e+00
2458 2458 -1.000000000000000000e+00
2458 2460 1.000000000000000000e+00
2458 2474 1.000000000000000000e+00
2458 2714 1.000000000000000000e+00
2459 1435 1.000000000000000000e+00
2459 2395 1.000000000000000000e+00
2459 2455 1.000000000000000000e+00
2459 2461 1.000000000000000000e+00
2459 2475 1.000000000000000000e+00
2459 2715 1.000000000000000000e+00
2460 413 1.000000000000000000e+00
2460 1436 1.000000000000000000e+00
2460 2396 1.000000000000000000e+00
2460 2458 1.000000000000000000e+00
2460 2476 1.000000000000000000e+00
2460 2716 1.000000000000000000e+00
2461 1437 1.000000000000000000e+00
2461 2397 1.000000000000000000e+00
2461 2459 1.000000000000000000e+00
2461 2462 1.000000000000000000e+00
2461 2477 1.000000000000000000e+00
2461 2717 1.000000000000000000e+00
2462 415 1.000000000000000000e+00
2462 1438 1.000000000000000000e+00
2462 2398 1.000000000000000000e+00
2462 2461 1.000000000000000000e+00
2462 2478 1.000000000000000000e+00
2462 2718 1.000000000000000000e+00
2463 1439 1.000000000000000000e+00
2463 2399 1.000000000000000000e+00
2463 2463 1.000000000000000000e+00
2463 2479 1.000000000000000000e+00
2463 2719 1.000000000000000000e+00
2464 417 1.000000000000000000e+00
2464 1440 1.000000000000000000e+00
2464 2400 1.000000000000000000e+00
2464 2448 1.000000000000000000e+00
2464 2496 1.000000000000000000e+00
2464 2720 1.000000000000000000e+00
2465 1441 1.000000000000000000e+00
2465 2401 1.000000000000000000e+00
2465 2449 1.000000000000000000e+00
2465 2466 1.000000000000000000e+00
2465 2497 1.000000000000000000e+00
2465 2721 1.000000000000000000e+00
2466 419 1.000000000000000000e+00
2466 1442 1.000000000000000000e+00
2466 2402 1.000000000000000000e+00
2466 2450 1.000000000000000000e+00
2466 2465 1.000000000000000000e+00
2466 2466 -1.000000000000000000e+00
2466 2468 1.000000000000000000e+00
2466 2498 1.000000000000000000e+00
2466 2722 1.000000000000000000e+00
2467 1443 1.000000000000000000e+00
2467 2403 1.000000000000000000e+00
2467 2451 1.000000000000000000e+00
2467 2469 1.000000000000000000e+00
2467 2499 1.000000000000000000e+00
2467 2723 1.000000000000000000e+00
2468 421 1.000000000000000000e+00
2468 1444 1.000000000000000000e+00
2468 2404 1.000000000000000000e+00
2468 2452 1.000000000000000000e+00
2468 2466 1.000000000000000000e+00
2468 2468 -1.000000000000000000e+00
2468 2472 1.000000000000000000e+00
2468 2500 1.000000000000000000e+00
2468 2724 1.000000000000000000e+00
2469 1445 1.000000000000000000e+00
2469 2405 1.000000000000000000e+00
2469 2453 1.000000000000000000e+00
2469 2467 1.000000000000000000e+00
2469 2469 -1.000000000000000000e+00
2469 2470 1.000000000000000000e+00
2469 2473 1.000000000000000000e+00
2469 2501 1.000000000000000000e+00
2469 2725 1.000000000000000000e+00
2470 423 1.000000000000000000e+00
2470 1446 1.000000000000000000e+00
2470 2406 1.000000000000000000e+00
2470 2454 1.000000000000000000e+00
2470 2469 1.000000000000000000e+00
2470 2470 -1.000000000000000000e+00
2470 2474 1.000000000000000000e+00
2470 2502 1.000000000000000000e+00
2470 2726 1.000000000000000000e+00
2471 1447 1.000000000000000000e+00
2471 2407 1.000000000000000000e+00
2471 2455 1.000000000000000000e+00
2471 2475 1.000000000000000000e+00
2471 2503 1.000000000000000000e+00
2471 2727 1.000000000000000000e+00
2472 425 1.000000000000000000e+00
2472 1448 1.000000000000000000e+00
2472 2408 1.000000000000000000e+00
2472 2456 1.000000000000000000e+00
2472 2468 1.000000000000000000e+00
2472 2472 -1.000000000000000000e+00
2472 2480 1.000000000000000000e+00
2472 2504 1.000000000000000000e+00
2472 2728 1.000000000000000000e+00
2473 1449 1.000000000000000000e+00
2473 2409 1.000000000000000000e+00
2473 2457 1.000000000000000000e+00
2473 2469 1.000000000000000000e+00
2473 2473 -1.000000000000000000e+00
2473 2474 1.000000000000000000e+00
2473 2481 1.000000000000000000e+00
2473 2505 1.000000000000000000e+00
2473 2729 1.000000000000000000e+00
2474 427 1.000000000000000000e+00
2474 1450 1.000000000000000000e+00
2474 2410 1.000000000000000000e+00
2474 2458 1.000000000000000000e+00
2474 2470 1.000000000000000000e+00
2474 2473 1.000000000000000000e+00
2474 2474 -2.000000000000000000e+00
2474 2476 1.000000000000000000e+00
2474 2482 1.000000000000000000e+00
2474 2506 1.000000000000000000e+00
2474 2730 1.000000000000000000e+00
2475 1451 1.000000000000000000e+00
2475 2411 1.000000000000000000e+00
2475 2459 1.000000000000000000e+00
2475 2471 1.000000000000000000e+00
2475 2475 -1.000000000000000000e+00
2475 2477 1.000000000000000000e+00
2475 2483 1.000000000000000000e+00
2475 2507 1.000000000000000000e+00
2475 2731 1.000000000000000000e+00
2476 429 1.000000000000000000e+00
2476 1452 1.000000000000000000e+00
2476 2412 1.000000000000000000e+00
2476 2460 1.000000000000000000e+00
2476 2474 1.000000000000000000e+00
2476 2476 -1.000000000000000000e+00
2476 2484 1.000000000000000000e+00
2476 2508 1.000000000000000000e+00
2476 2732 1.000000000000000000e+00
2477 1453 1.000000000000000000e+00
2477 2413 1.000000000000000000e+00
2477 2461 1.000000000000000000e+00
2477 2475 1.000000000000000000e+00
2477 2477 -1.000000000000000000e+00
2477 2478 1.000000000000000000e+00
2477 2485 1.000000000000000000e+00
2477 2509 1.000000000000000000e+00
2477 2733 1.000000000000000000e+00
2478 431 1.000000000000000000e+00
2478 1454 1.000000000000000000e+00
2478 2414 1.000000000000000000e+00
2478 2462 1.000000000000000000e+00
2478 2477 1.000000000000000000e+00
2478 2478 -1.000000000000000000e+00
2478 2486 1.000000000000000000e+00
2478 2510 1.000000000000000000e+00
2478 2734 1.000000000000000000e+00
2479 1455 1.000000000000000000e+00
2479 2415 1.000000000000000000e+00
2479 2463 1.000000000000000000e+00
2479 2487 1.000000000000000000e+00
2479 2511 1.000000000000000000e+00
2479 2735 1.000000000000000000e+00
2480 433 1.000000000000000000e+00
2480 1456 1.000000000000000000e+00
2480 2416 1.000000000000000000e+00
2480 2472 1.000000000000000000e+00
2480 2512 1.000000000000000000e+00
2480 2736 1.000000000000000000e+00
2481 1457 1.000000000000000000e+00
2481 2417 1.000000000000000000e+00
2481 2473 1.000000000000000000e+00
2481 2482 1.000000000000000000e+00
2481 2513 1.000000000000000000e+00
2481 2737 1.000000000000000000e+00
2482 435 1.000000000000000000e+00
2482 1458 1.000000000000000000e+00
2482 2418 1.000000000000000000e+00
2482 2474 1.000000000000000000e+00
2482 2481 1.000000000000000000e+00
2482 2482 -1.000000000000000000e+00
2482 2484 1.000000000000000000e+00
2482 2514 1.000000000000000000e+00
2482 2738 1.000000000000000000e+00
2483 1459 1.000000000000000000e+00
2483 2419 1.000000000000000000e+00
2483 2475 1.000000000000000000e+00
2483 2485 1.000000000000000000e+00
2483 2515 1.000000000000000000e+00
2483 2739 1.000000000000000000e+00
2484 437 1.000000000000000000e+00
2484 1460 1.000000000000000000e+00
2484 2420 1.000000000000000000e+00
2484 2476 1.000000000000000000e+00
2484 2482 1.000000000000000000e+00
2484 2484 -1.000000000000000000e+00
2484 2488 1.000000000000000000e+00
2484 2516 1.000000000000000000e+00
2484 2740 1.000000000000000000e+00
2485 1461 1.000000000000000000e+00
2485 2421 1.000000000000000000e+00
2485 2477 1.000000000000000000e+00
2485 2483 1.000000000000000000e+00
2485 2485 -1.000000000000000000e+00
2485 2486 1.000000000000000000e+00
2485 2489 1.000000000000000000e+00
2485 2517 1.000000000000000000e+00
2485 2741 1.000000000000000000e+00
2486 439 1.000000000000000000e+00
2486 1462 1.000000000000000000e+00
2486 2422 1.000000000000000000e+00
2486 2478 1.000000000000000000e+00
2486 2485 1.000000000000000000e+00
2486 2486 -1.000000000000000000e+00
2486 2490 1.000000000000000000e+00
2486 2518 1.000000000000000000e+00
2486 2742 1.000000000000000000e+00
2487 1463 1.000000000000000000e+00
2487 2423 1.000000000000000000e+00
2487 2479 1.000000000000000000e+00
2487 2491 1.000000000000000000e+00
2487 2519 1.000000000000000000e+00
2487 2743 1.000000000000000000e+00
2488 441 1.000000000000000000e+00
2488 1464 1.000000000000000000e+00
2488 2424 1.000000000000000000e+00
2488 2484 1.000000000000000000e+00
2488 2520 1.000000000000000000e+00
2488 2744 1.000000000000000000e+00
2489 1465 1.000000000000000000e+00
2489 2425 1.000000000000000000e+00
2489 2485 1.000000000000000000e+00
2489 2490 1.000000000000000000e+00
2489 2521 1.000000000000000000e+00
2489 2745 1.000000000000000000e+00
2490 443 1.000000000000000000e+00
2490 1466 1.000000000000000000e+00
2490 2426 1.000000000000000000e+00
2490 2486 1.000000000000000000e+00
2490 2489 1.000000000000000000e+00
2490 2490 -1.000000000000000000e+00
2490 2492 1.000000000000000000e+00
2490 2522 1.000000000000000000e+00
2490 2746 1.000000000000000000e+00
2491 1467 1.000000000000000000e+00
2491 2427 1.000000000000000000e+00
2491 2487 1.000000000000000000e+00
2491 2493 1.000000000000000000e+00
2491 2523 1.000000000000000000e+00
2491 2747 1.000000000000000000e+00
2492 445 1.000000000000000000e+00
2492 1468 1.000000000000000000e+00
2492 2428 1.000000000000000000e+00
2492 2490 1.000000000000000000e+00
2492 2524 1.000000000000000000e+00
2492 2748 1.000000000000000000e+00
2493 1469 1.000000000000000000e+00
2493 2429 1.000000000000000000e+00
2493 2491 1.000000000000000000e+00
2493 2494 1.000000000000000000e+00
2493 2525 1.000000000000000000e+00
2493 2749 1.000000000000000000e+00
2494 447 1.000000000000000000e+00
2494 1470 1.000000000000000000e+00
2494 2430 1.000000000000000000e+00
2494 2493 1.000000000000000000e+00
2494 2526 1.000000000000000000e+00
2494 2750 1.000000000000000000e+00
2495 1471 1.000000000000000000e+00
2495 2431 1.000000000000000000e+00
2495 2495 1.000000000000000000e+00
2495 2527 1.000000000000000000e+00
2495 2751 1.000000000000000000e+00
2496 449 1.000000000000000000e+00
2496 1472 1.000000000000000000e+00
2496 2464 1.000000000000000000e+00
2496 2496 1.000000000000000000e+00
2496 2752 1.000000000000000000e+00
2497 1473 1.000000000000000000e+00
2497 2465 1.000000000000000000e+00
2497 2497 1.000000000000000000e+00
2497 2498 1.000000000000000000e+00
2497 2753 1.000000000000000000e+00
2498 451 1.000000000000000000e+00
2498 1474 1.000000000000000000e+00
2498 2466 1.000000000000000000e+00
2498 2497 1.000000000000000000e+00
2498 2500 1.000000000000000000e+00
2498 2754 1.000000000000000000e+00
2499 1475 1.000000000000000000e+00
2499 2467 1.000000000000000000e+00
2499 2499 1.000000000000000000e+00
2499 2501 1.000000000000000000e+00
2499 2755 1.000000000000000000e+00
2500 453 1.000000000000000000e+00
2500 1476 1.000000000000000000e+00
2500 2468 1.000000000000000000e+00
2500 2498 1.000000000000000000e+00
2500 2504 1.000000000000000000e+00
2500 2756 1.000000000000000000e+00
2501 1477 1.000000000000000000e+00
2501 2469 1.000000000000000000e+00
2501 2499 1.000000000000000000e+00
2501 2502 1.000000000000000000e+00
2501 2505 1.000000000000000000e+00
2501 2757 1.000000000000000000e+00
2502 455 1.000000000000000000e+00
2502 1478 1.000000000000000000e+00
2502 2470 1.000000000000000000e+00
2502 2501 1.000000000000000000e+00
2502 2506 1.000000000000000000e+00
2502 2758 1.000000000000000000e+00
2503 1479 1.000000000000000000e+00
2503 2471 1.000000000000000000e+00
2503 2503 1.000000000000000000e+00
2503 2507 1.000000000000000000e+00
2503 2759 1.000000000000000000e+00
2504 457 1.000000000000000000e+00
2504 1480 1.000000000000000000e+00
2504 2472 1.000000000000000000e+00
2504 2500 1.000000000000000000e+00
2504 2512 1.000000000000000000e+00
2504 2760 1.000000000000000000e+00
2505 1481 1.000000000000000000e+00
2505 2473 1.000000000000000000e+00
2505 2501 1.000000000000000000e+00
2505 2506 1.000000000000000000e+00
2505 2513 1.000000000000000000e+00
2505 2761 1.000000000000000000e+00
2506 459 1.000000000000000000e+00
2506 1482 1.000000000000000000e+00
2506 2474 1.000000000000000000e+00
2506 2502 1.000000000000000000e+00
2506 2505 1.000000000000000000e+00
2506 2506 -1.000000000000000000e+00
2506 2508 1.000000000000000000e+00
2506 2514 1.000000000000000000e+00
2506 2762 1.000000000000000000e+00
2507 1483 1.000000000000000000e+00
2507 2475 1.000000000000000000e+00
2507 2503 1.000000000000000000e+00
2507 2509 1.000000000000000000e+00
2507 2515 1.000000000000000000e+00
2507 2763 1.000000000000000000e+00
2508 461 1.000000000000000000e+00
2508 1484 1.000000000000000000e+00
2508 2476 1.000000000000000000e+00
2508 2506 1.000000000000000000e+00
2508 2516 1.000000000000000000e+00
2508 2764 1.000000000000000000e+00
2509 1485 1.000000000000000000e+00
2509 2477 1.000000000000000000e+00
2509 2507 1.000000000000000000e+00
2509 2510 1.000000000000000000e+00
2509 2517 1.000000000000000000e+00
2509 2765 1.000000000000000000e+00
2510 463 1.000000000000000000e+00
2510 1486 1.000000000000000000e+00
2510 2478 1.000000000000000000e+00
2510 2509 1.000000000000000000e+00
2510 2518 1.000000000000000000e+00
2510 2766 1.000000000000000000e+00
2511 1487 1.000000000000000000e+00
2511 2479 1.000000000000000000e+00
2511 2511 1.000000000000000000e+00
2511 2519 1.000000000000000000e+00
2511 2767 1.000000000000000000e+00
2512 465 1.000000000000000000e+00
2512 1488 1.000000000000000000e+00
2512 2480 1.000000000000000000e+00
2512 2504 1.000000000000000000e+00
2512 2528 1.000000000000000000e+00
2512 2768 1.000000000000000000e+00
2513 1489 1.000000000000000000e+00
2513 2481 1.000000000000000000e+00
2513 2505 1.000000000000000000e+00
2513 2514 1.000000000000000000e+00
2513 2529 1.000000000000000000e+00
2513 2769 1.000000000000000000e+00
2514 467 1.000000000000000000e+00
2514 1490 1.000000000000000000e+00
2514 2482 1.000000000000000000e+00
2514 2506 1.000000000000000000e+00
2514 2513 1.000000000000000000e+00
2514 2514 -1.000000000000000000e+00
2514 2516 1.000000000000000000e+00
2514 2530 1.000000000000000000e+00
2514 2770 1.000000000000000000e+00
2515 1491 1.000000000000000000e+00
2515 2483 1.000000000000000000e+00
2515 2507 1.000000000000000000e+00
2515 2517 1.000000000000000000e+00
2515 2531 1.000000000000000000e+00
2515 2771 1.000000000000000000e+00
2516 469 1.000000000000000000e+00
2516 1492 1.000000000000000000e+00
2516 2484 1.000000000000000000e+00
2516 2508 1.000000000000000000e+00
2516 2514 1.000000000000000000e+00
2516 2516 -1.000000000000000000e+00
2516 2520 1.000000000000000000e+00
2516 2532 1.000000000000000000e+00
2516 2772 1.000000000000000000e+00
2517 1493 1.000000000000000000e+00
2517 2485 1.000000000000000000e+00
2517 2509 1.000000000000000000e+00
2517 2515 1.000000000000000000e+00
2517 2517 -1.000000000000000000e+00
2517 2518 1.000000000000000000e+00
2517 2521 1.000000000000000000e+00
2517 2533 1.000000000000000000e+00
2517 2773 1.000000000000000000e+00
2518 471 1.000000000000000000e+00
2518 1494 1.000000000000000000e+00
2518 2486 1.000000000000000000e+00
2518 2510 1.000000000000000000e+00
2518 2517 1.000000000000000000e+00
2518 2518 -1.000000000000000000e+00
2518 2522 1.000000000000000000e+00
2518 2534 1.000000000000000000e+00
2518 2774 1.000000000000000000e+00
2519 1495 1.000000000000000000e+00
2519 2487 1.000000000000000000e+00
2519 2511 1.000000000000000000e+00
2519 2523 1.000000000000000000e+00
2519 2535 1.000000000000000000e+00
2519 2775 1.000000000000000000e+00
2520 473 1.000000000000000000e+00
2520 1496 1.000000000000000000e+00
2520 2488 1.000000000000000000e+00
2520 2516 1.000000000000000000e+00
2520 2536 1.000000000000000000e+00
2520 2776 1.000000000000000000e+00
2521 1497 1.000000000000000000e+00
2521 2489 1.000000000000000000e+00
2521 2517 1.000000000000000000e+00
2521 2522 1.000000000000000000e+00
2521 2537 1.000000000000000000e+00
2521 2777 1.000000000000000000e+00
2522 475 1.000000000000000000e+00
2522 1498 1.000000000000000000e+00
2522 2490 1.000000000000000000e+00
2522 2518 1.000000000000000000e+00
2522 2521 1.000000000000000000e+00
2522 2522 -1.000000000000000000e+00
2522 2524 1.000000000000000000e+00
2522 2538 1.000000000000000000e+00
2522 2778 1.000000000000000000e+00
2523 1499 1.000000000000000000e+00
2523 2491 1.000000000000000000e+00
2523 2519 1.000000000000000000e+00
2523 2525 1.000000000000000000e+00
2523 2539 1.000000000000000000e+00
2523 2779 1.000000000000000000e+00
2524 477 1.000000000000000000e+00
2524 1500 1.000000000000000000e+00
2524 2492 1.000000000000000000e+00
2524 2522 1.000000000000000000e+00
2524 2540 1.000000000000000000e+00
2524 2780 1.000000000000000000e+00
2525 1501 1.000000000000000000e+00
2525 2493 1.000000000000000000e+00
2525 2523 1.000000000000000000e+00
2525 2526 1.000000000000000000e+00
2525 2541 1.000000000000000000e+00
2525 2781 1.000000000000000000e+00
2526 479 1.000000000000000000e+00
2526 1502 1.000000000000000000e+00
2526 2494 1.000000000000000000e+00
2526 2525 1.000000000000000000e+00
2526 2542 1.000000000000000000e+00
2526 2782 1.000000000000000000e+00
2527 1503 1.000000000000000000e+00
2527 2495 1.000000000000000000e+00
2527 2527 1.000000000000000000e+00
2527 2543 1.000000000000000000e+00
2527 2783 1.000000000000000000e+00
2528 481 1.000000000000000000e+00
2528 1504 1.000000000000000000e+00
2528 2512 1.000000000000000000e+00
2528 2528 1.000000000000000000e+00
2528 2784 1.000000000000000000e+00
2529 1505 1.000000000000000000e+00
2529 2513 1.000000000000000000e+00
2529 2529 1.000000000000000000e+00
2529 2530 1.000000000000000000e+00
2529 2785 1.000000000000000000e+00
2530 483 1.000000000000000000e+00
2530 1506 1.000000000000000000e+00
2530 2514 1.000000000000000000e+00
2530 2529 1.000000000000000000e+00
2530 2532 1.000000000000000000e+00
2530 2786 1.000000000000000000e+00
2531 1507 1.000000000000000000e+00
2531 2515 1.000000000000000000e+00
2531 2531 1.000000000000000000e+00
2531 2533 1.000000000000000000e+00
2531 2787 1.000000000000000000e+00
2532 485 1.000000000000000000e+00
2532 1508 1.000000000000000000e+00
2532 2516 1.000000000000000000e+00
2532 2530 1.000000000000000000e+00
2532 2536 1.000000000000000000e+00
2532 2788 1.000000000000000000e+00
2533 1509 1.000000000000000000e+00
2533 2517 1.000000000000000000e+00
2533 2531 1.000000000000000000e+00
2533 2534 1.000000000000000000e+00
2533 2537 1.000000000000000000e+00
2533 2789 1.000000000000000000e+00
2534 487 1.000000000000000000e+00
2534 1510 1.000000000000000000e+00
2534 2518 1.000000000000000000e+00
2534 2533 1.000000000000000000e+00
2534 2538 1.000000000000000000e+00
2534 2790 1.000000000000000000e+00
2535 1511 1.000000000000000000e+00
2535 2519 1.000000000000000000e+00
2535 2535 1.000000000000000000e+00
2535 2539 1.000000000000000000e+00
2535 2791 1.000000000000000000e+00
2536 489 1.000000000000000000e+00
2536 1512 1.000000000000000000e+00
2536 2520 1.000000000000000000e+00
2536 2532 1.000000000000000000e+00
2536 2544 1.000000000000000000e+00
2536 2792 1.000000000000000000e+00
2537 1513 1.000000000000000000e+00
2537 2521 1.000000000000000000e+00
2537 2533 1.000000000000000000e+00
2537 2538 1.000000000000000000e+00
2537 2545 1.000000000000000000e+00
2537 2793 1.000000000000000000e+00
2538 491 1.000000000000000000e+00
2538 1514 1.000000000000000000e+00
2538 2522 1.000000000000000000e+00
2538 2534 1.000000000000000000e+00
2538 2537 1.000000000000000000e+00
2538 2538 -1.000000000000000000e+00
2538 2540 1.000000000000000000e+00
2538 2546 1.000000000000000000e+00
2538 2794 1.000000000000000000e+00
2539 1515 1.000000000000000000e+00
2539 2523 1.000000000000000000e+00
2539 2535 1.000000000000000000e+00
2539 2541 1.000000000000000000e+00
2539 2547 1.000000000000000000e+00
2539 2795 1.000000000000000000e+00
2540 493 1.000000000000000000e+00
2540 1516 1.000000000000000000e+00
2540 2524 1.000000000000000000e+00
2540 2538 1.000000000000000000e+00
2540 2548 1.000000000000000000e+00
2540 2796 1.000000000000000000e+00
2541 1517 1.000000000000000000e+00
2541 2525 1.000000000000000000e+00
2541 2539 1.000000000000000000e+00
2541 2542 1.000000000000000000e+00
2541 2549 1.000000000000000000e+00
2541 2797 1.000000000000000000e+00
2542 495 1.000000000000000000e+00
2542 1518 1.000000000000000000e+00
2542 2526 1.000000000000000000e+00
2542 2541 1.000000000000000000e+00
2542 2550 1.000000000000000000e+00
2542 2798 1.000000000000000000e+00
2543 1519 1.000000000000000000e+00
2543 2527 1.000000000000000000e+00
2543 2543 1.000000000000000000e+00
2543 2551 1.000000000000000000e+00
2543 2799 1.000000000000000000e+00
2544 497 1.000000000000000000e+00
2544 1520 1.000000000000000000e+00
2544 2536 1.000000000000000000e+00
2544 2544 1.000000000000000000e+00
2544 2800 1.000000000000000000e+00
2545 1521 1.000000000000000000e+00
2545 2537 1.000000000000000000e+00
2545 2545 1.000000000000000000e+00
2545 2546 1.000000000000000000e+00
2545 2801 1.000000000000000000e+00
2546 499 1.000000000000000000e+00
2546 1522 1.000000000000000000e+00
2546 2538 1.000000000000000000e+00
2546 2545 1.000000000000000000e+00
2546 2548 1.000000000000000000e+00
2546 2802 1.000000000000000000e+00
2547 1523 1.000000000000000000e+00
2547 2539 1.000000000000000000e+00
2547 2547 1.000000000000000000e+00
2547 2549 1.000000000000000000e+00
2547 2803 1.000000000000000000e+00
2548 501 1.000000000000000000e+00
2548 1524 1.000000000000000000e+00
2548 2540 1.000000000000000000e+00
2548 2546 1.000000000000000000e+00
2548 2552 1.000000000000000000e+00
2548 2804 1.000000000000000000e+00
2549 1525 1.000000000000000000e+00
2549 2541 1.000000000000000000e+00
2549 2547 1.000000000000000000e+00
2549 2550 1.000000000000000000e+00
2549 2553 1.000000000000000000e+00
2549 2805 1.000000000000000000e+00
2550 503 1.000000000000000000e+00
2550 1526 1.000000000000000000e+00
2550 2542 1.000000000000000000e+00
2550 2549 1.000000000000000000e+00
2550 2554 1.000000000000000000e+00
2550 2806 1.000000000000000000e+00
2551 1527 1.000000000000000000e+00
2551 2543 1.000000000000000000e+00
2551 2551 1.000000000000000000e+00
2551 2555 1.000000000000000000e+00
2551 2807 1.000000000000000000e+00
2552 505 1.000000000000000000e+00
2552 1528 1.000000000000000000e+00
2552 2548 1.000000000000000000e+00
2552 2552 1.000000000000000000e+00
2552 2808 1.000000000000000000e+00
2553 1529 1.000000000000000000e+00
2553 2549 1.000000000000000000e+00
2553 2553 1.000000000000000000e+00
2553 2554 1.000000000000000000e+00
2553 2809 1.000000000000000000e+00
2554 507 1.000000000000000000e+00
2554 1530 1.000000000000000000e+00
2554 2550 1.000000000000000000e+00
2554 2553 1.000000000000000000e+00
2554 2556 1.000000000000000000e+00
2554 2810 1.000000000000000000e+00
2555 1531 1.000000000000000000e+00
2555 2551 1.000000000000000000e+00
2555 2555 1.000000000000000000e+00
2555 2557 1.000000000000000000e+00
2555 2811 1.000000000000000000e+00
2556 509 1.000000000000000000e+00
2556 1532 1.000000000000000000e+00
2556 2554 1.000000000000000000e+00
2556 2556 1.000000000000000000e+00
2556 2812 1.000000000000000000e+00
2557 1533 1.000000000000000000e+00
2557 2555 1.000000000000000000e+00
2557 2557 1.000000000000000000e+00
2557 2558 1.000000000000000000e+00
2557 2813 1.000000000000000000e+00
2558 511 1.000000000000000000e+00
2558 1534 1.000000000000000000e+00
2558 2557 1.000000000000000000e+00
2558 2558 1.000000000000000000e+00
2558 2814 1.000000000000000000e+00
2559 1535 1.000000000000000000e+00
2559 2559 2.000000000000000000e+00
2559 2815 1.000000000000000000e+00
2560 513 1.000000000000000000e+00
2560 1536 1.000000000000000000e+00
2560 2304 1.000000000000000000e+00
2560 2560 1.000000000000000000e+00
2560 3072 1.000000000000000000e+00
2561 1537 1.000000000000000000e+00
2561 2305 1.000000000000000000e+00
2561 2561 1.000000000000000000e+00
2561 2562 1.000000000000000000e+00
2561 3073 1.000000000000000000e+00
2562 515 1.000000000000000000e+00
2562 1538 1.000000000000000000e+00
2562 2306 1.000000000000000000e+00
2562 2561 1.000000000000000000e+00
2562 2564 1.000000000000000000e+00
2562 3074 1.000000000000000000e+00
2563 1539 1.000000000000000000e+00
2563 2307 1.000000000000000000e+00
2563 2563 1.000000000000000000e+00
2563 2565 1.000000000000000000e+00
2563 3075 1.000000000000000000e+00
2564 517 1.000000000000000000e+00
2564 1540 1.000000000000000000e+00
2564 2308 1.000000000000000000e+00
2564 2562 1.000000000000000000e+00
2564 2568 1.000000000000000000e+00
2564 3076 1.000000000000000000e+00
2565 1541 1.000000000000000000e+00
2565 2309 1.000000000000000000e+00
2565 2563 1.000000000000000000e+00
2565 2566 1.000000000000000000e+00
2565 2569 1.000000000000000000e+00
2565 3077 1.000000000000000000e+00
2566 519 1.000000000000000000e+00
2566 1542 1.000000000000000000e+00
2566 2310 1.000000000000000000e+00
2566 2565 1.000000000000000000e+00
2566 2570 1.000000000000000000e+00
2566 3078 1.000000000000000000e+00
2567 1543 1.000000000000000000e+00
2567 2311 1.000000000000000000e+00
2567 2567 1.000000000000000000e+00
2567 2571 1.000000000000000000e+00
2567 3079 1.000000000000000000e+00
2568 521 1.000000000000000000e+00
2568 1544 1.000000000000000000e+00
2568 2312 1.000000000000000000e+00
2568 2564 1.000000000000000000e+00
2568 2576 1.000000000000000000e+00
2568 3080 1.000000000000000000e+00
2569 1545 1.000000000000000000e+00
2569 2313 1.000000000000000000e+00
2569 2565 1.000000000000000000e+00
2569 2570 1.000000000000000000e+00
2569 2577 1.000000000000000000e+00
2569 3081 1.000000000000000000e+00
2570 523 1.000000000000000000e+00
2570 1546 1.000000000000000000e+00
2570 2314 1.000000000000000000e+00
2570 2566 1.000000000000000000e+00
2570 2569 1.000000000000000000e+00
2570 2570 -1.000000000000000000e+00
2570 2572 1.000000000000000000e+00
2570 2578 1.000000000000000000e+00
2570 3082 1.000000000000000000e+00
2571 1547 1.000000000000000000e+00
2571 2315 1.000000000000000000e+00
2571 2567 1.000000000000000000e+00
2571 2573 1.000000000000000000e+00
2571 2579 1.000000000000000000e+00
2571 3083 1.000000000000000000e+00
2572 525 1.000000000000000000e+00
2572 1548 1.000000000000000000e+00
2572 2316 1.000000000000000000e+00
2572 2570 1.000000000000000000e+00
2572 2580 1.000000000000000000e+00
2572 3084 1.000000000000000000e+00
2573 1549 1.000000000000000000e+00
2573 2317 1.000000000000000000e+00
2573 2571 1.000000000000000000e+00
2573 2574 1.000000000000000000e+00
2573 2581 1.000000000000000000e+00
2573 3085 1.000000000000000000e+00
2574 527 1.000000000000000000e+00
2574 1550 1.000000000000000000e+00
2574 2318 1.000000000000000000e+00
2574 2573 1.000000000000000000e+00
2574 2582 1.000000000000000000e+00
2574 3086 1.000000000000000000e+00
2575 1551 1.000000000000000000e+00
2575 2319 1.000000000000000000e+00
2575 2575 1.000000000000000000e+00
2575 2583 1.000000000000000000e+00
2575 3087 1.000000000000000000e+00
2576 529 1.000000000000000000e+00
2576 1552 1.000000000000000000e+00
2576 2320 1.000000000000000000e+00
2576 2568 1.000000000000000000e+00
2576 2592 1.000000000000000000e+00
2576 3088 1.000000000000000000e+00
2577 1553 1.000000000000000000e+00
2577 2321 1.000000000000000000e+00
2577 2569 1.000000000000000000e+00
2577 2578 1.000000000000000000e+00
2577 2593 1.000000000000000000e+00
2577 3089 1.000000000000000000e+00
2578 531 1.000000000000000000e+00
2578 1554 1.000000000000000000e+00
2578 2322 1.000000000000000000e+00
2578 2570 1.000000000000000000e+00
2578 2577 1.000000000000000000e+00
2578 2578 -1.000000000000000000e+00
2578 2580 1.000000000000000000e+00
2578 2594 1.000000000000000000e+00
2578 3090 1.000000000000000000e+00
2579 1555 1.000000000000000000e+00
2579 2323 1.000000000000000000e+00
2579 2571 1.000000000000000000e+00
2579 2581 1.000000000000000000e+00
2579 2595 1.000000000000000000e+00
2579 3091 1.000000000000000000e+00
2580 533 1.000000000000000000e+00
2580 1556 1.000000000000000000e+00
2580 2324 1.000000000000000000e+00
2580 2572 1.000000000000000000e+00
2580 2578 1.000000000000000000e+00
2580 2580 -1.000000000000000000e+00
2580 2584 1.000000000000000000e+00
2580 2596 1.000000000000000000e+00
2580 3092 1.000000000000000000e+00
2581 1557 1.000000000000000000e+00
2581 2325 1.000000000000000000e+00
2581 2573 1.000000000000000000e+00
2581 2579 1.000000000000000000e+00
2581 2581 -1.000000000000000000e+00
2581 2582 1.000000000000000000e+00
2581 2585 1.000000000000000000e+00
2581 2597 1.000000000000000000e+00
2581 3093 1.000000000000000000e+00
2582 535 1.000000000000000000e+00
2582 1558 1.000000000000000000e+00
2582 2326 1.000000000000000000e+00
2582 2574 1.000000000000000000e+00
2582 2581 1.000000000000000000e+00
2582 2582 -1.000000000000000000e+00
2582 2586 1.000000000000000000e+00
2582 2598 1.000000000000000000e+00
2582 3094 1.000000000000000000e+00
2583 1559 1.000000000000000000e+00
2583 2327 1.000000000000000000e+00
2583 2575 1.000000000000000000e+00
2583 2587 1.000000000000000000e+00
2583 2599 1.000000000000000000e+00
2583 3095 1.000000000000000000e+00
2584 537 1.000000000000000000e+00
2584 1560 1.000000000000000000e+00
2584 2328 1.000000000000000000e+00
2584 2580 1.000000000000000000e+00
2584 2600 1.000000000000000000e+00
2584 3096 1.000000000000000000e+00
2585 1561 1.000000000000000000e+00
2585 2329 1.000000000000000000e+00
2585 2581 1.000000000000000000e+00
2585 2586 1.000000000000000000e+00
2585 2601 1.000000000000000000e+00
2585 3097 1.000000000000000000e+00
2586 539 1.000000000000000000e+00
2586 1562 1.000000000000000000e+00
2586 2330 1.000000000000000000e+00
2586 2582 1.000000000000000000e+00
2586 2585 1.000000000000000000e+00
2586 2586 -1.000000000000000000e+00
2586 2588 1.000000000000000000e+00
2586 2602 1.000000000000000000e+00
2586 3098 1.000000000000000000e+00
2587 1563 1.000000000000000000e+00
2587 2331 1.000000000000000000e+00
2587 2583 1.000000000000000000e+00
2587 2589 1.000000000000000000e+00
2587 2603 1.000000000000000000e+00
2587 3099 1.000000000000000000e+00
2588 541 1.000000000000000000e+00
2588 1564 1.000000000000000000e+00
2588 2332 1.000000000000000000e+00
2588 2586 1.000000000000000000e+00
2588 2604 1.000000000000000000e+00
2588 3100 1.000000000000000000e+00
2589 1565 1.000000000000000000e+00
2589 2333 1.000000000000000000e+00
2589 2587 1.000000000000000000e+00
2589 2590 1.000000000000000000e+00
2589 2605 1.000000000000000000e+00
2589 3101 1.000000000000000000e+00
2590 543 1.000000000000000000e+00
2590 1566 1.000000000000000000e+00
2590 2334 1.000000000000000000e+00
2590 2589 1.000000000000000000e+00
2590 2606 1.000000000000000000e+00
2590 3102 1.000000000000000000e+00
2591 1567 1.000000000000000000e+00
2591 2335 1.000000000000000000e+00
2591 2591 1.000000000000000000e+00
2591 2607 1.000000000000000000e+00
2591 3103 1.000000000000000000e+00
2592 545 1.000000000000000000e+00
2592 1568 1.000000000000000000e+00
2592 2336 1.000000000000000000e+00
2592 2576 1.000000000000000000e+00
2592 2624 1.000000000000000000e+00
2592 3104 1.000000000000000000e+00
2593 1569 1.000000000000000000e+00
2593 2337 1.000000000000000000e+00
2593 2577 1.000000000000000000e+00
2593 2594 1.000000000000000000e+00
2593 2625 1.000000000000000000e+00
2593 3105 1.000000000000000000e+00
2594 547 1.000000000000000000e+00
2594 1570 1.000000000000000000e+00
2594 2338 1.000000000000000000e+00
2594 2578 1.000000000000000000e+00
2594 2593 1.000000000000000000e+00
2594 2594 -1.000000000000000000e+00
2594 2596 1.000000000000000000e+00
2594 2626 1.000000000000000000e+00
2594 3106 1.000000000000000000e+00
2595 1571 1.000000000000000000e+00
2595 2339 1.000000000000000000e+00
2595 2579 1.000000000000000000e+00
2595 2597 1.000000000000000000e+00
2595 2627 1.000000000000000000e+00
2595 3107 1.000000000000000000e+00
2596 549 1.000000000000000000e+00
2596 1572 1.000000000000000000e+00
2596 2340 1.000000000000000000e+00
2596 2580 1.000000000000000000e+00
2596 2594 1.000000000000000000e+00
2596 2596 -1.000000000000000000e+00
2596 2600 1.000000000000000000e+00
2596 2628 1.000000000000000000e+00
2596 3108 1.000000000000000000e+00
2597 1573 1.000000000000000000e+00
2597 2341 1.000000000000000000e+00
2597 2581 1.000000000000000000e+00
2597 2595 1.000000000000000000e+00
2597 2597 -1.000000000000000000e+00
2597 2598 1.000000000000000000e+00
2597 2601 1.000000000000000000e+00
2597 2629 1.000000000000000000e+00
2597 3109 1.000000000000000000e+00
2598 551 1.000000000000000000e+00
2598 1574 1.000000000000000000e+00
2598 2342 1.000000000000000000e+00
2598 2582 1.000000000000000000e+00
2598 2597 1.000000000000000000e+00
2598 2598 -1.000000000000000000e+00
2598 2602 1.000000000000000000e+00
2598 2630 1.000000000000000000e+00
2598 3110 1.000000000000000000e+00
2599 1575 1.000000000000000000e+00
2599 2343 1.000000000000000000e+00
2599 2583 1.000000000000000000e+00
2599 2603 1.000000000000000000e+00
2599 2631 1.000000000000000000e+00
2599 3111 1.000000000000000000e+00
2600 553 1.000000000000000000e+00
2600 1576 1.000000000000000000e+00
2600 2344 1.000000000000000000e+00
2600 2584 1.000000000000000000e+00
2600 2596 1.000000000000000000e+00
2600 2600 -1.000000000000000000e+00
2600 2608 1.000000000000000000e+00
2600 2632 1.000000000000000000e+00
2600 3112 1.000000000000000000e+00
2601 1577 1.000000000000000000e+00
2601 2345 1.000000000000000000e+00
2601 2585 1.000000000000000000e+00
2601 2597 1.000000000000000000e+00
2601 2601 -1.000000000000000000e+00
2601 2602 1.000000000000000000e+00
2601 2609 1.000000000000000000e+00
2601 2633 1.000000000000000000e+00
2601 3113 1.000000000000000000e+00
2602 555 1.000000000000000000e+00
2602 1578 1.000000000000000000e+00
2602 2346 1.000000000000000000e+00
2602 2586 1.000000000000000000e+00
2602 2598 1.000000000000000000e+00
2602 2601 1.000000000000000000e+00
2602 2602 -2.000000000000000000e+00
2602 2604 1.000000000000000000e+00
2602 2610 1.000000000000000000e+00
2602 2634 1.000000000000000000e+00
2602 3114 1.000000000000000000e+00
2603 1579 1.000000000000000000e+00
2603 2347 1.000000000000000000e+00
2603 2587 1.000000000000000000e+00
2603 2599 1.000000000000000000e+00
2603 2603 -1.000000000000000000e+00
2603 2605 1.000000000000000000e+00
2603 2611 1.000000000000000000e+00
2603 2635 1.000000000000000000e+00
2603 3115 1.000000000000000000e+00
2604 557 1.000000000000000000e+00
2604 1580 1.000000000000000000e+00
2604 2348 1.000000000000000000e+00
2604 2588 1.000000000000000000e+00
2604 2602 1.000000000000000000e+00
2604 2604 -1.000000000000000000e+00
2604 2612 1.000000000000000000e+00
2604 2636 1.000000000000000000e+00
2604 3116 1.000000000000000000e+00
2605 1581 1.000000000000000000e+00
2605 2349 1.000000000000000000e+00
2605 2589 1.000000000000000000e+00
2605 2603 1.000000000000000000e+00
2605 2605 -1.000000000000000000e+00
2605 2606 1.000000000000000000e+00
2605 2613 1.000000000000000000e+00
2605 2637 1.000000000000000000e+00
2605 3117 1.000000000000000000e+00
2606 559 1.000000000000000000e+00
2606 1582 1.000000000000000000e+00
2606 2350 1.000000000000000000e+00
2606 2590 1.000000000000000000e+00
2606 2605 1.000000000000000000e+00
2606 2606 -1.000000000000000000e+00
2606 2614 1.000000000000000000e+00
2606 2638 1.000000000000000000e+00
2606 3118 1.000000000000000000e+00
2607 1583 1.000000000000000000e+00
2607 2351 1.000000000000000000e+00
2607 2591 1.000000000000000000e+00
2607 2615 1.000000000000000000e+00
2607 2639 1.000000000000000000e+00
2607 3119 1.000000000000000000e+00
2608 561 1.000000000000000000e+00
2608 1584 1.000000000000000000e+00
2608 2352 1.000000000000000000e+00
2608 2600 1.000000000000000000e+00
2608 2640 1.000000000000000000e+00
2608 3120 1.000000000000000000e+00
2609 1585 1.000000000000000000e+00
2609 2353 1.000000000000000000e+00
2609 2601 1.000000000000000000e+00
2609 2610 1.000000000000000000e+00
2609 2641 1.000000000000000000e+00
2609 3121 1.000000000000000000e+00
2610 563 1.000000000000000000e+00
2610 1586 1.000000000000000000e+00
2610 2354 1.000000000000000000e+00
2610 2602 1.000000000000000000e+00
2610 2609 1.000000000000000000e+00
2610 2610 -1.000000000000000000e+00
2610 2612 1.000000000000000000e+00
2610 2642 1.000000000000000000e+00
2610 3122 1.000000000000000000e+00
2611 1587 1.000000000000000000e+00
2611 2355 1.000000000000000000e+00
2611 2603 1.000000000000000000e+00
2611 2613 1.000000000000000000e+00
2611 2643 1.000000000000000000e+00
2611 3123 1.000000000000000000e+00
2612 565 1.000000000000000000e+00
2612 1588 1.000000000000000000e+00
2612 2356 1.000000000000000000e+00
2612 2604 1.000000000000000000e+00
2612 2610 1.000000000000000000e+00
2612 2612 -1.000000000000000000e+00
2612 2616 1.000000000000000000e+00
2612 2644 1.000000000000000000e+00
2612 3124 1.000000000000000000e+00
2613 1589 1.000000000000000000e+00
2613 2357 1.000000000000000000e+00
2613 2605 1.000000000000000000e+00
2613 2611 1.000000000000000000e+00
2613 2613 -1.000000000000000000e+00
2613 2614 1.000000000000000000e+00
2613 2617 1.000000000000000000e+00
2613 2645 1.000000000000000000e+00
2613 3125 1.000000000000000000e+00
2614 567 1.000000000000000000e+00
2614 1590 1.000000000000000000e+00
2614 2358 1.000000000000000000e+00
2614 2606 1.000000000000000000e+00
2614 2613 1.000000000000000000e+00
2614 2614 -1.000000000000000000e+00
2614 2618 1.000000000000000000e+00
2614 2646 1.000000000000000000e+00
2614 3126 1.000000000000000000e+00
2615 1591 1.000000000000000000e+00
2615 2359 1.000000000000000000e+00
2615 2607 1.000000000000000000e+00
2615 2619 1.000000000000000000e+00
2615 2647 1.000000000000000000e+00
2615 3127 1.000000000000000000e+00
2616 569 1.000000000000000000e+00
2616 1592 1.000000000000000000e+00
2616 2360 1.000000000000000000e+00
2616 2612 1.000000000000000000e+00
2616 2648 1.000000000000000000e+00
2616 3128 1.000000000000000000e+00
2617 1593 1.000000000000000000e+00
2617 2361 1.000000000000000000e+00
2617 2613 1.000000000000000000e+00
2617 2618 1.000000000000000000e+00
2617 2649 1.000000000000000000e+00
2617 3129 1.000000000000000000e+00
2618 571 1.000000000000000000e+00
2618 1594 1.000000000000000000e+00
2618 2362 1.000000000000000000e+00
2618 2614 1.000000000000000000e+00
2618 2617 1.000000000000000000e+00
2618 2618 -1.000000000000000000e+00
2618 2620 1.000000000000000000e+00
2618 2650 1.000000000000000000e+00
2618 3130 1.000000000000000000e+00
2619 1595 1.000000000000000000e+00
2619 2363 1.000000000000000000e+00
2619 2615 1.000000000000000000e+00
2619 2621 1.000000000000000000e+00
2619 2651 1.000000000000000000e+00
2619 3131 1.000000000000000000e+00
2620 573 1.000000000000000000e+00
2620 1596 1.000000000000000000e+00
2620 2364 1.000000000000000000e+00
2620 2618 1.000000000000000000e+00
2620 2652 1.000000000000000000e+00
2620 3132 1.000000000000000000e+00
2621 1597 1.000000000000000000e+00
2621 2365 1.000000000000000000e+00
2621 2619 1.000000000000000000e+00
2621 2622 1.000000000000000000e+00
2621 2653 1.000000000000000000e+00
2621 3133 1.000000000000000000e+00
2622 575 1.000000000000000000e+00
2622 1598 1.000000000000000000e+00
2622 2366 1.000000000000000000e+00
2622 2621 1.000000000000000000e+00
2622 2654 1.000000000000000000e+00
2622 3134 1.000000000000000000e+00
2623 1599 1.000000000000000000e+00
2623 2367 1.000000000000000000e+00
2623 2623 1.000000000000000000e+00
2623 2655 1.000000000000000000e+00
2623 3135 1.000000000000000000e+00
2624 577 1.000000000000000000e+00
2624 1600 1.000000000000000000e+00
2624 2368 1.000000000000000000e+00
2624 2592 1.000000000000000000e+00
2624 2688 1.000000000000000000e+00
2624 3136 1.000000000000000000e+00
2625 1601 1.000000000000000000e+00
2625 2369 1.000000000000000000e+00
2625 2593 1.000000000000000000e+00
2625 2626 1.000000000000000000e+00
2625 2689 1.000000000000000000e+00
2625 3137 1.000000000000000000e+00
2626 579 1.000000000000000000e+00
2626 1602 1.000000000000000000e+00
2626 2370 1.000000000000000000e+00
2626 2594 1.000000000000000000e+00
2626 2625 1.000000000000000000e+00
2626 2626 -1.000000000000000000e+00
2626 2628 1.000000000000000000e+00
2626 2690 1.000000000000000000e+00
2626 3138 1.000000000000000000e+00
2627 1603 1.000000000000000000e+00
2627 2371 1.000000000000000000e+00
2627 2595 1.000000000000000000e+00
2627 2629 1.000000000000000000e+00
2627 2691 1.000000000000000000e+00
2627 3139 1.000000000000000000e+00
2628 581 1.000000000000000000e+00
2628 1604 1.000000000000000000e+00
2628 2372 1.000000000000000000e+00
2628 2596 1.000000000000000000e+00
2628 2626 1.000000000000000000e+00
2628 2628 -1.000000000000000000e+00
2628 2632 1.000000000000000000e+00
2628 2692 1.000000000000000000e+00
2628 3140 1.000000000000000000e+00
2629 1605 1.000000000000000000e+00
2629 2373 1.000000000000000000e+00
2629 2597 1.000000000000000000e+00
2629 2627 1.000000000000000000e+00
2629 2629 -1.000000000000000000e+00
2629 2630 1.000000000000000000e+00
2629 2633 1.000000000000000000e+00
2629 2693 1.000000000000000000e+00
2629 3141 1.000000000000000000e+00
2630 583 1.000000000000000000e+00
2630 1606 1.000000000000000000e+00
2630 2374 1.000000000000000000e+00
2630 2598 1.000000000000000000e+00
2630 2629 1.000000000000000000e+00
2630 2630 -1.000000000000000000e+00
2630 2634 1.000000000000000000e+00
2630 2694 1.000000000000000000e+00
2630 3142 1.000000000000000000e+00
2631 1607 1.000000000000000000e+00
2631 2375 1.000000000000000000e+00
2631 2599 1.000000000000000000e+00
2631 2635 1.000000000000000000e+00
2631 2695 1.000000000000000000e+00
2631 3143 1.000000000000000000e+00
2632 585 1.000000000000000000e+00
2632 1608 1.000000000000000000e+00
2632 2376 1.000000000000000000e+00
2632 2600 1.000000000000000000e+00
2632 2628 1.000000000000000000e+00
2632 2632 -1.000000000000000000e+00
2632 2640 1.000000000000000000e+00
2632 2696 1.000000000000000000e+00
2632 3144 1.000000000000000000e+00
2633 1609 1.000000000000000000e+00
2633 2377 1.000000000000000000e+00
2633 2601 1.000000000000000000e+00
2633 2629 1.000000000000000000e+00
2633 2633 -1.000000000000000000e+00
2633 2634 1.000000000000000000e+00
2633 2641 1.000000000000000000e+00
2633 2697 1.000000000000000000e+00
2633 3145 1.000000000000000000e+00
2634 587 1.000000000000000000e+00
2634 1610 1.000000000000000000e+00
2634 2378 1.000000000000000000e+00
2634 2602 1.000000000000000000e+00
2634 2630 1.000000000000000000e+00
2634 2633 1.000000000000000000e+00
2634 2634 -2.000000000000000000e+00
2634 2636 1.000000000000000000e+00
2634 2642 1.000000000000000000e+00
2634 2698 1.000000000000000000e+00
2634 3146 1.000000000000000000e+00
2635 1611 1.000000000000000000e+00
2635 2379 1.000000000000000000e+00
2635 2603 1.000000000000000000e+00
2635 2631 1.000000000000000000e+00
2635 2635 -1.000000000000000000e+00
2635 2637 1.000000000000000000e+00
2635 2643 1.000000000000000000e+00
2635 2699 1.000000000000000000e+00
2635 3147 1.000000000000000000e+00
2636 589 1.000000000000000000e+00
2636 1612 1.000000000000000000e+00
2636 2380 1.000000000000000000e+00
2636 2604 1.000000000000000000e+00
2636 2634 1.000000000000000000e+00
2636 2636 -1.000000000000000000e+00
2636 2644 1.000000000000000000e+00
2636 2700 1.000000000000000000e+00
2636 3148 1.000000000000000000e+00
2637 1613 1.000000000000000000e+00
2637 2381 1.000000000000000000e+00
2637 2605 1.000000000000000000e+00
2637 2635 1.000000000000000000e+00
2637 2637 -1.000000000000000000e+00
2637 2638 1.000000000000000000e+00
2637 2645 1.000000000000000000e+00
2637 2701 1.000000000000000000e+00
2637 3149 1.000000000000000000e+00
2638 591 1.000000000000000000e+00
2638 1614 1.000000000000000000e+00
2638 2382 1.000000000000000000e+00
2638 2606 1.000000000000000000e+00
2638 2637 1.000000000000000000e+00
2638 2638 -1.000000000000000000e+00
2638 2646 1.000000000000000000e+00
2638 2702 1.000000000000000000e+00
2638 3150 1.000000000000000000e+00
2639 1615 1.000000000000000000e+00
2639 2383 1.000000000000000000e+00
2639 2607 1.000000000000000000e+00
2639 2647 1.000000000000000000e+00
2639 2703 1.000000000000000000e+00
2639 3151 1.000000000000000000e+00
2640 593 1.000000000000000000e+00
2640 1616 1.000000000000000000e+00
2640 2384 1.000000000000000000e+00
2640 2608 1.000000000000000000e+00
2640 2632 1.000000000000000000e+00
2640 2640 -1.000000000000000000e+00
2640 2656 1.000000000000000000e+00
2640 2704 1.000000000000000000e+00
2640 3152 1.000000000000000000e+00
2641 1617 1.000000000000000000e+00
2641 2385 1.000000000000000000e+00
2641 2609 1.000000000000000000e+00
2641 2633 1.000000000000000000e+00
2641 2641 -1.000000000000000000e+00
2641 2642 1.000000000000000000e+00
2641 2657 1.000000000000000000e+00
2641 2705 1.000000000000000000e+00
2641 3153 1.000000000000000000e+00
2642 595 1.000000000000000000e+00
2642 1618 1.000000000000000000e+00
2642 2386 1.000000000000000000e+00
2642 2610 1.000000000000000000e+00
2642 2634 1.000000000000000000e+00
2642 2641 1.000000000000000000e+00
2642 2642 -2.000000000000000000e+00
2642 2644 1.000000000000000000e+00
2642 2658 1.000000000000000000e+00
2642 2706 1.000000000000000000e+00
2642 3154 1.000000000000000000e+00
2643 1619 1.000000000000000000e+00
2643 2387 1.000000000000000000e+00
2643 2611 1.000000000000000000e+00
2643 2635 1.000000000000000000e+00
2643 2643 -1.000000000000000000e+00
2643 2645 1.000000000000000000e+00
2643 2659 1.000000000000000000e+00
2643 2707 1.000000000000000000e+00
2643 3155 1.000000000000000000e+00
2644 597 1.000000000000000000e+00
2644 1620 1.000000000000000000e+00
2644 2388 1.000000000000000000e+00
2644 2612 1.000000000000000000e+00
2644 2636 1.000000000000000000e+00
2644 2642 1.000000000000000000e+00
2644 2644 -2.000000000000000000e+00
2644 2648 1.000000000000000000e+00
2644 2660 1.000000000000000000e+00
2644 2708 1.000000000000000000e+00
2644 3156 1.000000000000000000e+00
2645 1621 1.000000000000000000e+00
2645 2389 1.000000000000000000e+00
2645 2613 1.000000000000000000e+00
2645 2637 1.000000000000000000e+00
2645 2643 1.000000000000000000e+00
2645 2645 -2.000000000000000000e+00
2645 2646 1.000000000000000000e+00
2645 2649 1.000000000000000000e+00
2645 2661 1.000000000000000000e+00
2645 2709 1.000000000000000000e+00
2645 3157 1.000000000000000000e+00
2646 599 1.000000000000000000e+00
2646 1622 1.000000000000000000e+00
2646 2390 1.000000000000000000e+00
2646 2614 1.000000000000000000e+00
2646 2638 1.000000000000000000e+00
2646 2645 1.000000000000000000e+00
2646 2646 -2.000000000000000000e+00
2646 2650 1.000000000000000000e+00
2646 2662 1.000000000000000000e+00
2646 2710 1.000000000000000000e+00
2646 3158 1.000000000000000000e+00
2647 1623 1.000000000000000000e+00
2647 2391 1.000000000000000000e+00
2647 2615 1.000000000000000000e+00
2647 2639 1.000000000000000000e+00
2647 2647 -1.000000000000000000e+00
2647 2651 1.000000000000000000e+00
2647 2663 1.000000000000000000e+00
2647 2711 1.000000000000000000e+00
2647 3159 1.000000000000000000e+00
2648 601 1.000000000000000000e+00
2648 1624 1.000000000000000000e+00
2648 2392 1.000000000000000000e+00
2648 2616 1.000000000000000000e+00
2648 2644 1.000000000000000000e+00
2648 2648 -1.000000000000000000e+00
2648 2664 1.000000000000000000e+00
2648 2712 1.000000000000000000e+00
2648 3160 1.000000000000000000e+00
2649 1625 1.000000000000000000e+00
2649 2393 1.000000000000000000e+00
2649 2617 1.000000000000000000e+00
2649 2645 1.000000000000000000e+00
2649 2649 -1.000000000000000000e+00
2649 2650 1.000000000000000000e+00
2649 2665 1.000000000000000000e+00
2649 2713 1.000000000000000000e+00
2649 3161 1.000000000000000000e+00
2650 603 1.000000000000000000e+00
2650 1626 1.000000000000000000e+00
2650 2394 1.000000000000000000e+00
2650 2618 1.000000000000000000e+00
2650 2646 1.000000000000000000e+00
2650 2649 1.000000000000000000e+00
2650 2650 -2.000000000000000000e+00
2650 2652 1.000000000000000000e+00
2650 2666 1.000000000000000000e+00
2650 2714 1.000000000000000000e+00
2650 3162 1.000000000000000000e+00
2651 1627 1.000000000000000000e+00
2651 2395 1.000000000000000000e+00
2651 2619 1.000000000000000000e+00
2651 2647 1.000000000000000000e+00
2651 2651 -1.000000000000000000e+00
2651 2653 1.000000000000000000e+00
2651 2667 1.000000000000000000e+00
2651 2715 1.000000000000000000e+00
2651 3163 1.000000000000000000e+00
2652 605 1.000000000000000000e+00
2652 1628 1.000000000000000000e+00
2652 2396 1.000000000000000000e+00
2652 2620 1.000000000000000000e+00
2652 2650 1.000000000000000000e+00
2652 2652 -1.000000000000000000e+00
2652 2668 1.000000000000000000e+00
2652 2716 1.000000000000000000e+00
2652 3164 1.000000000000000000e+00
2653 1629 1.000000000000000000e+00
2653 2397 1.000000000000000000e+00
2653 2621 1.000000000000000000e+00
2653 2651 1.000000000000000000e+00
2653 2653 -1.000000000000000000e+00
2653 2654 1.000000000000000000e+00
2653 2669 1.000000000000000000e+00
2653 2717 1.000000000000000000e+00
2653 3165 1.000000000000000000e+00
2654 607 1.000000000000000000e+00
2654 1630 1.000000000000000000e+00
2654 2398 1.000000000000000000e+00
2654 2622 1.000000000000000000e+00
2654 2653 1.000000000000000000e+00
2654 2654 -1.000000000000000000e+00
2654 2670 1.000000000000000000e+00
2654 2718 1.000000000000000000e+00
2654 3166 1.000000000000000000e+00
2655 1631 1.000000000000000000e+00
2655 2399 1.000000000000000000e+00
2655 2623 1.000000000000000000e+00
2655 2671 1.000000000000000000e+00
2655 2719 1.000000000000000000e+00
2655 3167 1.000000000000000000e+00
2656 609 1.000000000000000000e+00
2656 1632 1.000000000000000000e+00
2656 2400 1.000000000000000000e+00
2656 2640 1.000000000000000000e+00
2656 2720 1.000000000000000000e+00
2656 3168 1.000000000000000000e+00
2657 1633 1.000000000000000000e+00
2657 2401 1.000000000000000000e+00
2657 2641 1.000000000000000000e+00
2657 2658 1.000000000000000000e+00
2657 2721 1.000000000000000000e+00
2657 3169 1.000000000000000000e+00
2658 611 1.000000000000000000e+00
2658 1634 1.000000000000000000e+00
2658 2402 1.000000000000000000e+00
2658 2642 1.000000000000000000e+00
2658 2657 1.000000000000000000e+00
2658 2658 -1.000000000000000000e+00
2658 2660 1.000000000000000000e+00
2658 2722 1.000000000000000000e+00
2658 3170 1.000000000000000000e+00
2659 1635 1.000000000000000000e+00
2659 2403 1.000000000000000000e+00
2659 2643 1.000000000000000000e+00
2659 2661 1.000000000000000000e+00
2659 2723 1.000000000000000000e+00
2659 3171 1.000000000000000000e+00
2660 613 1.000000000000000000e+00
2660 1636 1.000000000000000000e+00
2660 2404 1.000000000000000000e+00
2660 2644 1.000000000000000000e+00
2660 2658 1.000000000000000000e+00
2660 2660 -1.000000000000000000e+00
2660 2664 1.000000000000000000e+00
2660 2724 1.000000000000000000e+00
2660 3172 1.000000000000000000e+00
2661 1637 1.000000000000000000e+00
2661 2405 1.000000000000000000e+00
2661 2645 1.000000000000000000e+00
2661 2659 1.000000000000000000e+00
2661 2661 -1.000000000000000000e+00
2661 2662 1.000000000000000000e+00
2661 2665 1.000000000000000000e+00
2661 2725 1.000000000000000000e+00
2661 3173 1.000000000000000000e+00
2662 615 1.000000000000000000e+00
2662 1638 1.000000000000000000e+00
2662 2406 1.000000000000000000e+00
2662 2646 1.000000000000000000e+00
2662 2661 1.000000000000000000e+00
2662 2662 -1.000000000000000000e+00
2662 2666 1.000000000000000000e+00
2662 2726 1.000000000000000000e+00
2662 3174 1.000000000000000000e+00
2663 1639 1.000000000000000000e+00
2663 2407 1.000000000000000000e+00
2663 2647 1.000000000000000000e+00
2663 2667 1.000000000000000000e+00
2663 2727 1.000000000000000000e+00
2663 3175 1.000000000000000000e+00
2664 617 1.000000000000000000e+00
2664 1640 1.000000000000000000e+00
2664 2408 1.000000000000000000e+00
2664 2648 1.000000000000000000e+00
2664 2660 1.000000000000000000e+00
2664 2664 -1.000000000000000000e+00
2664 2672 1.000000000000000000e+00
2664 2728 1.000000000000000000e+00
2664 3176 1.000000000000000000e+00
2665 1641 1.000000000000000000e+00
2665 2409 1.000000000000000000e+00
2665 2649 1.000000000000000000e+00
2665 2661 1.000000000000000000e+00
2665 2665 -1.000000000000000000e+00
2665 2666 1.000000000000000000e+00
2665 2673 1.000000000000000000e+00
2665 2729 1.000000000000000000e+00
2665 3177 1.000000000000000000e+00
2666 619 1.000000000000000000e+00
2666 1642 1.000000000000000000e+00
2666 2410 1.000000000000000000e+00
2666 2650 1.000000000000000000e+00
2666 2662 1.000000000000000000e+00
2666 2665 1.000000000000000000e+00
2666 2666 -2.000000000000000000e+00
2666 2668 1.000000000000000000e+00
2666 2674 1.000000000000000000e+00
2666 2730 1.000000000000000000e+00
2666 3178 1.000000000000000000e+00
2667 1643 1.000000000000000000e+00
2667 2411 1.000000000000000000e+00
2667 2651 1.000000000000000000e+00
2667 2663 1.000000000000000000e+00
2667 2667 -1.000000000000000000e+00
2667 2669 1.000000000000000000e+00
2667 2675 1.000000000000000000e+00
2667 2731 1.000000000000000000e+00
2667 3179 1.000000000000000000e+00
2668 621 1.000000000000000000e+00
2668 1644 1.000000000000000000e+00
2668 2412 1.000000000000000000e+00
2668 2652 1.000000000000000000e+00
2668 2666 1.000000000000000000e+00
2668 2668 -1.000000000000000000e+00
2668 2676 1.000000000000000000e+00
2668 2732 1.000000000000000000e+00
2668 3180 1.000000000000000000e+00
2669 1645 1.000000000000000000e+00
2669 2413 1.000000000000000000e+00
2669 2653 1.000000000000000000e+00
2669 2667 1.000000000000000000e+00
2669 2669 -1.000000000000000000e+00
2669 2670 1.000000000000000000e+00
2669 2677 1.000000000000000000e+00
2669 2733 1.000000000000000000e+00
2669 3181 1.000000000000000000e+00
2670 623 1.000000000000000000e+00
2670 1646 1.000000000000000000e+00
2670 2414 1.000000000000000000e+00
2670 2654 1.000000000000000000e+00
2670 2669 1.000000000000000000e+00
2670 2670 -1.000000000000000000e+00
2670 2678 1.000000000000000000e+00
2670 2734 1.000000000000000000e+00
2670 3182 1.000000000000000000e+00
2671 1647 1.000000000000000000e+00
2671 2415 1.000000000000000000e+00
2671 2655 1.000000000000000000e+00
2671 2679 1.000000000000000000e+00
2671 2735 1.000000000000000000e+00
2671 3183 1.000000000000000000e+00
2672 625 1.000000000000000000e+00
2672 1648 1.000000000000000000e+00
2672 2416 1.000000000000000000e+00
2672 2664 1.000000000000000000e+00
2672 2736 1.000000000000000000e+00
2672 3184 1.000000000000000000e+00
2673 1649 1.000000000000000000e+00
2673 2417 1.000000000000000000e+00
2673 2665 1.000000000000000000e+00
2673 2674 1.000000000000000000e+00
2673 2737 1.000000000000000000e+00
2673 3185 1.000000000000000000e+00
2674 627 1.000000000000000000e+00
2674 1650 1.000000000000000000e+00
2674 2418 1.000000000000000000e+00
2674 2666 1.000000000000000000e+00
2674 2673 1.000000000000000000e+00
2674 2674 -1.000000000000000000e+00
2674 2676 1.000000000000000000e+00
2674 2738 1.000000000000000000e+00
2674 3186 1.000000000000000000e+00
2675 1651 1.000000000000000000e+00
2675 2419 1.000000000000000000e+00
2675 2667 1.000000000000000000e+00
2675 2677 1.000000000000000000e+00
2675 2739 1.000000000000000000e+00
2675 3187 1.000000000000000000e+00
2676 629 1.000000000000000000e+00
2676 1652 1.000000000000000000e+00
2676 2420 1.000000000000000000e+00
2676 2668 1.000000000000000000e+00
2676 2674 1.000000000000000000e+00
2676 2676 -1.000000000000000000e+00
2676 2680 1.000000000000000000e+00
2676 2740 1.000000000000000000e+00
2676 3188 1.000000000000000000e+00
2677 1653 1.000000000000000000e+00
2677 2421 1.000000000000000000e+00
2677 2669 1.000000000000000000e+00
2677 2675 1.000000000000000000e+00
2677 2677 -1.000000000000000000e+00
2677 2678 1.000000000000000000e+00
2677 2681 1.000000000000000000e+00
2677 2741 1.000000000000000000e+00
2677 3189 1.000000000000000000e+00
2678 631 1.000000000000000000e+00
2678 1654 1.000000000000000000e+00
2678 2422 1.000000000000000000e+00
2678 2670 1.000000000000000000e+00
2678 2677 1.000000000000000000e+00
2678 2678 -1.000000000000000000e+00
2678 2682 1.000000000000000000e+00
2678 2742 1.000000000000000000e+00
2678 3190 1.000000000000000000e+00
2679 1655 1.000000000000000000e+00
2679 2423 1.000000000000000000e+00
2679 2671 1.000000000000000000e+00
2679 2683 1.000000000000000000e+00
2679 2743 1.000000000000000000e+00
2679 3191 1.000000000000000000e+00
2680 633 1.000000000000000000e+00
2680 1656 1.000000000000000000e+00
2680 2424 1.000000000000000000e+00
2680 2676 1.000000000000000000e+00
2680 2744 1.000000000000000000e+00
2680 3192 1.000000000000000000e+00
2681 1657 1.000000000000000000e+00
2681 2425 1.000000000000000000e+00
2681 2677 1.000000000000000000e+00
2681 2682 1.000000000000000000e+00
2681 2745 1.000000000000000000e+00
2681 3193 1.000000000000000000e+00
2682 635 1.000000000000000000e+00
2682 1658 1.000000000000000000e+00
2682 2426 1.000000000000000000e+00
2682 2678 1.000000000000000000e+00
2682 2681 1.000000000000000000e+00
2682 2682 -1.000000000000000000e+00
2682 2684 1.000000000000000000e+00
2682 2746 1.000000000000000000e+00
2682 3194 1.000000000000000000e+00
2683 1659 1.000000000000000000e+00
2683 2427 1.000000000000000000e+00
2683 2679 1.000000000000000000e+00
2683 2685 1.000000000000000000e+00
2683 2747 1.000000000000000000e+00
2683 3195 1.000000000000000000e+00
2684 637 1.000000000000000000e+00
2684 1660 1.000000000000000000e+00
2684 2428 1.000000000000000000e+00
2684 2682 1.000000000000000000e+00
2684 2748 1.000000000000000000e+00
2684 3196 1.000000000000000000e+00
2685 1661 1.000000000000000000e+00
2685 2429 1.000000000000000000e+00
2685 2683 1.000000000000000000e+00
2685 2686 1.000000000000000000e+00
2685 2749 1.000000000000000000e+00
2685 3197 1.000000000000000000e+00
2686 639 1.000000000000000000e+00
2686 1662 1.000000000000000000e+00
2686 2430 1.000000000000000000e+00
2686 2685 1.000000000000000000e+00
2686 2750 1.000000000000000000e+00
2686 3198 1.000000000000000000e+00
2687 1663 1.000000000000000000e+00
2687 2431 1.000000000000000000e+00
2687 2687 1.000000000000000000e+00
2687 2751 1.000000000000000000e+00
2687 3199 1.000000000000000000e+00
2688 641 1.000000000000000000e+00
2688 1664 1.000000000000000000e+00
2688 2432 1.000000000000000000e+00
2688 2624 1.000000000000000000e+00
2688 2816 1.000000000000000000e+00
2688 3200 1.000000000000000000e+00
2689 1665 1.000000000000000000e+00
2689 2433 1.000000000000000000e+00
2689 2625 1.000000000000000000e+00
2689 2690 1.000000000000000000e+00
2689 2817 1.000000000000000000e+00
2689 3201 1.000000000000000000e+00
2690 643 1.000000000000000000e+00
2690 1666 1.000000000000000000e+00
2690 2434 1.000000000000000000e+00
2690 2626 1.000000000000000000e+00
2690 2689 1.000000000000000000e+00
2690 2690 -1.000000000000000000e+00
2690 2692 1.000000000000000000e+00
2690 2818 1.000000000000000000e+00
2690 3202 1.000000000000000000e+00
2691 1667 1.000000000000000000e+00
2691 2435 1.000000000000000000e+00
2691 2627 1.000000000000000000e+00
2691 2693 1.000000000000000000e+00
2691 2819 1.000000000000000000e+00
2691 3203 1.000000000000000000e+00
2692 645 1.000000000000000000e+00
2692 1668 1.000000000000000000e+00
2692 2436 1.000000000000000000e+00
2692 2628 1.000000000000000000e+00
2692 2690 1.000000000000000000e+00
2692 2692 -1.000000000000000000e+00
2692 2696 1.000000000000000000e+00
2692 2820 1.000000000000000000e+00
2692 3204 1.000000000000000000e+00
2693 1669 1.000000000000000000e+00
2693 2437 1.000000000000000000e+00
2693 2629 1.000000000000000000e+00
2693 2691 1.000000000000000000e+00
2693 2693 -1.000000000000000000e+00
2693 2694 1.000000000000000000e+00
2693 2697 1.000000000000000000e+00
2693 2821 1.000000000000000000e+00
2693 3205 1.000000000000000000e+00
2694 647 1.000000000000000000e+00
2694 1670 1.000000000000000000e+00
2694 2438 1.000000000000000000e+00
2694 2630 1.000000000000000000e+00
2694 2693 1.000000000000000000e+00
2694 2694 -1.000000000000000000e+00
2694 2698 1.000000000000000000e+00
2694 2822 1.000000000000000000e+00
2694 3206 1.000000000000000000e+00
2695 1671 1.000000000000000000e+00
2695 2439 1.000000000000000000e+00
2695 2631 1.000000000000000000e+00
2695 2699 1.000000000000000000e+00
2695 2823 1.000000000000000000e+00
2695 3207 1.000000000000000000e+00
2696 649 1.000000000000000000e+00
2696 1672 1.000000000000000000e+00
2696 2440 1.000000000000000000e+00
2696 2632 1.000000000000000000e+00
2696 2692 1.000000000000000000e+00
2696 2696 -1.000000000000000000e+00
2696 2704 1.000000000000000000e+00
2696 2824 1.000000000000000000e+00
2696 3208 1.000000000000000000e+00
2697 1673 1.000000000000000000e+00
2697 2441 1.000000000000000000e+00
2697 2633 1.000000000000000000e+00
2697 2693 1.000000000000000000e+00
2697 2697 -1.000000000000000000e+00
2697 2698 1.000000000000000000e+00
2697 2705 1.000000000000000000e+00
2697 2825 1.000000000000000000e+00
2697 3209 1.000000000000000000e+00
2698 651 1.000000000000000000e+00
2698 1674 1.000000000000000000e+00
2698 2442 1.000000000000000000e+00
2698 2634 1.000000000000000000e+00
2698 2694 1.000000000000000000e+00
2698 2697 1.000000000000000000e+00
2698 2698 -2.000000000000000000e+00
2698 2700 1.000000000000000000e+00
2698 2706 1.000000000000000000e+00
2698 2826 1.000000000000000000e+00
2698 3210 1.000000000000000000e+00
2699 1675 1.000000000000000000e+00
2699 2443 1.000000000000000000e+00
2699 2635 1.000000000000000000e+00
2699 2695 1.000000000000000000e+00
2699 2699 -1.000000000000000000e+00
2699 2701 1.000000000000000000e+00
2699 2707 1.000000000000000000e+00
2699 2827 1.000000000000000000e+00
2699 3211 1.000000000000000000e+00
2700 653 1.000000000000000000e+00
2700 1676 1.000000000000000000e+00
2700 2444 1.000000000000000000e+00
2700 2636 1.000000000000000000e+00
2700 2698 1.000000000000000000e+00
2700 2700 -1.000000000000000000e+00
2700 2708 1.000000000000000000e+00
2700 2828 1.000000000000000000e+00
2700 3212 1.000000000000000000e+00
2701 1677 1.000000000000000000e+00
2701 2445 1.000000000000000000e+00
2701 2637 1.000000000000000000e+00
2701 2699 1.000000000000000000e+00
2701 2701 -1.000000000000000000e+00
2701 2702 1.000000000000000000e+00
2701 2709 1.000000000000000000e+00
2701 2829 1.000000000000000000e+00
2701 3213 1.000000000000000000e+00
2702 655 1.000000000000000000e+00
2702 1678 1.000000000000000000e+00
2702 2446 1.000000000000000000e+00
2702 2638 1.000000000000000000e+00
2702 2701 1.000000000000000000e+00
2702 2702 -1.000000000000000000e+00
2702 2710 1.000000000000000000e+00
2702 2830 1.000000000000000000e+00
2702 3214 1.000000000000000000e+00
2703 1679 1.000000000000000000e+00
2703 2447 1.000000000000000000e+00
2703 2639 1.000000000000000000e+00
2703 2711 1.000000000000000000e+00
2703 2831 1.000000000000000000e+00
2703 3215 1.000000000000000000e+00
2704 657 1.000000000000000000e+00
2704 1680 1.000000000000000000e+00
2704 2448 1.000000000000000000e+00
2704 2640 1.000000000000000000e+00
2704 2696 1.000000000000000000e+00
2704 2704 -1.000000000000000000e+00
2704 2720 1.000000000000000000e+00
2704 2832 1.000000000000000000e+00
2704 3216 1.000000000000000000e+00
2705 1681 1.000000000000000000e+00
2705 2449 1.000000000000000000e+00
2705 2641 1.000000000000000000e+00
2705 2697 1.000000000000000000e+00
2705 2705 -1.000000000000000000e+00
2705 2706 1.000000000000000000e+00
2705 2721 1.000000000000000000e+00
2705 2833 1.000000000000000000e+00
2705 3217 1.000000000000000000e+00
2706 659 1.000000000000000000e+00
2706 1682 1.000000000000000000e+00
2706 2450 1.000000000000000000e+00
2706 2642 1.000000000000000000e+00
2706 2698 1.000000000000000000e+00
2706 2705 1.000000000000000000e+00
2706 2706 -2.000000000000000000e+00
2706 2708 1.000000000000000000e+00
2706 2722 1.000000000000000000e+00
2706 2834 1.000000000000000000e+00
2706 3218 1.000000000000000000e+00
2707 1683 1.000000000000000000e+00
2707 2451 1.000000000000000000e+00
2707 2643 1.000000000000000000e+00
2707 2699 1.000000000000000000e+00
2707 2707 -1.000000000000000000e+00
2707 2709 1.000000000000000000e+00
2707 2723 1.000000000000000000e+00
2707 2835 1.000000000000000000e+00
2707 3219 1.000000000000000000e+00
2708 661 1.000000000000000000e+00
2708 1684 1.000000000000000000e+00
2708 2452 1.000000000000000000e+00
2708 2644 1.000000000000000000e+00
2708 2700 1.000000000000000000e+00
2708 2706 1.000000000000000000e+00
2708 2708 -2.000000000000000000e+00
2708 2712 1.000000000000000000e+00
2708 2724 1.000000000000000000e+00
2708 2836 1.000000000000000000e+00
2708 3220 1.000000000000000000e+00
2709 1685 1.000000000000000000e+00
2709 2453 1.000000000000000000e+00
2709 2645 1.000000000000000000e+00
2709 2701 1.000000000000000000e+00
2709 2707 1.000000000000000000e+00
2709 2709 -2.000000000000000000e+00
2709 2710 1.000000000000000000e+00
2709 2713 1.000000000000000000e+00
2709 2725 1.000000000000000000e+00
2709 2837 1.000000000000000000e+00
2709 3221 1.000000000000000000e+00
2710 663 1.000000000000000000e+00
2710 1686 1.000000000000000000e+00
2710 2454 1.000000000000000000e+00
2710 2646 1.000000000000000000e+00
2710 2702 1.000000000000000000e+00
2710 2709 1.000000000000000000e+00
2710 2710 -2.000000000000000000e+00
2710 2714 1.000000000000000000e+00
2710 2726 1.000000000000000000e+00
2710 2838 1.000000000000000000e+00
2710 3222 1.000000000000000000e+00
2711 1687 1.000000000000000000e+00
2711 2455 1.000000000000000000e+00
2711 2647 1.000000000000000000e+00
2711 2703 1.000000000000000000e+00
2711 2711 -1.000000000000000000e+00
2711 2715 1.000000000000000000e+00
2711 2727 1.000000000000000000e+00
2711 2839 1.000000000000000000e+00
2711 3223 1.000000000000000000e+00
2712 665 1.000000000000000000e+00
2712 1688 1.000000000000000000e+00
2712 2456 1.000000000000000000e+00
2712 2648 1.000000000000000000e+00
2712 2708 1.000000000000000000e+00
2712 2712 -1.000000000000000000e+00
2712 2728 1.000000000000000000e+00
2712 2840 1.000000000000000000e+00
2712 3224 1.000000000000000000e+00
2713 1689 1.000000000000000000e+00
2713 2457 1.000000000000000000e+00
2713 2649 1.000000000000000000e+00
2713 2709 1.000000000000000000e+00
2713 2713 -1.000000000000000000e+00
2713 2714 1.000000000000000000e+00
2713 2729 1.000000000000000000e+00
2713 2841 1.000000000000000000e+00
2713 3225 1.000000000000000000e+00
2714 667 1.000000000000000000e+00
2714 1690 1.000000000000000000e+00
2714 2458 1.000000000000000000e+00
2714 2650 1.000000000000000000e+00
2714 2710 1.000000000000000000e+00
2714 2713 1.000000000000000000e+00
2714 2714 -2.000000000000000000e+00
2714 2716 1.000000000000000000e+00
2714 2730 1.000000000000000000e+00
2714 2842 1.000000000000000000e+00
2714 3226 1.000000000000000000e+00
2715 1691 1.000000000000000000e+00
2715 2459 1.000000000000000000e+00
2715 2651 1.000000000000000000e+00
2715 2711 1.000000000000000000e+00
2715 2715 -1.000000000000000000e+00
2715 2717 1.000000000000000000e+00
2715 2731 1.000000000000000000e+00
2715 2843 1.000000000000000000e+00
2715 3227 1.000000000000000000e+00
2716 669 1.000000000000000000e+00
2716 1692 1.000000000000000000e+00
2716 2460 1.000000000000000000e+00
2716 2652 1.000000000000000000e+00
2716 2714 1.000000000000000000e+00
2716 2716 -1.000000000000000000e+00
2716 2732 1.000000000000000000e+00
2716 2844 1.000000000000000000e+00
2716 3228 1.000000000000000000e+00
2717 1693 1.000000000000000000e+00
2717 2461 1.000000000000000000e+00
2717 2653 1.000000000000000000e+00
2717 2715 1.000000000000000000e+00
2717 2717 -1.000000000000000000e+00
2717 2718 1.000000000000000000e+00
2717 2733 1.000000000000000000e+00
2717 2845 1.000000000000000000e+00
2717 3229 1.000000000000000000e+00
2718 671 1.000000000000000000e+00
2718 1694 1.000000000000000000e+00
2718 2462 1.000000000000000000e+00
2718 2654 1.000000000000000000e+00
2718 2717 1.000000000000000000e+00
2718 2718 -1.000000000000000000e+00
2718 2734 1.000000000000000000e+00
2718 2846 1.000000000000000000e+00
2718 3230 1.000000000000000000e+00
2719 1695 1.000000000000000000e+00
2719 2463 1.000000000000000000e+00
2719 2655 1.000000000000000000e+00
2719 2735 1.000000000000000000e+00
2719 2847 1.000000000000000000e+00
2719 3231 1.000000000000000000e+00
2720 673 1.000000000000000000e+00
2720 1696 1.000000000000000000e+00
2720 2464 1.000000000000000000e+00
2720 2656 1.000000000000000000e+00
2720 2704 1.000000000000000000e+00
2720 2720 -1.000000000000000000e+00
2720 2752 1.000000000000000000e+00
2720 2848 1.000000000000000000e+00
2720 3232 1.000000000000000000e+00
2721 1697 1.000000000000000000e+00
2721 2465 1.000000000000000000e+00
2721 2657 1.000000000000000000e+00
2721 2705 1.000000000000000000e+00
2721 2721 -1.000000000000000000e+00
2721 2722 1.000000000000000000e+00
2721 2753 1.000000000000000000e+00
2721 2849 1.000000000000000000e+00
2721 3233 1.000000000000000000e+00
2722 675 1.000000000000000000e+00
2722 1698 1.000000000000000000e+00
2722 2466 1.000000000000000000e+00
2722 2658 1.000000000000000000e+00
2722 2706 1.000000000000000000e+00
2722 2721 1.000000000000000000e+00
2722 2722 -2.000000000000000000e+00
2722 2724 1.000000000000000000e+00
2722 2754 1.000000000000000000e+00
2722 2850 1.000000000000000000e+00
2722 3234 1.000000000000000000e+00
2723 1699 1.000000000000000000e+00
2723 2467 1.000000000000000000e+00
2723 2659 1.000000000000000000e+00
2723 2707 1.000000000000000000e+00
2723 2723 -1.000000000000000000e+00
2723 2725 1.000000000000000000e+00
2723 2755 1.000000000000000000e+00
2723 2851 1.000000000000000000e+00
2723 3235 1.000000000000000000e+00
2724 677 1.000000000000000000e+00
2724 1700 1.000000000000000000e+00
2724 2468 1.000000000000000000e+00
2724 2660 1.000000000000000000e+00
2724 2708 1.000000000000000000e+00
2724 2722 1.000000000000000000e+00
2724 2724 -2.000000000000000000e+00
2724 2728 1.000000000000000000e+00
2724 2756 1.000000000000000000e+00
2724 2852 1.000000000000000000e+00
2724 3236 1.000000000000000000e+00
2725 1701 1.000000000000000000e+00
2725 2469 1.000000000000000000e+00
2725 2661 1.000000000000000000e+00
2725 2709 1.000000000000000000e+00
2725 2723 1.000000000000000000e+00
2725 2725 -2.000000000000000000e+00
2725 2726 1.000000000000000000e+00
2725 2729 1.000000000000000000e+00
2725 2757 1.000000000000000000e+00
2725 2853 1.000000000000000000e+00
2725 3237 1.000000000000000000e+00
2726 679 1.000000000000000000e+00
2726 1702 1.000000000000000000e+00
2726 2470 1.000000000000000000e+00
2726 2662 1.000000000000000000e+00
2726 2710 1.000000000000000000e+00
2726 2725 1.000000000000000000e+00
2726 2726 -2.000000000000000000e+00
2726 2730 1.000000000000000000e+00
2726 2758 1.000000000000000000e+00
2726 2854 1.000000000000000000e+00
2726 3238 1.000000000000000000e+00
2727 1703 1.000000000000000000e+00
2727 2471 1.000000000000000000e+00
2727 2663 1.000000000000000000e+00
2727 2711 1.000000000000000000e+00
2727 2727 -1.000000000000000000e+00
2727 2731 1.000000000000000000e+00
2727 2759 1.000000000000000000e+00
2727 2855 1.000000000000000000e+00
2727 3239 1.000000000000000000e+00
2728 681 1.000000000000000000e+00
2728 1704 1.000000000000000000e+00
2728 2472 1.000000000000000000e+00
2728 2664 1.000000000000000000e+00
2728 2712 1.000000000000000000e+00
2728 2724 1.000000000000000000e+00
2728 2728 -2.000000000000000000e+00
2728 2736 1.000000000000000000e+00
2728 2760 1.000000000000000000e+00
2728 2856 1.000000000000000000e+00
2728 3240 1.000000000000000000e+00
2729 1705 1.000000000000000000e+00
2729 2473 1.000000000000000000e+00
2729 2665 1.000000000000000000e+00
2729 2713 1.000000000000000000e+00
2729 2725 1.000000000000000000e+00
2729 2729 -2.000000000000000000e+00
2729 2730 1.000000000000000000e+00
2729 2737 1.000000000000000000e+00
2729 2761 1.000000000000000000e+00
2729 2857 1.000000000000000000e+00
2729 3241 1.000000000000000000e+00
2730 683 1.000000000000000000e+00
2730 1706 1.000000000000000000e+00
2730 2474 1.000000000000000000e+00
2730 2666 1.000000000000000000e+00
2730 2714 1.000000000000000000e+00
2730 2726 1.000000000000000000e+00
2730 2729 1.000000000000000000e+00
2730 2730 -3.000000000000000000e+00
2730 2732 1.000000000000000000e+00
2730 2738 1.000000000000000000e+00
2730 2762 1.000000000000000000e+00
2730 2858 1.000000000000000000e+00
2730 3242 1.000000000000000000e+00
2731 1707 1.000000000000000000e+00
2731 2475 1.000000000000000000e+00
2731 2667 1.000000000000000000e+00
2731 2715 1.000000000000000000e+00
2731 2727 1.000000000000000000e+00
2731 2731 -2.000000000000000000e+00
2731 2733 1.000000000000000000e+00
2731 2739 1.000000000000000000e+00
2731 2763 1.000000000000000000e+00
2731 2859 1.000000000000000000e+00
2731 3243 1.000000000000000000e+00
2732 685 1.000000000000000000e+00
2732 1708 1.000000000000000000e+00
2732 2476 1.000000000000000000e+00
2732 2668 1.000000000000000000e+00
2732 2716 1.000000000000000000e+00
2732 2730 1.000000000000000000e+00
2732 2732 -2.000000000000000000e+00
2732 2740 1.000000000000000000e+00
2732 2764 1.000000000000000000e+00
2732 2860 1.000000000000000000e+00
2732 3244 1.000000000000000000e+00
2733 1709 1.000000000000000000e+00
2733 2477 1.000000000000000000e+00
2733 2669 1.000000000000000000e+00
2733 2717 1.000000000000000000e+00
2733 2731 1.000000000000000000e+00
2733 2733 -2.000000000000000000e+00
2733 2734 1.000000000000000000e+00
2733 2741 1.000000000000000000e+00
2733 2765 1.000000000000000000e+00
2733 2861 1.000000000000000000e+00
2733 3245 1.000000000000000000e+00
2734 687 1.000000000000000000e+00
2734 1710 1.000000000000000000e+00
2734 2478 1.000000000000000000e+00
2734 2670 1.000000000000000000e+00
2734 2718 1.000000000000000000e+00
2734 2733 1.000000000000000000e+00
2734 2734 -2.000000000000000000e+00
2734 2742 1.000000000000000000e+00
2734 2766 1.000000000000000000e+00
2734 2862 1.000000000000000000e+00
2734 3246 1.000000000000000000e+00
2735 1711 1.000000000000000000e+00
2735 2479 1.000000000000000000e+00
2735 2671 1.000000000000000000e+00
2735 2719 1.000000000000000000e+00
2735 2735 -1.000000000000000000e+00
2735 2743 1.000000000000000000e+00
2735 2767 1.000000000000000000e+00
2735 2863 1.000000000000000000e+00
2735 3247 1.000000000000000000e+00
2736 689 1.000000000000000000e+00
2736 1712 1.000000000000000000e+00
2736 2480 1.000000000000000000e+00
2736 2672 1.000000000000000000e+00
2736 2728 1.000000000000000000e+00
2736 2736 -1.000000000000000000e+00
2736 2768 1.000000000000000000e+00
2736 2864 1.000000000000000000e+00
2736 3248 1.000000000000000000e+00
2737 1713 1.000000000000000000e+00
2737 2481 1.000000000000000000e+00
2737 2673 1.000000000000000000e+00
2737 2729 1.000000000000000000e+00
2737 2737 -1.000000000000000000e+00
2737 2738 1.000000000000000000e+00
2737 2769 1.000000000000000000e+00
2737 2865 1.000000000000000000e+00
2737 3249 1.000000000000000000e+00
2738 691 1.000000000000000000e+00
2738 1714 1.000000000000000000e+00
2738 2482 1.000000000000000000e+00
2738 2674 1.000000000000000000e+00
2738 2730 1.000000000000000000e+00
2738 2737 1.000000000000000000e+00
2738 2738 -2.000000000000000000e+00
2738 2740 1.000000000000000000e+00
2738 2770 1.000000000000000000e+00
2738 2866 1.000000000000000000e+00
2738 3250 1.000000000000000000e+00
2739 1715 1.000000000000000000e+00
2739 2483 1.000000000000000000e+00
2739 2675 1.000000000000000000e+00
2739 2731 1.000000000000000000e+00
2739 2739 -1.000000000000000000e+00
2739 2741 1.000000000000000000e+00
2739 2771 1.000000000000000000e+00
2739 2867 1.000000000000000000e+00
2739 3251 1.000000000000000000e+00
2740 693 1.000000000000000000e+00
2740 1716 1.000000000000000000e+00
2740 2484 1.000000000000000000e+00
2740 2676 1.000000000000000000e+00
2740 2732 1.000000000000000000e+00
2740 2738 1.000000000000000000e+00
2740 2740 -2.000000000000000000e+00
2740 2744 1.000000000000000000e+00
2740 2772 1.000000000000000000e+00
2740 2868 1.000000000000000000e+00
2740 3252 1.000000000000000000e+00
2741 1717 1.000000000000000000e+00
2741 2485 1.000000000000000000e+00
2741 2677 1.000000000000000000e+00
2741 2733 1.000000000000000000e+00
2741 2739 1.000000000000000000e+00
2741 2741 -2.000000000000000000e+00
2741 2742 1.000000000000000000e+00
2741 2745 1.000000000000000000e+00
2741 2773 1.000000000000000000e+00
2741 2869 1.000000000000000000e+00
2741 3253 1.000000000000000000e+00
2742 695 1.000000000000000000e+00
2742 1718 1.000000000000000000e+00
2742 2486 1.000000000000000000e+00
2742 2678 1.000000000000000000e+00
2742 2734 1.000000000000000000e+00
2742 2741 1.000000000000000000e+00
2742 2742 -2.000000000000000000e+00
2742 2746 1.000000000000000000e+00
2742 2774 1.000000000000000000e+00
2742 2870 1.000000000000000000e+00
2742 3254 1.000000000000000000e+00
2743 1719 1.000000000000000000e+00
2743 2487 1.000000000000000000e+00
2743 2679 1.000000000000000000e+00
2743 2735 1.000000000000000000e+00
2743 2743 -1.000000000000000000e+00
2743 2747 1.000000000000000000e+00
2743 2775 1.000000000000000000e+00
2743 2871 1.000000000000000000e+00
2743 3255 1.000000000000000000e+00
2744 697 1.000000000000000000e+00
2744 1720 1.000000000000000000e+00
2744 2488 1.000000000000000000e+00
2744 2680 1.000000000000000000e+00
2744 2740 1.000000000000000000e+00
2744 2744 -1.000000000000000000e+00
2744 2776 1.000000000000000000e+00
2744 2872 1.000000000000000000e+00
2744 3256 1.000000000000000000e+00
2745 1721 1.000000000000000000e+00
2745 2489 1.000000000000000000e+00
2745 2681 1.000000000000000000e+00
2745 2741 1.000000000000000000e+00
2745 2745 -1.000000000000000000e+00
2745 2746 1.000000000000000000e+00
2745 2777 1.000000000000000000e+00
2745 2873 1.000000000000000000e+00
2745 3257 1.000000000000000000e+00
2746 699 1.000000000000000000e+00
2746 1722 1.000000000000000000e+00
2746 2490 1.000000000000000000e+00
2746 2682 1.000000000000000000e+00
2746 2742 1.000000000000000000e+00
2746 2745 1.000000000000000000e+00
2746 2746 -2.000000000000000000e+00
2746 2748 1.000000000000000000e+00
2746 2778 1.000000000000000000e+00
2746 2874 1.000000000000000000e+00
2746 3258 1.000000000000000000e+00
2747 1723 1.000000000000000000e+00
2747 2491 1.000000000000000000e+00
2747 2683 1.000000000000000000e+00
2747 2743 1.000000000000000000e+00
2747 2747 -1.000000000000000000e+00
2747 2749 1.000000000000000000e+00
2747 2779 1.000000000000000000e+00
2747 2875 1.000000000000000000e+00
2747 3259 1.000000000000000000e+00
2748 701 1.000000000000000000e+00
2748 1724 1.000000000000000000e+00
2748 2492 1.000000000000000000e+00
2748 2684 1.000000000000000000e+00
2748 2746 1.000000000000000000e+00
2748 2748 -1.000000000000000000e+00
2748 2780 1.000000000000000000e+00
2748 2876 1.000000000000000000e+00
2748 3260 1.000000000000000000e+00
2749 1725 1.000000000000000000e+00
2749 2493 1.000000000000000000e+00
2749 2685 1.000000000000000000e+00
2749 2747 1.000000000000000000e+00
2749 2749 -1.000000000000000000e+00
2749 2750 1.000000000000000000e+00
2749 2781 1.000000000000000000e+00
2749 2877 1.000000000000000000e+00
2749 3261 1.000000000000000000e+00
2750 703 1.000000000000000000e+00
2750 1726 1.000000000000000000e+00
2750 2494 1.000000000000000000e+00
2750 2686 1.000000000000000000e+00
2750 2749 1.000000000000000000e+00
2750 2750 -1.000000000000000000e+00
2750 2782 1.000000000000000000e+00
2750 2878 1.000000000000000000e+00
2750 3262 1.000000000000000000e+00
2751 1727 1.000000000000000000e+00
2751 2495 1.000000000000000000e+00
2751 2687 1.000000000000000000e+00
2751 2783 1.000000000000000000e+00
2751 2879 1.000000000000000000e+00
2751 3263 1.000000000000000000e+00
2752 705 1.000000000000000000e+00
2752 1728 1.000000000000000000e+00
2752 2496 1.000000000000000000e+00
2752 2720 1.000000000000000000e+00
2752 2880 1.000000000000000000e+00
2752 3264 1.000000000000000000e+00
2753 1729 1.000000000000000000e+00
2753 2497 1.000000000000000000e+00
2753 2721 1.000000000000000000e+00
2753 2754 1.000000000000000000e+00
2753 2881 1.000000000000000000e+00
2753 3265 1.000000000000000000e+00
2754 707 1.000000000000000000e+00
2754 1730 1.000000000000000000e+00
2754 2498 1.000000000000000000e+00
2754 2722 1.000000000000000000e+00
2754 2753 1.000000000000000000e+00
2754 2754 -1.000000000000000000e+00
2754 2756 1.000000000000000000e+00
2754 2882 1.000000000000000000e+00
2754 3266 1.000000000000000000e+00
2755 1731 1.000000000000000000e+00
2755 2499 1.000000000000000000e+00
2755 2723 1.000000000000000000e+00
2755 2757 1.000000000000000000e+00
2755 2883 1.000000000000000000e+00
2755 3267 1.000000000000000000e+00
2756 709 1.000000000000000000e+00
2756 1732 1.000000000000000000e+00
2756 2500 1.000000000000000000e+00
2756 2724 1.000000000000000000e+00
2756 2754 1.000000000000000000e+00
2756 2756 -1.000000000000000000e+00
2756 2760 1.000000000000000000e+00
2756 2884 1.000000000000000000e+00
2756 3268 1.000000000000000000e+00
2757 1733 1.000000000000000000e+00
2757 2501 1.000000000000000000e+00
2757 2725 1.000000000000000000e+00
2757 2755 1.000000000000000000e+00
2757 2757 -1.000000000000000000e+00
2757 2758 1.000000000000000000e+00
2757 2761 1.000000000000000000e+00
2757 2885 1.000000000000000000e+00
2757 3269 1.000000000000000000e+00
2758 711 1.000000000000000000e+00
2758 1734 1.000000000000000000e+00
2758 2502 1.000000000000000000e+00
2758 2726 1.000000000000000000e+00
2758 2757 1.000000000000000000e+00
2758 2758 -1.000000000000000000e+00
2758 2762 1.000000000000000000e+00
2758 2886 1.000000000000000000e+00
2758 3270 1.000000000000000000e+00
2759 1735 1.000000000000000000e+00
2759 2503 1.000000000000000000e+00
2759 2727 1.000000000000000000e+00
2759 2763 1.000000000000000000e+00
2759 2887 1.000000000000000000e+00
2759 3271 1.000000000000000000e+00
2760 713 1.000000000000000000e+00
2760 1736 1.000000000000000000e+00
2760 2504 1.000000000000000000e+00
2760 2728 1.000000000000000000e+00
2760 2756 1.000000000000000000e+00
2760 2760 -1.000000000000000000e+00
2760 2768 1.000000000000000000e+00
2760 2888 1.000000000000000000e+00
2760 3272 1.000000000000000000e+00
2761 1737 1.000000000000000000e+00
2761 2505 1.000000000000000000e+00
2761 2729 1.000000000000000000e+00
2761 2757 1.000000000000000000e+00
2761 2761 -1.000000000000000000e+00
2761 2762 1.000000000000000000e+00
2761 2769 1.000000000000000000e+00
2761 2889 1.000000000000000000e+00
2761 3273 1.000000000000000000e+00
2762 715 1.000000000000000000e+00
2762 1738 1.000000000000000000e+00
2762 2506 1.000000000000000000e+00
2762 2730 1.000000000000000000e+00
2762 2758 1.000000000000000000e+00
2762 2761 1.000000000000000000e+00
2762 2762 -2.000000000000000000e+00
2762 2764 1.000000000000000000e+00
2762 2770 1.000000000000000000e+00
2762 2890 1.000000000000000000e+00
2762 3274 1.000000000000000000e+00
2763 1739 1.000000000000000000e+00
2763 2507 1.000000000000000000e+00
2763 2731 1.000000000000000000e+00
2763 2759 1.000000000000000000e+00
2763 2763 -1.000000000000000000e+00
2763 2765 1.000000000000000000e+00
2763 2771 1.000000000000000000e+00
2763 2891 1.000000000000000000e+00
2763 3275 1.000000000000000000e+00
2764 717 1.000000000000000000e+00
2764 1740 1.000000000000000000e+00
2764 2508 1.000000000000000000e+00
2764 2732 1.000000000000000000e+00
2764 2762 1.000000000000000000e+00
2764 2764 -1.000000000000000000e+00
2764 2772 1.000000000000000000e+00
2764 2892 1.000000000000000000e+00
2764 3276 1.000000000000000000e+00
2765 1741 1.000000000000000000e+00
2765 2509 1.000000000000000000e+00
2765 2733 1.000000000000000000e+00
2765 2763 1.000000000000000000e+00
2765 2765 -1.000000000000000000e+00
2765 2766 1.000000000000000000e+00
2765 2773 1.000000000000000000e+00
2765 2893 1.000000000000000000e+00
2765 3277 1.000000000000000000e+00
2766 719 1.000000000000000000e+00
2766 1742 1.000000000000000000e+00
2766 2510 1.000000000000000000e+00
2766 2734 1.000000000000000000e+00
2766 2765 1.000000000000000000e+00
2766 2766 -1.000000000000000000e+00
2766 2774 1.000000000000000000e+00
2766 2894 1.000000000000000000e+00
2766 3278 1.000000000000000000e+00
2767 1743 1.000000000000000000e+00
2767 2511 1.000000000000000000e+00
2767 2735 1.000000000000000000e+00
2767 2775 1.000000000000000000e+00
2767 2895 1.000000000000000000e+00
2767 3279 1.000000000000000000e+00
2768 721 1.000000000000000000e+00
2768 1744 1.000000000000000000e+00
2768 2512 1.000000000000000000e+00
2768 2736 1.000000000000000000e+00
2768 2760 1.000000000000000000e+00
2768 2768 -1.000000000000000000e+00
2768 2784 1.000000000000000000e+00
2768 2896 1.000000000000000000e+00
2768 3280 1.000000000000000000e+00
2769 1745 1.000000000000000000e+00
2769 2513 1.000000000000000000e+00
2769 2737 1.000000000000000000e+00
2769 2761 1.000000000000000000e+00
2769 2769 -1.000000000000000000e+00
2769 2770 1.000000000000000000e+00
2769 2785 1.000000000000000000e+00
2769 2897 1.000000000000000000e+00
2769 3281 1.000000000000000000e+00
2770 723 1.000000000000000000e+00
2770 1746 1.000000000000000000e+00
2770 2514 1.000000000000000000e+00
2770 2738 1.000000000000000000e+00
2770 2762 1.000000000000000000e+00
2770 2769 1.000000000000000000e+00
2770 2770 -2.000000000000000000e+00
2770 2772 1.000000000000000000e+00
2770 2786 1.000000000000000000e+00
2770 2898 1.000000000000000000e+00
2770 3282 1.000000000000000000e+00
2771 1747 1.000000000000000000e+00
2771 2515 1.000000000000000000e+00
2771 2739 1.000000000000000000e+00
2771 2763 1.000000000000000000e+00
2771 2771 -1.000000000000000000e+00
2771 2773 1.000000000000000000e+00
2771 2787 1.000000000000000000e+00
2771 2899 1.000000000000000000e+00
2771 3283 1.000000000000000000e+00
2772 725 1.000000000000000000e+00
2772 1748 1.000000000000000000e+00
2772 2516 1.000000000000000000e+00
2772 2740 1.000000000000000000e+00
2772 2764 1.000000000000000000e+00
2772 2770 1.000000000000000000e+00
2772 2772 -2.000000000000000000e+00
2772 2776 1.000000000000000000e+00
2772 2788 1.000000000000000000e+00
2772 2900 1.000000000000000000e+00
2772 3284 1.000000000000000000e+00
2773 1749 1.000000000000000000e+00
2773 2517 1.000000000000000000e+00
2773 2741 1.000000000000000000e+00
2773 2765 1.000000000000000000e+00
2773 2771 1.000000000000000000e+00
2773 2773 -2.000000000000000000e+00
2773 2774 1.000000000000000000e+00
2773 2777 1.000000000000000000e+00
2773 2789 1.000000000000000000e+00
2773 2901 1.000000000000000000e+00
2773 3285 1.000000000000000000e+00
2774 727 1.000000000000000000e+00
2774 1750 1.000000000000000000e+00
2774 2518 1.000000000000000000e+00
2774 2742 1.000000000000000000e+00
2774 2766 1.000000000000000000e+00
2774 2773 1.000000000000000000e+00
2774 2774 -2.000000000000000000e+00
2774 2778 1.000000000000000000e+00
2774 2790 1.000000000000000000e+00
2774 2902 1.000000000000000000e+00
2774 3286 1.000000000000000000e+00
2775 1751 1.000000000000000000e+00
2775 2519 1.000000000000000000e+00
2775 2743 1.000000000000000000e+00
2775 2767 1.000000000000000000e+00
2775 2775 -1.000000000000000000e+00
2775 2779 1.000000000000000000e+00
2775 2791 1.000000000000000000e+00
2775 2903 1.000000000000000000e+00
2775 3287 1.000000000000000000e+00
2776 729 1.000000000000000000e+00
2776 1752 1.000000000000000000e+00
2776 2520 1.000000000000000000e+00
2776 2744 1.000000000000000000e+00
2776 2772 1.000000000000000000e+00
2776 2776 -1.000000000000000000e+00
2776 2792 1.000000000000000000e+00
2776 2904 1.000000000000000000e+00
2776 3288 1.000000000000000000e+00
2777 1753 1.000000000000000000e+00
2777 2521 1.000000000000000000e+00
2777 2745 1.000000000000000000e+00
2777 2773 1.000000000000000000e+00
2777 2777 -1.000000000000000000e+00
2777 2778 1.000000000000000000e+00
2777 2793 1.000000000000000000e+00
2777 2905 1.000000000000000000e+00
2777 3289 1.000000000000000000e+00
2778 731 1.000000000000000000e+00
2778 1754 1.000000000000000000e+00
2778 2522 1.000000000000000000e+00
2778 2746 1.000000000000000000e+00
2778 2774 1.000000000000000000e+00
2778 2777 1.000000000000000000e+00
2778 2778 -2.000000000000000000e+00
2778 2780 1.000000000000000000e+00
2778 2794 1.000000000000000000e+00
2778 2906 1.000000000000000000e+00
2778 3290 1.000000000000000000e+00
2779 1755 1.000000000000000000e+00
2779 2523 1.000000000000000000e+00
2779 2747 1.000000000000000000e+00
2779 2775 1.000000000000000000e+00
2779 2779 -1.000000000000000000e+00
2779 2781 1.000000000000000000e+00
2779 2795 1.000000000000000000e+00
2779 2907 1.000000000000000000e+00
2779 3291 1.000000000000000000e+00
2780 733 1.000000000000000000e+00
2780 1756 1.000000000000000000e+00
2780 2524 1.000000000000000000e+00
2780 2748 1.000000000000000000e+00
2780 2778 1.000000000000000000e+00
2780 2780 -1.000000000000000000e+00
2780 2796 1.000000000000000000e+00
2780 2908 1.000000000000000000e+00
2780 3292 1.000000000000000000e+00
2781 1757 1.000000000000000000e+00
2781 2525 1.000000000000000000e+00
2781 2749 1.000000000000000000e+00
2781 2779 1.000000000000000000e+00
2781 2781 -1.000000000000000000e+00
2781 2782 1.000000000000000000e+00
2781 2797 1.000000000000000000e+00
2781 2909 1.000000000000000000e+00
2781 3293 1.000000000000000000e+00
2782 735 1.000000000000000000e+00
2782 1758 1.000000000000000000e+00
2782 2526 1.000000000000000000e+00
2782 2750 1.000000000000000000e+00
2782 2781 1.000000000000000000e+00
2782 2782 -1.000000000000000000e+00
2782 2798 1.000000000000000000e+00
2782 2910 1.000000000000000000e+00
2782 3294 1.000000000000000000e+00
2783 1759 1.000000000000000000e+00
2783 2527 1.000000000000000000e+00
2783 2751 1.000000000000000000e+00
2783 2799 1.000000000000000000e+00
2783 2911 1.000000000000000000e+00
2783 3295 1.000000000000000000e+00
2784 737 1.000000000000000000e+00
2784 1760 1.000000000000000000e+00
2784 2528 1.000000000000000000e+00
2784 2768 1.000000000000000000e+00
2784 2912 1.000000000000000000e+00
2784 3296 1.000000000000000000e+00
2785 1761 1.000000000000000000e+00
2785 2529 1.000000000000000000e+00
2785 2769 1.000000000000000000e+00
2785 2786 1.000000000000000000e+00
2785 2913 1.000000000000000000e+00
2785 3297 1.000000000000000000e+00
2786 739 1.000000000000000000e+00
2786 1762 1.000000000000000000e+00
2786 2530 1.000000000000000000e+00
2786 2770 1.000000000000000000e+00
2786 2785 1.000000000000000000e+00
2786 2786 -1.000000000000000000e+00
2786 2788 1.000000000000000000e+00
2786 2914 1.000000000000000000e+00
2786 3298 1.000000000000000000e+00
2787 1763 1.000000000000000000e+00
2787 2531 1.000000000000000000e+00
2787 2771 1.000000000000000000e+00
2787 2789 1.000000000000000000e+00
2787 2915 1.000000000000000000e+00
2787 3299 1.000000000000000000e+00
2788 741 1.000000000000000000e+00
2788 1764 1.000000000000000000e+00
2788 2532 1.000000000000000000e+00
2788 2772 1.000000000000000000e+00
2788 2786 1.000000000000000000e+00
2788 2788 -1.000000000000000000e+00
2788 2792 1.000000000000000000e+00
2788 2916 1.000000000000000000e+00
2788 3300 1.000000000000000000e+00
2789 1765 1.000000000000000000e+00
2789 2533 1.000000000000000000e+00
2789 2773 1.000000000000000000e+00
2789 2787 1.000000000000000000e+00
2789 2789 -1.000000000000000000e+00
2789 2790 1.000000000000000000e+00
2789 2793 1.000000000000000000e+00
2789 2917 1.000000000000000000e+00
2789 3301 1.000000000000000000e+00
2790 743 1.000000000000000000e+00
2790 1766 1.000000000000000000e+00
2790 2534 1.000000000000000000e+00
2790 2774 1.000000000000000000e+00
2790 2789 1.000000000000000000e+00
2790 2790 -1.000000000000000000e+00
2790 2794 1.000000000000000000e+00
2790 2918 1.000000000000000000e+00
2790 3302 1.000000000000000000e+00
2791 1767 1.000000000000000000e+00
2791 2535 1.000000000000000000e+00
2791 2775 1.000000000000000000e+00
2791 2795 1.000000000000000000e+00
2791 2919 1.000000000000000000e+00
2791 3303 1.000000000000000000e+00
2792 745 1.000000000000000000e+00
2792 1768 1.000000000000000000e+00
2792 2536 1.000000000000000000e+00
2792 2776 1.000000000000000000e+00
2792 2788 1.000000000000000000e+00
2792 2792 -1.000000000000000000e+00
2792 2800 1.000000000000000000e+00
2792 2920 1.000000000000000000e+00
2792 3304 1.000000000000000000e+00
2793 1769 1.000000000000000000e+00
2793 2537 1.000000000000000000e+00
2793 2777 1.000000000000000000e+00
2793 2789 1.000000000000000000e+00
2793 2793 -1.000000000000000000e+00
2793 2794 1.000000000000000000e+00
2793 2801 1.000000000000000000e+00
2793 2921 1.000000000000000000e+00
2793 3305 1.000000000000000000e+00
2794 747 1.000000000000000000e+00
2794 1770 1.000000000000000000e+00
2794 2538 1.000000000000000000e+00
2794 2778 1.000000000000000000e+00
2794 2790 1.000000000000000000e+00
2794 2793 1.000000000000000000e+00
2794 2794 -2.000000000000000000e+00
2794 2796 1.000000000000000000e+00
2794 2802 1.000000000000000000e+00
2794 2922 1.000000000000000000e+00
2794 3306 1.000000000000000000e+00
2795 1771 1.000000000000000000e+00
2795 2539 1.000000000000000000e+00
2795 2779 1.000000000000000000e+00
2795 2791 1.000000000000000000e+00
2795 2795 -1.000000000000000000e+00
2795 2797 1.000000000000000000e+00
2795 2803 1.000000000000000000e+00
2795 2923 1.000000000000000000e+00
2795 3307 1.000000000000000000e+00
2796 749 1.000000000000000000e+00
2796 1772 1.000000000000000000e+00
2796 2540 1.000000000000000000e+00
2796 2780 1.000000000000000000e+00
2796 2794 1.000000000000000000e+00
2796 2796 -1.000000000000000000e+00
2796 2804 1.000000000000000000e+00
2796 2924 1.000000000000000000e+00
2796 3308 1.000000000000000000e+00
2797 1773 1.000000000000000000e+00
2797 2541 1.000000000000000000e+00
2797 2781 1.000000000000000000e+00
2797 2795 1.000000000000000000e+00
2797 2797 -1.000000000000000000e+00
2797 2798 1.000000000000000000e+00
2797 2805 1.000000000000000000e+00
2797 2925 1.000000000000000000e+00
2797 3309 1.000000000000000000e+00
2798 751 1.000000000000000000e+00
2798 1774 1.000000000000000000e+00
2798 2542 1.000000000000000000e+00
2798 2782 1.000000000000000000e+00
2798 2797 1.000000000000000000e+00
2798 2798 -1.000000000000000000e+00
2798 2806 1.000000000000000000e+00
2798 2926 1.000000000000000000e+00
2798 3310 1.000000000000000000e+00
2799 1775 1.000000000000000000e+00
2799 2543 1.000000000000000000e+00
2799 2783 1.000000000000000000e+00
2799 2807 1.000000000000000000e+00
2799 2927 1.000000000000000000e+00
2799 3311 1.000000000000000000e+00
2800 753 1.000000000000000000e+00
2800 1776 1.000000000000000000e+00
2800 2544 1.000000000000000000e+00
2800 2792 1.000000000000000000e+00
2800 2928 1.000000000000000000e+00
2800 3312 1.000000000000000000e+00
2801 1777 1.000000000000000000e+00
2801 2545 1.000000000000000000e+00
2801 2793 1.000000000000000000e+00
2801 2802 1.000000000000000000e+00
2801 2929 1.000000000000000000e+00
2801 3313 1.000000000000000000e+00
2802 755 1.000000000000000000e+00
2802 1778 1.000000000000000000e+00
2802 2546 1.000000000000000000e+00
2802 2794 1.000000000000000000e+00
2802 2801 1.000000000000000000e+00
2802 2802 -1.000000000000000000e+00
2802 2804 1.000000000000000000e+00
2802 2930 1.000000000000000000e+00
2802 3314 1.000000000000000000e+00
2803 1779 1.000000000000000000e+00
2803 2547 1.000000000000000000e+00
2803 2795 1.000000000000000000e+00
2803 2805 1.000000000000000000e+00
2803 2931 1.000000000000000000e+00
2803 3315 1.000000000000000000e+00
2804 757 1.000000000000000000e+00
2804 1780 1.000000000000000000e+00
2804 2548 1.000000000000000000e+00
2804 2796 1.000000000000000000e+00
2804 2802 1.000000000000000000e+00
2804 2804 -1.000000000000000000e+00
2804 2808 1.000000000000000000e+00
2804 2932 1.000000000000000000e+00
2804 3316 1.000000000000000000e+00
2805 1781 1.000000000000000000e+00
2805 2549 1.000000000000000000e+00
2805 2797 1.000000000000000000e+00
2805 2803 1.000000000000000000e+00
2805 2805 -1.000000000000000000e+00
2805 2806 1.000000000000000000e+00
2805 2809 1.000000000000000000e+00
2805 2933 1.000000000000000000e+00
2805 3317 1.000000000000000000e+00
2806 759 1.000000000000000000e+00
2806 1782 1.000000000000000000e+00
2806 2550 1.000000000000000000e+00
2806 2798 1.000000000000000000e+00
2806 2805 1.000000000000000000e+00
2806 2806 -1.000000000000000000e+00
2806 2810 1.000000000000000000e+00
2806 2934 1.000000000000000000e+00
2806 3318 1.000000000000000000e+00
2807 1783 1.000000000000000000e+00
2807 2551 1.000000000000000000e+00
2807 2799 1.000000000000000000e+00
2807 2811 1.000000000000000000e+00
2807 2935 1.000000000000000000e+00
2807 3319 1.000000000000000000e+00
2808 761 1.000000000000000000e+00
2808 1784 1.000000000000000000e+00
2808 2552 1.000000000000000000e+00
2808 2804 1.000000000000000000e+00
2808 2936 1.000000000000000000e+00
2808 3320 1.000000000000000000e+00
2809 1785 1.000000000000000000e+00
2809 2553 1.000000000000000000e+00
2809 2805 1.000000000000000000e+00
2809 2810 1.000000000000000000e+00
2809 2937 1.000000000000000000e+00
2809 3321 1.000000000000000000e+00
2810 763 1.000000000000000000e+00
2810 1786 1.000000000000000000e+00
2810 2554 1.000000000000000000e+00
2810 2806 1.000000000000000000e+00
2810 2809 1.000000000000000000e+00
2810 2810 -1.000000000000000000e+00
2810 2812 1.000000000000000000e+00
2810 2938 1.000000000000000000e+00
2810 3322 1.000000000000000000e+00
2811 1787 1.000000000000000000e+00
2811 2555 1.000000000000000000e+00
2811 2807 1.000000000000000000e+00
2811 2813 1.000000000000000000e+00
2811 2939 1.000000000000000000e+00
2811 3323 1.000000000000000000e+00
2812 765 1.000000000000000000e+00
2812 1788 1.000000000000000000e+00
2812 2556 1.000000000000000000e+00
2812 2810 1.000000000000000000e+00
2812 2940 1.000000000000000000e+00
2812 3324 1.000000000000000000e+00
2813 1789 1.000000000000000000e+00
2813 2557 1.000000000000000000e+00
2813 2811 1.000000000000000000e+00
2813 2814 1.000000000000000000e+00
2813 2941 1.000000000000000000e+00
2813 3325 1.000000000000000000e+00
2814 767 1.000000000000000000e+00
2814 1790 1.000000000000000000e+00
2814 2558 1.000000000000000000e+00
2814 2813 1.000000000000000000e+00
2814 2942 1.000000000000000000e+00
2814 3326 1.000000000000000000e+00
2815 1791 1.000000000000000000e+00
2815 2559 1.000000000000000000e+00
2815 2815 1.000000000000000000e+00
2815 2943 1.000000000000000000e+00
2815 3327 1.000000000000000000e+00
2816 769 1.000000000000000000e+00
2816 1792 1.000000000000000000e+00
2816 2688 1.000000000000000000e+00
2816 2816 1.000000000000000000e+00
2816 3328 1.000000000000000000e+00
2817 1793 1.000000000000000000e+00
2817 2689 1.000000000000000000e+00
2817 2817 1.000000000000000000e+00
2817 2818 1.000000000000000000e+00
2817 3329 1.000000000000000000e+00
2818 771 1.000000000000000000e+00
2818 1794 1.000000000000000000e+00
2818 2690 1.000000000000000000e+00
2818 2817 1.000000000000000000e+00
2818 2820 1.000000000000000000e+00
2818 3330 1.000000000000000000e+00
2819 1795 1.000000000000000000e+00
2819 2691 1.000000000000000000e+00
2819 2819 1.000000000000000000e+00
2819 2821 1.000000000000000000e+00
2819 3331 1.000000000000000000e+00
2820 773 1.000000000000000000e+00
2820 1796 1.000000000000000000e+00
2820 2692 1.000000000000000000e+00
2820 2818 1.000000000000000000e+00
2820 2824 1.000000000000000000e+00
2820 3332 1.000000000000000000e+00
2821 1797 1.000000000000000000e+00
2821 2693 1.000000000000000000e+00
2821 2819 1.000000000000000000e+00
2821 2822 1.000000000000000000e+00
2821 2825 1.000000000000000000e+00
2821 3333 1.000000000000000000e+00
2822 775 1.000000000000000000e+00
2822 1798 1.000000000000000000e+00
2822 2694 1.000000000000000000e+00
2822 2821 1.000000000000000000e+00
2822 2826 1.000000000000000000e+00
2822 3334 1.000000000000000000e+00
2823 1799 1.000000000000000000e+00
2823 2695 1.000000000000000000e+00
2823 2823 1.000000000000000000e+00
2823 2827 1.000000000000000000e+00
2823 3335 1.000000000000000000e+00
2824 777 1.000000000000000000e+00
2824 1800 1.000000000000000000e+00
2824 2696 1.000000000000000000e+00
2824 2820 1.000000000000000000e+00
2824 2832 1.000000000000000000e+00
2824 3336 1.000000000000000000e+00
2825 1801 1.000000000000000000e+00
2825 2697 1.000000000000000000e+00
2825 2821 1.000000000000000000e+00
2825 2826 1.000000000000000000e+00
2825 2833 1.000000000000000000e+00
2825 3337 1.000000000000000000e+00
2826 779 1.000000000000000000e+00
2826 1802 1.000000000000000000e+00
2826 2698 1.000000000000000000e+00
2826 2822 1.000000000000000000e+00
2826 2825 1.000000000000000000e+00
2826 2826 -1.000000000000000000e+00
2826 2828 1.000000000000000000e+00
2826 2834 1.000000000000000000e+00
2826 3338 1.000000000000000000e+00
2827 1803 1.000000000000000000e+00
2827 2699 1.000000000000000000e+00
2827 2823 1.000000000000000000e+00
2827 2829 1.000000000000000000e+00
2827 2835 1.000000000000000000e+00
2827 3339 1.000000000000000000e+00
2828 781 1.000000000000000000e+00
2828 1804 1.000000000000000000e+00
2828 2700 1.000000000000000000e+00
2828 2826 1.000000000000000000e+00
2828 2836 1.000000000000000000e+00
2828 3340 1.000000000000000000e+00
2829 1805 1.000000000000000000e+00
2829 2701 1.000000000000000000e+00
2829 2827 1.000000000000000000e+00
2829 2830 1.000000000000000000e+00
2829 2837 1.000000000000000000e+00
2829 3341 1.000000000000000000e+00
2830 783 1.000000000000000000e+00
2830 1806 1.000000000000000000e+00
2830 2702 1.000000000000000000e+00
2830 2829 1.000000000000000000e+00
2830 2838 1.000000000000000000e+00
2830 3342 1.000000000000000000e+00
2831 1807 1.000000000000000000e+00
2831 2703 1.000000000000000000e+00
2831 2831 1.000000000000000000e+00
2831 2839 1.000000000000000000e+00
2831 3343 1.000000000000000000e+00
2832 785 1.000000000000000000e+00
2832 1808 1.000000000000000000e+00
2832 2704 1.000000000000000000e+00
2832 2824 1.000000000000000000e+00
2832 2848 1.000000000000000000e+00
2832 3344 1.000000000000000000e+00
2833 1809 1.000000000000000000e+00
2833 2705 1.000000000000000000e+00
2833 2825 1.000000000000000000e+00
2833 2834 1.000000000000000000e+00
2833 2849 1.000000000000000000e+00
2833 3345 1.000000000000000000e+00
2834 787 1.000000000000000000e+00
2834 1810 1.000000000000000000e+00
2834 2706 1.000000000000000000e+00
2834 2826 1.000000000000000000e+00
2834 2833 1.000000000000000000e+00
2834 2834 -1.000000000000000000e+00
2834 2836 1.000000000000000000e+00
2834 2850 1.000000000000000000e+00
2834 3346 1.000000000000000000e+00
2835 1811 1.000000000000000000e+00
2835 2707 1.000000000000000000e+00
2835 2827 1.000000000000000000e+00
2835 2837 1.000000000000000000e+00
2835 2851 1.000000000000000000e+00
2835 3347 1.000000000000000000e+00
2836 789 1.000000000000000000e+00
2836 1812 1.000000000000000000e+00
2836 2708 1.000000000000000000e+00
2836 2828 1.000000000000000000e+00
2836 2834 1.000000000000000000e+00
2836 2836 -1.000000000000000000e+00
2836 2840 1.000000000000000000e+00
2836 2852 1.000000000000000000e+00
2836 3348 1.000000000000000000e+00
2837 1813 1.000000000000000000e+00
2837 2709 1.000000000000000000e+00
2837 2829 1.000000000000000000e+00
2837 2835 1.000000000000000000e+00
2837 2837 -1.000000000000000000e+00
2837 2838 1.000000000000000000e+00
2837 2841 1.000000000000000000e+00
2837 2853 1.000000000000000000e+00
2837 3349 1.000000000000000000e+00
2838 791 1.000000000000000000e+00
2838 1814 1.000000000000000000e+00
2838 2710 1.000000000000000000e+00
2838 2830 1.000000000000000000e+00
2838 2837 1.000000000000000000e+00
2838 2838 -1.000000000000000000e+00
2838 2842 1.000000000000000000e+00
2838 2854 1.000000000000000000e+00
2838 3350 1.000000000000000000e+00
2839 1815 1.000000000000000000e+00
2839 2711 1.000000000000000000e+00
2839 2831 1.000000000000000000e+00
2839 2843 1.000000000000000000e+00
2839 2855 1.000000000000000000e+00
2839 3351 1.000000000000000000e+00
2840 793 1.000000000000000000e+00
2840 1816 1.000000000000000000e+00
2840 2712 1.000000000000000000e+00
2840 2836 1.000000000000000000e+00
2840 2856 1.000000000000000000e+00
2840 3352 1.000000000000000000e+00
2841 1817 1.000000000000000000e+00
2841 2713 1.000000000000000000e+00
2841 2837 1.000000000000000000e+00
2841 2842 1.000000000000000000e+00
2841 2857 1.000000000000000000e+00
2841 3353 1.000000000000000000e+00
2842 795 1.000000000000000000e+00
2842 1818 1.000000000000000000e+00
2842 2714 1.000000000000000000e+00
2842 2838 1.000000000000000000e+00
2842 2841 1.000000000000000000e+00
2842 2842 -1.000000000000000000e+00
2842 2844 1.000000000000000000e+00
2842 2858 1.000000000000000000e+00
2842 3354 1.000000000000000000e+00
2843 1819 1.000000000000000000e+00
2843 2715 1.000000000000000000e+00
2843 2839 1.000000000000000000e+00
2843 2845 1.000000000000000000e+00
2843 2859 1.000000000000000000e+00
2843 3355 1.000000000000000000e+00
2844 797 1.000000000000000000e+00
2844 1820 1.000000000000000000e+00
2844 2716 1.000000000000000000e+00
2844 2842 1.000000000000000000e+00
2844 2860 1.000000000000000000e+00
2844 3356 1.000000000000000000e+00
2845 1821 1.000000000000000000e+00
2845 2717 1.000000000000000000e+00
2845 2843 1.000000000000000000e+00
2845 2846 1.000000000000000000e+00
2845 2861 1.000000000000000000e+00
2845 3357 1.000000000000000000e+00
2846 799 1.000000000000000000e+00
2846 1822 1.000000000000000000e+00
2846 2718 1.000000000000000000e+00
2846 2845 1.000000000000000000e+00
2846 2862 1.000000000000000000e+00
2846 3358 1.000000000000000000e+00
2847 1823 1.000000000000000000e+00
2847 2719 1.000000000000000000e+00
2847 2847 1.000000000000000000e+00
2847 2863 1.000000000000000000e+00
2847 3359 1.000000000000000000e+00
2848 801 1.000000000000000000e+00
2848 1824 1.000000000000000000e+00
2848 2720 1.000000000000000000e+00
2848 2832 1.000000000000000000e+00
2848 2880 1.000000000000000000e+00
2848 3360 1.000000000000000000e+00
2849 1825 1.000000000000000000e+00
2849 2721 1.000000000000000000e+00
2849 2833 1.000000000000000000e+00
2849 2850 1.000000000000000000e+00
2849 2881 1.000000000000000000e+00
2849 3361 1.000000000000000000e+00
2850 803 1.000000000000000000e+00
2850 1826 1.000000000000000000e+00
2850 2722 1.000000000000000000e+00
2850 2834 1.000000000000000000e+00
2850 2849 1.000000000000000000e+00
2850 2850 -1.000000000000000000e+00
2850 2852 1.000000000000000000e+00
2850 2882 1.000000000000000000e+00
2850 3362 1.000000000000000000e+00
2851 1827 1.000000000000000000e+00
2851 2723 1.000000000000000000e+00
2851 2835 1.000000000000000000e+00
2851 2853 1.000000000000000000e+00
2851 2883 1.000000000000000000e+00
2851 3363 1.000000000000000000e+00
2852 805 1.000000000000000000e+00
2852 1828 1.000000000000000000e+00
2852 2724 1.000000000000000000e+00
2852 2836 1.000000000000000000e+00
2852 2850 1.000000000000000000e+00
2852 2852 -1.000000000000000000e+00
2852 2856 1.000000000000000000e+00
2852 2884 1.000000000000000000e+00
2852 3364 1.000000000000000000e+00
2853 1829 1.000000000000000000e+00
2853 2725 1.000000000000000000e+00
2853 2837 1.000000000000000000e+00
2853 2851 1.000000000000000000e+00
2853 2853 -1.000000000000000000e+00
2853 2854 1.000000000000000000e+00
2853 2857 1.000000000000000000e+00
2853 2885 1.000000000000000000e+00
2853 3365 1.000000000000000000e+00
2854 807 1.000000000000000000e+00
2854 1830 1.000000000000000000e+00
2854 2726 1.000000000000000000e+00
2854 2838 1.000000000000000000e+00
2854 2853 1.000000000000000000e+00
2854 2854 -1.000000000000000000e+00
2854 2858 1.000000000000000000e+00
2854 2886 1.000000000000000000e+00
2854 3366 1.000000000000000000e+00
2855 1831 1.000000000000000000e+00
2855 2727 1.000000000000000000e+00
2855 2839 1.000000000000000000e+00
2855 2859 1.000000000000000000e+00
2855 2887 1.000000000000000000e+00
2855 3367 1.000000000000000000e+00
2856 809 1.000000000000000000e+00
2856 1832 1.000000000000000000e+00
2856 2728 1.000000000000000000e+00
2856 2840 1.000000000000000000e+00
2856 2852 1.000000000000000000e+00
2856 2856 -1.000000000000000000e+00
2856 2864 1.000000000000000000e+00
2856 2888 1.000000000000000000e+00
2856 3368 1.000000000000000000e+00
2857 1833 1.000000000000000000e+00
2857 2729 1.000000000000000000e+00
2857 2841 1.000000000000000000e+00
2857 2853 1.000000000000000000e+00
2857 2857 -1.000000000000000000e+00
2857 2858 1.000000000000000000e+00
2857 2865 1.000000000000000000e+00
2857 2889 1.000000000000000000e+00
2857 3369 1.000000000000000000e+00
2858 811 1.000000000000000000e+00
2858 1834 1.000000000000000000e+00
2858 2730 1.000000000000000000e+00
2858 2842 1.000000000000000000e+00
2858 2854 1.000000000000000000e+00
2858 2857 1.000000000000000000e+00
2858 2858 -2.000000000000000000e+00
2858 2860 1.000000000000000000e+00
2858 2866 1.000000000000000000e+00
2858 2890 1.000000000000000000e+00
2858 3370 1.000000000000000000e+00
2859 1835 1.000000000000000000e+00
2859 2731 1.000000000000000000e+00
2859 2843 1.000000000000000000e+00
2859 2855 1.000000000000000000e+00
2859 2859 -1.000000000000000000e+00
2859 2861 1.000000000000000000e+00
2859 2867 1.000000000000000000e+00
2859 2891 1.000000000000000000e+00
2859 3371 1.000000000000000000e+00
2860 813 1.000000000000000000e+00
2860 1836 1.000000000000000000e+00
2860 2732 1.000000000000000000e+00
2860 2844 1.000000000000000000e+00
2860 2858 1.000000000000000000e+00
2860 2860 -1.000000000000000000e+00
2860 2868 1.000000000000000000e+00
2860 2892 1.000000000000000000e+00
2860 3372 1.000000000000000000e+00
2861 1837 1.000000000000000000e+00
2861 2733 1.000000000000000000e+00
2861 2845 1.000000000000000000e+00
2861 2859 1.000000000000000000e+00
2861 2861 -1.000000000000000000e+00
2861 2862 1.000000000000000000e+00
2861 2869 1.000000000000000000e+00
2861 2893 1.000000000000000000e+00
2861 3373 1.000000000000000000e+00
2862 815 1.000000000000000000e+00
2862 1838 1.000000000000000000e+00
2862 2734 1.000000000000000000e+00
2862 2846 1.000000000000000000e+00
2862 2861 1.000000000000000000e+00
2862 2862 -1.000000000000000000e+00
2862 2870 1.000000000000000000e+00
2862 2894 1.000000000000000000e+00
2862 3374 1.000000000000000000e+00
2863 1839 1.000000000000000000e+00
2863 2735 1.000000000000000000e+00
2863 2847 1.000000000000000000e+00
2863 2871 1.000000000000000000e+00
2863 2895 1.000000000000000000e+00
2863 3375 1.000000000000000000e+00
2864 817 1.000000000000000000e+00
2864 1840 1.000000000000000000e+00
2864 2736 1.000000000000000000e+00
2864 2856 1.000000000000000000e+00
2864 2896 1.000000000000000000e+00
2864 3376 1.000000000000000000e+00
2865 1841 1.000000000000000000e+00
2865 2737 1.000000000000000000e+00
2865 2857 1.000000000000000000e+00
2865 2866 1.000000000000000000e+00
2865 2897 1.000000000000000000e+00
2865 3377 1.000000000000000000e+00
2866 819 1.000000000000000000e+00
2866 1842 1.000000000000000000e+00
2866 2738 1.000000000000000000e+00
2866 2858 1.000000000000000000e+00
2866 2865 1.000000000000000000e+00
2866 2866 -1.000000000000000000e+00
2866 2868 1.000000000000000000e+00
2866 2898 1.000000000000000000e+00
2866 3378 1.000000000000000000e+00
2867 1843 1.000000000000000000e+00
2867 2739 1.000000000000000000e+00
2867 2859 1.000000000000000000e+00
2867 2869 1.000000000000000000e+00
2867 2899 1.000000000000000000e+00
2867 3379 1.000000000000000000e+00
2868 821 1.000000000000000000e+00
2868 1844 1.000000000000000000e+00
2868 2740 1.000000000000000000e+00
2868 2860 1.000000000000000000e+00
2868 2866 1.000000000000000000e+00
2868 2868 -1.000000000000000000e+00
2868 2872 1.000000000000000000e+00
2868 2900 1.000000000000000000e+00
2868 3380 1.000000000000000000e+00
2869 1845 1.000000000000000000e+00
2869 2741 1.000000000000000000e+00
2869 2861 1.000000000000000000e+00
2869 2867 1.000000000000000000e+00
2869 2869 -1.000000000000000000e+00
2869 2870 1.000000000000000000e+00
2869 2873 1.000000000000000000e+00
2869 2901 1.000000000000000000e+00
2869 3381 1.000000000000000000e+00
2870 823 1.000000000000000000e+00
2870 1846 1.000000000000000000e+00
2870 2742 1.000000000000000000e+00
2870 2862 1.000000000000000000e+00
2870 2869 1.000000000000000000e+00
2870 2870 -1.000000000000000000e+00
2870 2874 1.000000000000000000e+00
2870 2902 1.000000000000000000e+00
2870 3382 1.000000000000000000e+00
2871 1847 1.000000000000000000e+00
2871 2743 1.000000000000000000e+00
2871 2863 1.000000000000000000e+00
2871 2875 1.000000000000000000e+00
2871 2903 1.000000000000000000e+00
2871 3383 1.000000000000000000e+00
2872 825 1.000000000000000000e+00
2872 1848 1.000000000000000000e+00
2872 2744 1.000000000000000000e+00
2872 2868 1.000000000000000000e+00
2872 2904 1.000000000000000000e+00
2872 3384 1.000000000000000000e+00
2873 1849 1.000000000000000000e+00
2873 2745 1.000000000000000000e+00
2873 2869 1.000000000000000000e+00
2873 2874 1.000000000000000000e+00
2873 2905 1.000000000000000000e+00
2873 3385 1.000000000000000000e+00
2874 827 1.000000000000000000e+00
2874 1850 1.000000000000000000e+00
2874 2746 1.000000000000000000e+00
2874 2870 1.000000000000000000e+00
2874 2873 1.000000000000000000e+00
2874 2874 -1.000000000000000000e+00
2874 2876 1.000000000000000000e+00
2874 2906 1.000000000000000000e+00
2874 3386 1.000000000000000000e+00
2875 1851 1.000000000000000000e+00
2875 2747 1.000000000000000000e+00
2875 2871 1.000000000000000000e+00
2875 2877 1.000000000000000000e+00
2875 2907 1.000000000000000000e+00
2875 3387 1.000000000000000000e+00
2876 829 1.000000000000000000e+00
2876 1852 1.000000000000000000e+00
2876 2748 1.000000000000000000e+00
2876 2874 1.000000000000000000e+00
2876 2908 1.000000000000000000e+00
2876 3388 1.000000000000000000e+00
2877 1853 1.000000000000000000e+00
2877 2749 1.000000000000000000e+00
2877 2875 1.000000000000000000e+00
2877 2878 1.000000000000000000e+00
2877 2909 1.000000000000000000e+00
2877 3389 1.000000000000000000e+00
2878 831 1.000000000000000000e+00
2878 1854 1.000000000000000000e+00
2878 2750 1.000000000000000000e+00
2878 2877 1.000000000000000000e+00
2878 2910 1.000000000000000000e+00
2878 3390 1.000000000000000000e+00
2879 1855 1.000000000000000000e+00
2879 2751 1.000000000000000000e+00
2879 2879 1.000000000000000000e+00
2879 2911 1.000000000000000000e+00
2879 3391 1.000000000000000000e+00
2880 833 1.000000000000000000e+00
2880 1856 1.000000000000000000e+00
2880 2752 1.000000000000000000e+00
2880 2848 1.000000000000000000e+00
2880 2944 1.000000000000000000e+00
2880 3392 1.000000000000000000e+00
2881 1857 1.000000000000000000e+00
2881 2753 1.000000000000000000e+00
2881 2849 1.000000000000000000e+00
2881 2882 1.000000000000000000e+00
2881 2945 1.000000000000000000e+00
2881 3393 1.000000000000000000e+00
2882 835 1.000000000000000000e+00
2882 1858 1.000000000000000000e+00
2882 2754 1.000000000000000000e+00
2882 2850 1.000000000000000000e+00
2882 2881 1.000000000000000000e+00
2882 2882 -1.000000000000000000e+00
2882 2884 1.000000000000000000e+00
2882 2946 1.000000000000000000e+00
2882 3394 1.000000000000000000e+00
2883 1859 1.000000000000000000e+00
2883 2755 1.000000000000000000e+00
2883 2851 1.000000000000000000e+00
2883 2885 1.000000000000000000e+00
2883 2947 1.000000000000000000e+00
2883 3395 1.000000000000000000e+00
2884 837 1.000000000000000000e+00
2884 1860 1.000000000000000000e+00
2884 2756 1.000000000000000000e+00
2884 2852 1.000000000000000000e+00
2884 2882 1.000000000000000000e+00
2884 2884 -1.000000000000000000e+00
2884 2888 1.000000000000000000e+00
2884 2948 1.000000000000000000e+00
2884 3396 1.000000000000000000e+00
2885 1861 1.000000000000000000e+00
2885 2757 1.000000000000000000e+00
2885 2853 1.000000000000000000e+00
2885 2883 1.000000000000000000e+00
2885 2885 -1.000000000000000000e+00
2885 2886 1.000000000000000000e+00
2885 2889 1.000000000000000000e+00
2885 2949 1.000000000000000000e+00
2885 3397 1.000000000000000000e+00
2886 839 1.000000000000000000e+00
2886 1862 1.000000000000000000e+00
2886 2758 1.000000000000000000e+00
2886 2854 1.000000000000000000e+00
2886 2885 1.000000000000000000e+00
2886 2886 -1.000000000000000000e+00
2886 2890 1.000000000000000000e+00
2886 2950 1.000000000000000000e+00
2886 3398 1.000000000000000000e+00
2887 1863 1.000000000000000000e+00
2887 2759 1.000000000000000000e+00
2887 2855 1.000000000000000000e+00
2887 2891 1.000000000000000000e+00
2887 2951 1.000000000000000000e+00
2887 3399 1.000000000000000000e+00
2888 841 1.000000000000000000e+00
2888 1864 1.000000000000000000e+00
2888 2760 1.000000000000000000e+00
2888 2856 1.000000000000000000e+00
2888 2884 1.000000000000000000e+00
2888 2888 -1.000000000000000000e+00
2888 2896 1.000000000000000000e+00
2888 2952 1.000000000000000000e+00
2888 3400 1.000000000000000000e+00
2889 1865 1.000000000000000000e+00
2889 2761 1.000000000000000000e+00
2889 2857 1.000000000000000000e+00
2889 2885 1.000000000000000000e+00
2889 2889 -1.000000000000000000e+00
2889 2890 1.000000000000000000e+00
2889 2897 1.000000000000000000e+00
2889 2953 1.000000000000000000e+00
2889 3401 1.000000000000000000e+00
2890 843 1.000000000000000000e+00
2890 1866 1.000000000000000000e+00
2890 2762 1.000000000000000000e+00
2890 2858 1.000000000000000000e+00
2890 2886 1.000000000000000000e+00
2890 2889 1.000000000000000000e+00
2890 2890 -2.000000000000000000e+00
2890 2892 1.000000000000000000e+00
2890 2898 1.000000000000000000e+00
2890 2954 1.000000000000000000e+00
2890 3402 1.000000000000000000e+00
2891 1867 1.000000000000000000e+00
2891 2763 1.000000000000000000e+00
2891 2859 1.000000000000000000e+00
2891 2887 1.000000000000000000e+00
2891 2891 -1.000000000000000000e+00
2891 2893 1.000000000000000000e+00
2891 2899 1.000000000000000000e+00
2891 2955 1.000000000000000000e+00
2891 3403 1.000000000000000000e+00
2892 845 1.000000000000000000e+00
2892 1868 1.000000000000000000e+00
2892 2764 1.000000000000000000e+00
2892 2860 1.000000000000000000e+00
2892 2890 1.000000000000000000e+00
2892 2892 -1.000000000000000000e+00
2892 2900 1.000000000000000000e+00
2892 2956 1.000000000000000000e+00
2892 3404 1.000000000000000000e+00
2893 1869 1.000000000000000000e+00
2893 2765 1.000000000000000000e+00
2893 2861 1.000000000000000000e+00
2893 2891 1.000000000000000000e+00
2893 2893 -1.000000000000000000e+00
2893 2894 1.000000000000000000e+00
2893 2901 1.000000000000000000e+00
2893 2957 1.000000000000000000e+00
2893 3405 1.000000000000000000e+00
2894 847 1.000000000000000000e+00
2894 1870 1.000000000000000000e+00
2894 2766 1.000000000000000000e+00
2894 2862 1.000000000000000000e+00
2894 2893 1.000000000000000000e+00
2894 2894 -1.000000000000000000e+00
2894 2902 1.000000000000000000e+00
2894 2958 1.000000000000000000e+00
2894 3406 1.000000000000000000e+00
2895 1871 1.000000000000000000e+00
2895 2767 1.000000000000000000e+00
2895 2863 1.000000000000000000e+00
2895 2903 1.000000000000000000e+00
2895 2959 1.000000000000000000e+00
2895 3407 1.000000000000000000e+00
2896 849 1.000000000000000000e+00
2896 1872 1.000000000000000000e+00
2896 2768 1.000000000000000000e+00
2896 2864 1.000000000000000000e+00
2896 2888 1.000000000000000000e+00
2896 2896 -1.000000000000000000e+00
2896 2912 1.000000000000000000e+00
2896 2960 1.000000000000000000e+00
2896 3408 1.000000000000000000e+00
2897 1873 1.000000000000000000e+00
2897 2769 1.000000000000000000e+00
2897 2865 1.000000000000000000e+00
2897 2889 1.000000000000000000e+00
2897 2897 -1.000000000000000000e+00
2897 2898 1.000000000000000000e+00
2897 2913 1.000000000000000000e+00
2897 2961 1.000000000000000000e+00
2897 3409 1.000000000000000000e+00
2898 851 1.000000000000000000e+00
2898 1874 1.000000000000000000e+00
2898 2770 1.000000000000000000e+00
2898 2866 1.000000000000000000e+00
2898 2890 1.000000000000000000e+00
2898 2897 1.000000000000000000e+00
2898 2898 -2.000000000000000000e+00
2898 2900 1.000000000000000000e+00
2898 2914 1.000000000000000000e+00
2898 2962 1.000000000000000000e+00
2898 3410 1.000000000000000000e+00
2899 1875 1.000000000000000000e+00
2899 2771 1.000000000000000000e+00
2899 2867 1.000000000000000000e+00
2899 2891 1.000000000000000000e+00
2899 2899 -1.000000000000000000e+00
2899 2901 1.000000000000000000e+00
2899 2915 1.000000000000000000e+00
2899 2963 1.000000000000000000e+00
2899 3411 1.000000000000000000e+00
2900 853 1.000000000000000000e+00
2900 1876 1.000000000000000000e+00
2900 2772 1.000000000000000000e+00
2900 2868 1.000000000000000000e+00
2900 2892 1.000000000000000000e+00
2900 2898 1.000000000000000000e+00
2900 2900 -2.000000000000000000e+00
2900 2904 1.000000000000000000e+00
2900 2916 1.000000000000000000e+00
2900 2964 1.000000000000000000e+00
2900 3412 1.000000000000000000e+00
2901 1877 1.000000000000000000e+00
2901 2773 1.000000000000000000e+00
2901 2869 1.000000000000000000e+00
2901 2893 1.000000000000000000e+00
2901 2899 1.000000000000000000e+00
2901 2901 -2.000000000000000000e+00
2901 2902 1.000000000000000000e+00
2901 2905 1.000000000000000000e+00
2901 2917 1.000000000000000000e+00
2901 2965 1.000000000000000000e+00
2901 3413 1.000000000000000000e+00
2902 855 1.000000000000000000e+00
2902 1878 1.000000000000000000e+00
2902 2774 1.000000000000000000e+00
2902 2870 1.000000000000000000e+00
2902 2894 1.000000000000000000e+00
2902 2901 1.000000000000000000e+00
2902 2902 -2.000000000000000000e+00
2902 2906 1.000000000000000000e+00
2902 2918 1.000000000000000000e+00
2902 2966 1.000000000000000000e+00
2902 3414 1.000000000000000000e+00
2903 1879 1.000000000000000000e+00
2903 2775 1.000000000000000000e+00
2903 2871 1.000000000000000000e+00
2903 2895 1.000000000000000000e+00
2903 2903 -1.000000000000000000e+00
2903 2907 1.000000000000000000e+00
2903 2919 1.000000000000000000e+00
2903 2967 1.000000000000000000e+00
2903 3415 1.000000000000000000e+00
2904 857 1.000000000000000000e+00
2904 1880 1.000000000000000000e+00
2904 2776 1.000000000000000000e+00
2904 2872 1.000000000000000000e+00
2904 2900 1.000000000000000000e+00
2904 2904 -1.000000000000000000e+00
2904 2920 1.000000000000000000e+00
2904 2968 1.000000000000000000e+00
2904 3416 1.000000000000000000e+00
2905 1881 1.000000000000000000e+00
2905 2777 1.000000000000000000e+00
2905 2873 1.000000000000000000e+00
2905 2901 1.000000000000000000e+00
2905 2905 -1.000000000000000000e+00
2905 2906 1.000000000000000000e+00
2905 2921 1.000000000000000000e+00
2905 2969 1.000000000000000000e+00
2905 3417 1.000000000000000000e+00
2906 859 1.000000000000000000e+00
2906 1882 1.000000000000000000e+00
2906 2778 1.000000000000000000e+00
2906 2874 1.000000000000000000e+00
2906 2902 1.000000000000000000e+00
2906 2905 1.000000000000000000e+00
2906 2906 -2.000000000000000000e+00
2906 2908 1.000000000000000000e+00
2906 2922 1.000000000000000000e+00
2906 2970 1.000000000000000000e+00
2906 3418 1.000000000000000000e+00
2907 1883 1.000000000000000000e+00
2907 2779 1.000000000000000000e+00
2907 2875 1.000000000000000000e+00
2907 2903 1.000000000000000000e+00
2907 2907 -1.000000000000000000e+00
2907 2909 1.000000000000000000e+00
2907 2923 1.000000000000000000e+00
2907 2971 1.000000000000000000e+00
2907 3419 1.000000000000000000e+00
2908 861 1.000000000000000000e+00
2908 1884 1.000000000000000000e+00
2908 2780 1.000000000000000000e+00
2908 2876 1.000000000000000000e+00
2908 2906 1.000000000000000000e+00
2908 2908 -1.000000000000000000e+00
2908 2924 1.000000000000000000e+00
2908 2972 1.000000000000000000e+00
2908 3420 1.000000000000000000e+00
2909 1885 1.000000000000000000e+00
2909 2781 1.000000000000000000e+00
2909 2877 1.000000000000000000e+00
2909 2907 1.000000000000000000e+00
2909 2909 -1.000000000000000000e+00
2909 2910 1.000000000000000000e+00
2909 2925 1.000000000000000000e+00
2909 2973 1.000000000000000000e+00
2909 3421 1.000000000000000000e+00
2910 863 1.000000000000000000e+00
2910 1886 1.000000000000000000e+00
2910 2782 1.000000000000000000e+00
2910 2878 1.000000000000000000e+00
2910 2909 1.000000000000000000e+00
2910 2910 -1.000000000000000000e+00
2910 2926 1.000000000000000000e+00
2910 2974 1.000000000000000000e+00
2910 3422 1.000000000000000000e+00
2911 1887 1.000000000000000000e+00
2911 2783 1.000000000000000000e+00
2911 2879 1.000000000000000000e+00
2911 2927 1.000000000000000000e+00
2911 2975 1.000000000000000000e+00
2911 3423 1.000000000000000000e+00
2912 865 1.000000000000000000e+00
2912 1888 1.000000000000000000e+00
2912 2784 1.000000000000000000e+00
2912 2896 1.000000000000000000e+00
2912 2976 1.000000000000000000e+00
2912 3424 1.000000000000000000e+00
2913 1889 1.000000000000000000e+00
2913 2785 1.000000000000000000e+00
2913 2897 1.000000000000000000e+00
2913 2914 1.000000000000000000e+00
2913 2977 1.000000000000000000e+00
2913 3425 1.000000000000000000e+00
2914 867 1.000000000000000000e+00
2914 1890 1.000000000000000000e+00
2914 2786 1.000000000000000000e+00
2914 2898 1.000000000000000000e+00
2914 2913 1.000000000000000000e+00
2914 2914 -1.000000000000000000e+00
2914 2916 1.000000000000000000e+00
2914 2978 1.000000000000000000e+00
2914 3426 1.000000000000000000e+00
2915 1891 1.000000000000000000e+00
2915 2787 1.000000000000000000e+00
2915 2899 1.000000000000000000e+00
2915 2917 1.000000000000000000e+00
2915 2979 1.000000000000000000e+00
2915 3427 1.000000000000000000e+00
2916 869 1.000000000000000000e+00
2916 1892 1.000000000000000000e+00
2916 2788 1.000000000000000000e+00
2916 2900 1.000000000000000000e+00
2916 2914 1.000000000000000000e+00
2916 2916 -1.000000000000000000e+00
2916 2920 1.000000000000000000e+00
2916 2980 1.000000000000000000e+00
2916 3428 1.000000000000000000e+00
2917 1893 1.000000000000000000e+00
2917 2789 1.000000000000000000e+00
2917 2901 1.000000000000000000e+00
2917 2915 1.000000000000000000e+00
2917 2917 -1.000000000000000000e+00
2917 2918 1.000000000000000000e+00
2917 2921 1.000000000000000000e+00
2917 2981 1.000000000000000000e+00
2917 3429 1.000000000000000000e+00
2918 871 1.000000000000000000e+00
2918 1894 1.000000000000000000e+00
2918 2790 1.000000000000000000e+00
2918 2902 1.000000000000000000e+00
2918 2917 1.000000000000000000e+00
2918 2918 -1.000000000000000000e+00
2918 2922 1.000000000000000000e+00
2918 2982 1.000000000000000000e+00
2918 3430 1.000000000000000000e+00
2919 1895 1.000000000000000000e+00
2919 2791 1.000000000000000000e+00
2919 2903 1.000000000000000000e+00
2919 2923 1.000000000000000000e+00
2919 2983 1.000000000000000000e+00
2919 3431 1.000000000000000000e+00
2920 873 1.000000000000000000e+00
2920 1896 1.000000000000000000e+00
2920 2792 1.000000000000000000e+00
2920 2904 1.000000000000000000e+00
2920 2916 1.000000000000000000e+00
2920 2920 -1.000000000000000000e+00
2920 2928 1.000000000000000000e+00
2920 2984 1.000000000000000000e+00
2920 3432 1.000000000000000000e+00
2921 1897 1.000000000000000000e+00
2921 2793 1.000000000000000000e+00
2921 2905 1.000000000000000000e+00
2921 2917 1.000000000000000000e+00
2921 2921 -1.000000000000000000e+00
2921 2922 1.000000000000000000e+00
2921 2929 1.000000000000000000e+00
2921 2985 1.000000000000000000e+00
2921 3433 1.000000000000000000e+00
2922 875 1.000000000000000000e+00
2922 1898 1.000000000000000000e+00
2922 2794 1.000000000000000000e+00
2922 2906 1.000000000000000000e+00
2922 2918 1.000000000000000000e+00
2922 2921 1.000000000000000000e+00
2922 2922 -2.000000000000000000e+00
2922 2924 1.000000000000000000e+00
2922 2930 1.000000000000000000e+00
2922 2986 1.000000000000000000e+00
2922 3434 1.000000000000000000e+00
2923 1899 1.000000000000000000e+00
2923 2795 1.000000000000000000e+00
2923 2907 1.000000000000000000e+00
2923 2919 1.000000000000000000e+00
2923 2923 -1.000000000000000000e+00
2923 2925 1.000000000000000000e+00
2923 2931 1.000000000000000000e+00
2923 2987 1.000000000000000000e+00
2923 3435 1.000000000000000000e+00
2924 877 1.000000000000000000e+00
2924 1900 1.000000000000000000e+00
2924 2796 1.000000000000000000e+00
2924 2908 1.000000000000000000e+00
2924 2922 1.000000000000000000e+00
2924 2924 -1.000000000000000000e+00
2924 2932 1.000000000000000000e+00
2924 2988 1.000000000000000000e+00
2924 3436 1.000000000000000000e+00
2925 1901 1.000000000000000000e+00
2925 2797 1.000000000000000000e+00
2925 2909 1.000000000000000000e+00
2925 2923 1.000000000000000000e+00
2925 2925 -1.000000000000000000e+00
2925 2926 1.000000000000000000e+00
2925 2933 1.000000000000000000e+00
2925 2989 1.000000000000000000e+00
2925 3437 1.000000000000000000e+00
2926 879 1.000000000000000000e+00
2926 1902 1.000000000000000000e+00
2926 2798 1.000000000000000000e+00
2926 2910 1.000000000000000000e+00
2926 2925 1.000000000000000000e+00
2926 2926 -1.000000000000000000e+00
2926 2934 1.000000000000000000e+00
2926 2990 1.000000000000000000e+00
2926 3438 1.000000000000000000e+00
2927 1903 1.000000000000000000e+00
2927 2799 1.000000000000000000e+00
2927 2911 1.000000000000000000e+00
2927 2935 1.000000000000000000e+00
2927 2991 1.000000000000000000e+00
2927 3439 1.000000000000000000e+00
2928 881 1.000000000000000000e+00
2928 1904 1.000000000000000000e+00
2928 2800 1.000000000000000000e+00
2928 2920 1.000000000000000000e+00
2928 2992 1.000000000000000000e+00
2928 3440 1.000000000000000000e+00
2929 1905 1.000000000000000000e+00
2929 2801 1.000000000000000000e+00
2929 2921 1.000000000000000000e+00
2929 2930 1.000000000000000000e+00
2929 2993 1.000000000000000000e+00
2929 3441 1.000000000000000000e+00
2930 883 1.000000000000000000e+00
2930 1906 1.000000000000000000e+00
2930 2802 1.000000000000000000e+00
2930 2922 1.000000000000000000e+00
2930 2929 1.000000000000000000e+00
2930 2930 -1.000000000000000000e+00
2930 2932 1.000000000000000000e+00
2930 2994 1.000000000000000000e+00
2930 3442 1.000000000000000000e+00
2931 1907 1.000000000000000000e+00
2931 2803 1.000000000000000000e+00
2931 2923 1.000000000000000000e+00
2931 2933 1.000000000000000000e+00
2931 2995 1.000000000000000000e+00
2931 3443 1.000000000000000000e+00
2932 885 1.000000000000000000e+00
2932 1908 1.000000000000000000e+00
2932 2804 1.000000000000000000e+00
2932 2924 1.000000000000000000e+00
2932 2930 1.000000000000000000e+00
2932 2932 -1.000000000000000000e+00
2932 2936 1.000000000000000000e+00
2932 2996 1.000000000000000000e+00
2932 3444 1.000000000000000000e+00
2933 1909 1.000000000000000000e+00
2933 2805 1.000000000000000000e+00
2933 2925 1.000000000000000000e+00
2933 2931 1.000000000000000000e+00
2933 2933 -1.000000000000000000e+00
2933 2934 1.000000000000000000e+00
2933 2937 1.000000000000000000e+00
2933 2997 1.000000000000000000e+00
2933 3445 1.000000000000000000e+00
2934 887 1.000000000000000000e+00
2934 1910 1.000000000000000000e+00
2934 2806 1.000000000000000000e+00
2934 2926 1.000000000000000000e+00
2934 2933 1.000000000000000000e+00
2934 2934 -1.000000000000000000e+00
2934 2938 1.000000000000000000e+00
2934 2998 1.000000000000000000e+00
2934 3446 1.000000000000000000e+00
2935 1911 1.000000000000000000e+00
2935 2807 1.000000000000000000e+00
2935 2927 1.000000000000000000e+00
2935 2939 1.000000000000000000e+00
2935 2999 1.000000000000000000e+00
2935 3447 1.000000000000000000e+00
2936 889 1.000000000000000000e+00
2936 1912 1.000000000000000000e+00
2936 2808 1.000000000000000000e+00
2936 2932 1.000000000000000000e+00
2936 3000 1.000000000000000000e+00
2936 3448 1.000000000000000000e+00
2937 1913 1.000000000000000000e+00
2937 2809 1.000000000000000000e+00
2937 2933 1.000000000000000000e+00
2937 2938 1.000000000000000000e+00
2937 3001 1.000000000000000000e+00
2937 3449 1.000000000000000000e+00
2938 891 1.000000000000000000e+00
2938 1914 1.000000000000000000e+00
2938 2810 1.000000000000000000e+00
2938 2934 1.000000000000000000e+00
2938 2937 1.000000000000000000e+00
2938 2938 -1.000000000000000000e+00
2938 2940 1.000000000000000000e+00
2938 3002 1.000000000000000000e+00
2938 3450 1.000000000000000000e+00
2939 1915 1.000000000000000000e+00
2939 2811 1.000000000000000000e+00
2939 2935 1.000000000000000000e+00
2939 2941 1.000000000000000000e+00
2939 3003 1.000000000000000000e+00
2939 3451 1.000000000000000000e+00
2940 893 1.000000000000000000e+00
2940 1916 1.000000000000000000e+00
2940 2812 1.000000000000000000e+00
2940 2938 1.000000000000000000e+00
2940 3004 1.000000000000000000e+00
2940 3452 1.000000000000000000e+00
2941 1917 1.000000000000000000e+00
2941 2813 1.000000000000000000e+00
2941 2939 1.000000000000000000e+00
2941 2942 1.000000000000000000e+00
2941 3005 1.000000000000000000e+00
2941 3453 1.000000000000000000e+00
2942 895 1.000000000000000000e+00
2942 1918 1.000000000000000000e+00
2942 2814 1.000000000000000000e+00
2942 2941 1.000000000000000000e+00
2942 3006 1.000000000000000000e+00
2942 3454 1.000000000000000000e+00
2943 1919 1.000000000000000000e+00
2943 2815 1.000000000000000000e+00
2943 2943 1.000000000000000000e+00
2943 3007 1.000000000000000000e+00
2943 3455 1.000000000000000000e+00
2944 897 1.000000000000000000e+00
2944 1920 1.000000000000000000e+00
2944 2880 1.000000000000000000e+00
2944 2944 1.000000000000000000e+00
2944 3456 1.000000000000000000e+00
2945 1921 1.000000000000000000e+00
2945 2881 1.000000000000000000e+00
2945 2945 1.000000000000000000e+00
2945 2946 1.000000000000000000e+00
2945 3457 1.000000000000000000e+00
2946 899 1.000000000000000000e+00
2946 1922 1.000000000000000000e+00
2946 2882 1.000000000000000000e+00
2946 2945 1.000000000000000000e+00
2946 2948 1.000000000000000000e+00
2946 3458 1.000000000000000000e+00
2947 1923 1.000000000000000000e+00
2947 2883 1.000000000000000000e+00
2947 2947 1.000000000000000000e+00
2947 2949 1.000000000000000000e+00
2947 3459 1.000000000000000000e+00
2948 901 1.000000000000000000e+00
2948 1924 1.000000000000000000e+00
2948 2884 1.000000000000000000e+00
2948 2946 1.000000000000000000e+00
2948 2952 1.000000000000000000e+00
2948 3460 1.000000000000000000e+00
2949 1925 1.000000000000000000e+00
2949 2885 1.000000000000000000e+00
2949 2947 1.000000000000000000e+00
2949 2950 1.000000000000000000e+00
2949 2953 1.000000000000000000e+00
2949 3461 1.000000000000000000e+00
2950 903 1.000000000000000000e+00
2950 1926 1.000000000000000000e+00
2950 2886 1.000000000000000000e+00
2950 2949 1.000000000000000000e+00
2950 2954 1.000000000000000000e+00
2950 3462 1.000000000000000000e+00
2951 1927 1.000000000000000000e+00
2951 2887 1.000000000000000000e+00
2951 2951 1.000000000000000000e+00
2951 2955 1.000000000000000000e+00
2951 3463 1.000000000000000000e+00
2952 905 1.000000000000000000e+00
2952 1928 1.000000000000000000e+00
2952 2888 1.000000000000000000e+00
2952 2948 1.000000000000000000e+00
2952 2960 1.000000000000000000e+00
2952 3464 1.000000000000000000e+00
2953 1929 1.000000000000000000e+00
2953 2889 1.000000000000000000e+00
2953 2949 1.000000000000000000e+00
2953 2954 1.000000000000000000e+00
2953 2961 1.000000000000000000e+00
2953 3465 1.000000000000000000e+00
2954 907 1.000000000000000000e+00
2954 1930 1.000000000000000000e+00
2954 2890 1.000000000000000000e+00
2954 2950 1.000000000000000000e+00
2954 2953 1.000000000000000000e+00
2954 2954 -1.000000000000000000e+00
2954 2956 1.000000000000000000e+00
2954 2962 1.000000000000000000e+00
2954 3466 1.000000000000000000e+00
2955 1931 1.000000000000000000e+00
2955 2891 1.000000000000000000e+00
2955 2951 1.000000000000000000e+00
2955 2957 1.000000000000000000e+00
2955 2963 1.000000000000000000e+00
2955 3467 1.000000000000000000e+00
2956 909 1.000000000000000000e+00
2956 1932 1.000000000000000000e+00
2956 2892 1.000000000000000000e+00
2956 2954 1.000000000000000000e+00
2956 2964 1.000000000000000000e+00
2956 3468 1.000000000000000000e+00
2957 1933 1.000000000000000000e+00
2957 2893 1.000000000000000000e+00
2957 2955 1.000000000000000000e+00
2957 2958 1.000000000000000000e+00
2957 2965 1.000000000000000000e+00
2957 3469 1.000000000000000000e+00
2958 911 1.000000000000000000e+00
2958 1934 1.000000000000000000e+00
2958 2894 1.000000000000000000e+00
2958 2957 1.000000000000000000e+00
2958 2966 1.000000000000000000e+00
2958 3470 1.000000000000000000e+00
2959 1935 1.000000000000000000e+00
2959 2895 1.000000000000000000e+00
2959 2959 1.000000000000000000e+00
2959 2967 1.000000000000000000e+00
2959 3471 1.000000000000000000e+00
2960 913 1.000000000000000000e+00
2960 1936 1.000000000000000000e+00
2960 2896 1.000000000000000000e+00
2960 2952 1.000000000000000000e+00
2960 2976 1.000000000000000000e+00
2960 3472 1.000000000000000000e+00
2961 1937 1.000000000000000000e+00
2961 2897 1.000000000000000000e+00
2961 2953 1.000000000000000000e+00
2961 2962 1.000000000000000000e+00
2961 2977 1.000000000000000000e+00
2961 3473 1.000000000000000000e+00
2962 915 1.000000000000000000e+00
2962 1938 1.000000000000000000e+00
2962 2898 1.000000000000000000e+00
2962 2954 1.000000000000000000e+00
2962 2961 1.000000000000000000e+00
2962 2962 -1.000000000000000000e+00
2962 2964 1.000000000000000000e+00
2962 2978 1.000000000000000000e+00
2962 3474 1.000000000000000000e+00
2963 1939 1.000000000000000000e+00
2963 2899 1.000000000000000000e+00
2963 2955 1.000000000000000000e+00
2963 2965 1.000000000000000000e+00
2963 2979 1.000000000000000000e+00
2963 3475 1.000000000000000000e+00
2964 917 1.000000000000000000e+00
2964 1940 1.000000000000000000e+00
2964 2900 1.000000000000000000e+00
2964 2956 1.000000000000000000e+00
2964 2962 1.000000000000000000e+00
2964 2964 -1.000000000000000000e+00
2964 2968 1.000000000000000000e+00
2964 2980 1.000000000000000000e+00
2964 3476 1.000000000000000000e+00
2965 1941 1.000000000000000000e+00
2965 2901 1.000000000000000000e+00
2965 2957 1.000000000000000000e+00
2965 2963 1.000000000000000000e+00
2965 2965 -1.000000000000000000e+00
2965 2966 1.000000000000000000e+00
2965 2969 1.000000000000000000e+00
2965 2981 1.000000000000000000e+00
2965 3477 1.000000000000000000e+00
2966 919 1.000000000000000000e+00
2966 1942 1.000000000000000000e+00
2966 2902 1.000000000000000000e+00
2966 2958 1.000000000000000000e+00
2966 2965 1.000000000000000000e+00
2966 2966 -1.000000000000000000e+00
2966 2970 1.000000000000000000e+00
2966 2982 1.000000000000000000e+00
2966 3478 1.000000000000000000e+00
2967 1943 1.000000000000000000e+00
2967 2903 1.000000000000000000e+00
2967 2959 1.000000000000000000e+00
2967 2971 1.000000000000000000e+00
2967 2983 1.000000000000000000e+00
2967 3479 1.000000000000000000e+00
2968 921 1.000000000000000000e+00
2968 1944 1.000000000000000000e+00
2968 2904 1.000000000000000000e+00
2968 2964 1.000000000000000000e+00
2968 2984 1.000000000000000000e+00
2968 3480 1.000000000000000000e+00
2969 1945 1.000000000000000000e+00
2969 2905 1.000000000000000000e+00
2969 2965 1.000000000000000000e+00
2969 2970 1.000000000000000000e+00
2969 2985 1.000000000000000000e+00
2969 3481 1.000000000000000000e+00
2970 923 1.000000000000000000e+00
2970 1946 1.000000000000000000e+00
2970 2906 1.000000000000000000e+00
2970 2966 1.000000000000000000e+00
2970 2969 1.000000000000000000e+00
2970 2970 -1.000000000000000000e+00
2970 2972 1.000000000000000000e+00
2970 2986 1.000000000000000000e+00
2970 3482 1.000000000000000000e+00
2971 1947 1.000000000000000000e+00
2971 2907 1.000000000000000000e+00
2971 2967 1.000000000000000000e+00
2971 2973 1.000000000000000000e+00
2971 2987 1.000000000000000000e+00
2971 3483 1.000000000000000000e+00
2972 925 1.000000000000000000e+00
2972 1948 1.000000000000000000e+00
2972 2908 1.000000000000000000e+00
2972 2970 1.000000000000000000e+00
2972 2988 1.000000000000000000e+00
2972 3484 1.000000000000000000e+00
2973 1949 1.000000000000000000e+00
2973 2909 1.000000000000000000e+00
2973 2971 1.000000000000000000e+00
2973 2974 1.000000000000000000e+00
2973 2989 1.000000000000000000e+00
2973 3485 1.000000000000000000e+00
2974 927 1.000000000000000000e+00
2974 1950 1.000000000000000000e+00
2974 2910 1.000000000000000000e+00
2974 2973 1.000000000000000000e+00
2974 2990 1.000000000000000000e+00
2974 3486 1.000000000000000000e+00
2975 1951 1.000000000000000000e+00
2975 2911 1.000000000000000000e+00
2975 2975 1.000000000000000000e+00
2975 2991 1.000000000000000000e+00
2975 3487 1.000000000000000000e+00
2976 929 1.000000000000000000e+00
2976 1952 1.000000000000000000e+00
2976 2912 1.000000000000000000e+00
2976 2960 1.000000000000000000e+00
2976 3008 1.000000000000000000e+00
2976 3488 1.000000000000000000e+00
2977 1953 1.000000000000000000e+00
2977 2913 1.000000000000000000e+00
2977 2961 1.000000000000000000e+00
2977 2978 1.000000000000000000e+00
2977 3009 1.000000000000000000e+00
2977 3489 1.000000000000000000e+00
2978 931 1.000000000000000000e+00
2978 1954 1.000000000000000000e+00
2978 2914 1.000000000000000000e+00
2978 2962 1.000000000000000000e+00
2978 2977 1.000000000000000000e+00
2978 2978 -1.000000000000000000e+00
2978 2980 1.000000000000000000e+00
2978 3010 1.000000000000000000e+00
2978 3490 1.000000000000000000e+00
2979 1955 1.000000000000000000e+00
2979 2915 1.000000000000000000e+00
2979 2963 1.000000000000000000e+00
2979 2981 1.000000000000000000e+00
2979 3011 1.000000000000000000e+00
2979 3491 1.000000000000000000e+00
2980 933 1.000000000000000000e+00
2980 1956 1.000000000000000000e+00
2980 2916 1.000000000000000000e+00
2980 2964 1.000000000000000000e+00
2980 2978 1.000000000000000000e+00
2980 2980 -1.000000000000000000e+00
2980 2984 1.000000000000000000e+00
2980 3012 1.000000000000000000e+00
2980 3492 1.000000000000000000e+00
2981 1957 1.000000000000000000e+00
2981 2917 1.000000000000000000e+00
2981 2965 1.000000000000000000e+00
2981 2979 1.000000000000000000e+00
2981 2981 -1.000000000000000000e+00
2981 2982 1.000000000000000000e+00
2981 2985 1.000000000000000000e+00
2981 3013 1.000000000000000000e+00
2981 3493 1.000000000000000000e+00
2982 935 1.000000000000000000e+00
2982 1958 1.000000000000000000e+00
2982 2918 1.000000000000000000e+00
2982 2966 1.000000000000000000e+00
2982 2981 1.000000000000000000e+00
2982 2982 -1.000000000000000000e+00
2982 2986 1.000000000000000000e+00
2982 3014 1.000000000000000000e+00
2982 3494 1.000000000000000000e+00
2983 1959 1.000000000000000000e+00
2983 2919 1.000000000000000000e+00
2983 2967 1.000000000000000000e+00
2983 2987 1.000000000000000000e+00
2983 3015 1.000000000000000000e+00
2983 3495 1.000000000000000000e+00
2984 937 1.000000000000000000e+00
2984 1960 1.000000000000000000e+00
2984 2920 1.000000000000000000e+00
2984 2968 1.000000000000000000e+00
2984 2980 1.000000000000000000e+00
2984 2984 -1.000000000000000000e+00
2984 2992 1.000000000000000000e+00
2984 3016 1.000000000000000000e+00
2984 3496 1.000000000000000000e+00
2985 1961 1.000000000000000000e+00
2985 2921 1.000000000000000000e+00
2985 2969 1.000000000000000000e+00
2985 2981 1.000000000000000000e+00
2985 2985 -1.000000000000000000e+00
2985 2986 1.000000000000000000e+00
2985 2993 1.000000000000000000e+00
2985 3017 1.000000000000000000e+00
2985 3497 1.000000000000000000e+00
2986 939 1.000000000000000000e+00
2986 1962 1.000000000000000000e+00
2986 2922 1.000000000000000000e+00
2986 2970 1.000000000000000000e+00
2986 2982 1.000000000000000000e+00
2986 2985 1.000000000000000000e+00
2986 2986 -2.000000000000000000e+00
2986 2988 1.000000000000000000e+00
2986 2994 1.000000000000000000e+00
2986 3018 1.000000000000000000e+00
2986 3498 1.000000000000000000e+00
2987 1963 1.000000000000000000e+00
2987 2923 1.000000000000000000e+00
2987 2971 1.000000000000000000e+00
2987 2983 1.000000000000000000e+00
2987 2987 -1.000000000000000000e+00
2987 2989 1.000000000000000000e+00
2987 2995 1.000000000000000000e+00
2987 3019 1.000000000000000000e+00
2987 3499 1.000000000000000000e+00
2988 941 1.000000000000000000e+00
2988 1964 1.000000000000000000e+00
2988 2924 1.000000000000000000e+00
2988 2972 1.000000000000000000e+00
2988 2986 1.000000000000000000e+00
2988 2988 -1.000000000000000000e+00
2988 2996 1.000000000000000000e+00
2988 3020 1.000000000000000000e+00
2988 3500 1.000000000000000000e+00
2989 1965 1.000000000000000000e+00
2989 2925 1.000000000000000000e+00
2989 2973 1.000000000000000000e+00
2989 2987 1.000000000000000000e+00
2989 2989 -1.000000000000000000e+00
2989 2990 1.000000000000000000e+00
2989 2997 1.000000000000000000e+00
2989 3021 1.000000000000000000e+00
2989 3501 1.000000000000000000e+00
2990 943 1.000000000000000000e+00
2990 1966 1.000000000000000000e+00
2990 2926 1.000000000000000000e+00
2990 2974 1.000000000000000000e+00
2990 2989 1.000000000000000000e+00
2990 2990 -1.000000000000000000e+00
2990 2998 1.000000000000000000e+00
2990 3022 1.000000000000000000e+00
2990 3502 1.000000000000000000e+00
2991 1967 1.000000000000000000e+00
2991 2927 1.000000000000000000e+00
2991 2975 1.000000000000000000e+00
2991 2999 1.000000000000000000e+00
2991 3023 1.000000000000000000e+00
2991 3503 1.000000000000000000e+00
2992 945 1.000000000000000000e+00
2992 1968 1.000000000000000000e+00
2992 2928 1.000000000000000000e+00
2992 2984 1.000000000000000000e+00
2992 3024 1.000000000000000000e+00
2992 3504 1.000000000000000000e+00
2993 1969 1.000000000000000000e+00
2993 2929 1.000000000000000000e+00
2993 2985 1.000000000000000000e+00
2993 2994 1.000000000000000000e+00
2993 3025 1.000000000000000000e+00
2993 3505 1.000000000000000000e+00
2994 947 1.000000000000000000e+00
2994 1970 1.000000000000000000e+00
2994 2930 1.000000000000000000e+00
2994 2986 1.000000000000000000e+00
2994 2993 1.000000000000000000e+00
2994 2994 -1.000000000000000000e+00
2994 2996 1.000000000000000000e+00
2994 3026 1.000000000000000000e+00
2994 3506 1.000000000000000000e+00
2995 1971 1.000000000000000000e+00
2995 2931 1.000000000000000000e+00
2995 2987 1.000000000000000000e+00
2995 2997 1.000000000000000000e+00
2995 3027 1.000000000000000000e+00
2995 3507 1.000000000000000000e+00
2996 949 1.000000000000000000e+00
2996 1972 1.000000000000000000e+00
2996 2932 1.000000000000000000e+00
2996 2988 1.000000000000000000e+00
2996 2994 1.000000000000000000e+00
2996 2996 -1.000000000000000000e+00
2996 3000 1.000000000000000000e+00
2996 3028 1.000000000000000000e+00
2996 3508 1.000000000000000000e+00
2997 1973 1.000000000000000000e+00
2997 2933 1.000000000000000000e+00
2997 2989 1.000000000000000000e+00
2997 2995 1.000000000000000000e+00
2997 2997 -1.000000000000000000e+00
2997 2998 1.000000000000000000e+00
2997 3001 1.000000000000000000e+00
2997 3029 1.000000000000000000e+00
2997 3509 1.000000000000000000e+00
2998 951 1.000000000000000000e+00
2998 1974 1.000000000000000000e+00
2998 2934 1.000000000000000000e+00
2998 2990 1.000000000000000000e+00
2998 2997 1.000000000000000000e+00
2998 2998 -1.000000000000000000e+00
2998 3002 1.000000000000000000e+00
2998 3030 1.000000000000000000e+00
2998 3510 1.000000000000000000e+00
2999 1975 1.000000000000000000e+00
2999 2935 1.000000000000000000e+00
2999 2991 1.000000000000000000e+00
2999 3003 1.000000000000000000e+00
2999 3031 1.000000000000000000e+00
2999 3511 1.000000000000000000e+00
3000 953 1.000000000000000000e+00
3000 1976 1.000000000000000000e+00
3000 2936 1.000000000000000000e+00
3000 2996 1.000000000000000000e+00
3000 3032 1.000000000000000000e+00
3000 3512 1.000000000000000000e+00
3001 1977 1.000000000000000000e+00
3001 2937 1.000000000000000000e+00
3001 2997 1.000000000000000000e+00
3001 3002 1.000000000000000000e+00
3001 3033 1.000000000000000000e+00
3001 3513 1.000000000000000000e+00
3002 955 1.000000000000000000e+00
3002 1978 1.000000000000000000e+00
3002 2938 1.000000000000000000e+00
3002 2998 1.000000000000000000e+00
3002 3001 1.000000000000000000e+00
3002 3002 -1.000000000000000000e+00
3002 3004 1.000000000000000000e+00
3002 3034 1.000000000000000000e+00
3002 3514 1.000000000000000000e+00
3003 1979 1.000000000000000000e+00
3003 2939 1.000000000000000000e+00
3003 2999 1.000000000000000000e+00
3003 3005 1.000000000000000000e+00
3003 3035 1.000000000000000000e+00
3003 3515 1.000000000000000000e+00
3004 957 1.000000000000000000e+00
3004 1980 1.000000000000000000e+00
3004 2940 1.000000000000000000e+00
3004 3002 1.000000000000000000e+00
3004 3036 1.000000000000000000e+00
3004 3516 1.000000000000000000e+00
3005 1981 1.000000000000000000e+00
3005 2941 1.000000000000000000e+00
3005 3003 1.000000000000000000e+00
3005 3006 1.000000000000000000e+00
3005 3037 1.000000000000000000e+00
3005 3517 1.000000000000000000e+00
3006 959 1.000000000000000000e+00
3006 1982 1.000000000000000000e+00
3006 2942 1.000000000000000000e+00
3006 3005 1.000000000000000000e+00
3006 3038 1.000000000000000000e+00
3006 3518 1.000000000000000000e+00
3007 1983 1.000000000000000000e+00
3007 2943 1.000000000000000000e+00
3007 3007 1.000000000000000000e+00
3007 3039 1.000000000000000000e+00
3007 3519 1.000000000000000000e+00
3008 961 1.000000000000000000e+00
3008 1984 1.000000000000000000e+00
3008 2976 1.000000000000000000e+00
3008 3008 1.000000000000000000e+00
3008 3520 1.000000000000000000e+00
3009 1985 1.000000000000000000e+00
3009 2977 1.000000000000000000e+00
3009 3009 1.000000000000000000e+00
3009 3010 1.000000000000000000e+00
3009 3521 1.000000000000000000e+00
3010 963 1.000000000000000000e+00
3010 1986 1.000000000000000000e+00
3010 2978 1.000000000000000000e+00
3010 3009 1.000000000000000000e+00
3010 3012 1.000000000000000000e+00
3010 3522 1.000000000000000000e+00
3011 1987 1.000000000000000000e+00
3011 2979 1.000000000000000000e+00
3011 3011 1.000000000000000000e+00
3011 3013 1.000000000000000000e+00
3011 3523 1.000000000000000000e+00
3012 965 1.000000000000000000e+00
3012 1988 1.000000000000000000e+00
3012 2980 1.000000000000000000e+00
3012 3010 1.000000000000000000e+00
3012 3016 1.000000000000000000e+00
3012 3524 1.000000000000000000e+00
3013 1989 1.000000000000000000e+00
3013 2981 1.000000000000000000e+00
3013 3011 1.000000000000000000e+00
3013 3014 1.000000000000000000e+00
3013 3017 1.000000000000000000e+00
3013 3525 1.000000000000000000e+00
3014 967 1.000000000000000000e+00
3014 1990 1.000000000000000000e+00
3014 2982 1.000000000000000000e+00
3014 3013 1.000000000000000000e+00
3014 3018 1.000000000000000000e+00
3014 3526 1.000000000000000000e+00
3015 1991 1.000000000000000000e+00
3015 2983 1.000000000000000000e+00
3015 3015 1.000000000000000000e+00
3015 3019 1.000000000000000000e+00
3015 3527 1.000000000000000000e+00
3016 969 1.000000000000000000e+00
3016 1992 1.000000000000000000e+00
3016 2984 1.000000000000000000e+00
3016 3012 1.000000000000000000e+00
3016 3024 1.000000000000000000e+00
3016 3528 1.000000000000000000e+00
3017 1993 1.000000000000000000e+00
3017 2985 1.000000000000000000e+00
3017 3013 1.000000000000000000e+00
3017 3018 1.000000000000000000e+00
3017 3025 1.000000000000000000e+00
3017 3529 1.000000000000000000e+00
3018 971 1.000000000000000000e+00
3018 1994 1.000000000000000000e+00
3018 2986 1.000000000000000000e+00
3018 3014 1.000000000000000000e+00
3018 3017 1.000000000000000000e+00
3018 3018 -1.000000000000000000e+00
3018 3020 1.000000000000000000e+00
3018 3026 1.000000000000000000e+00
3018 3530 1.000000000000000000e+00
3019 1995 1.000000000000000000e+00
3019 2987 1.000000000000000000e+00
3019 3015 1.000000000000000000e+00
3019 3021 1.000000000000000000e+00
3019 3027 1.000000000000000000e+00
3019 3531 1.000000000000000000e+00
3020 973 1.000000000000000000e+00
3020 1996 1.000000000000000000e+00
3020 2988 1.000000000000000000e+00
3020 3018 1.000000000000000000e+00
3020 3028 1.000000000000000000e+00
3020 3532 1.000000000000000000e+00
3021 1997 1.000000000000000000e+00
3021 2989 1.000000000000000000e+00
3021 3019 1.000000000000000000e+00
3021 3022 1.000000000000000000e+00
3021 3029 1.000000000000000000e+00
3021 3533 1.000000000000000000e+00
3022 975 1.000000000000000000e+00
3022 1998 1.000000000000000000e+00
3022 2990 1.000000000000000000e+00
3022 3021 1.000000000000000000e+00
3022 3030 1.000000000000000000e+00
3022 3534 1.000000000000000000e+00
3023 1999 1.000000000000000000e+00
3023 2991 1.000000000000000000e+00
3023 3023 1.000000000000000000e+00
3023 3031 1.000000000000000000e+00
3023 3535 1.000000000000000000e+00
3024 977 1.000000000000000000e+00
3024 2000 1.000000000000000000e+00
3024 2992 1.000000000000000000e+00
3024 3016 1.000000000000000000e+00
3024 3040 1.000000000000000000e+00
3024 3536 1.000000000000000000e+00
3025 2001 1.000000000000000000e+00
3025 2993 1.000000000000000000e+00
3025 3017 1.000000000000000000e+00
3025 3026 1.000000000000000000e+00
3025 3041 1.000000000000000000e+00
3025 3537 1.000000000000000000e+00
3026 979 1.000000000000000000e+00
3026 2002 1.000000000000000000e+00
3026 2994 1.000000000000000000e+00
3026 3018 1.000000000000000000e+00
3026 3025 1.000000000000000000e+00
3026 3026 -1.000000000000000000e+00
3026 3028 1.000000000000000000e+00
3026 3042 1.000000000000000000e+00
3026 3538 1.000000000000000000e+00
3027 2003 1.000000000000000000e+00
3027 2995 1.000000000000000000e+00
3027 3019 1.000000000000000000e+00
3027 3029 1.000000000000000000e+00
3027 3043 1.000000000000000000e+00
3027 3539 1.000000000000000000e+00
3028 981 1.000000000000000000e+00
3028 2004 1.000000000000000000e+00
3028 2996 1.000000000000000000e+00
3028 3020 1.000000000000000000e+00
3028 3026 1.000000000000000000e+00
3028 3028 -1.000000000000000000e+00
3028 3032 1.000000000000000000e+00
3028 3044 1.000000000000000000e+00
3028 3540 1.000000000000000000e+00
3029 2005 1.000000000000000000e+00
3029 2997 1.000000000000000000e+00
3029 3021 1.000000000000000000e+00
3029 3027 1.000000000000000000e+00
3029 3029 -1.000000000000000000e+00
3029 3030 1.000000000000000000e+00
3029 3033 1.000000000000000000e+00
3029 3045 1.000000000000000000e+00
3029 3541 1.000000000000000000e+00
3030 983 1.000000000000000000e+00
3030 2006 1.000000000000000000e+00
3030 2998 1.000000000000000000e+00
3030 3022 1.000000000000000000e+00
3030 3029 1.000000000000000000e+00
3030 3030 -1.000000000000000000e+00
3030 3034 1.000000000000000000e+00
3030 3046 1.000000000000000000e+00
3030 3542 1.000000000000000000e+00
3031 2007 1.000000000000000000e+00
3031 2999 1.000000000000000000e+00
3031 3023 1.000000000000000000e+00
3031 3035 1.000000000000000000e+00
3031 3047 1.000000000000000000e+00
3031 3543 1.000000000000000000e+00
3032 985 1.000000000000000000e+00
3032 2008 1.000000000000000000e+00
3032 3000 1.000000000000000000e+00
3032 3028 1.000000000000000000e+00
3032 3048 1.000000000000000000e+00
3032 3544 1.000000000000000000e+00
3033 2009 1.000000000000000000e+00
3033 3001 1.000000000000000000e+00
3033 3029 1.000000000000000000e+00
3033 3034 1.000000000000000000e+00
3033 3049 1.000000000000000000e+00
3033 3545 1.000000000000000000e+00
3034 987 1.000000000000000000e+00
3034 2010 1.000000000000000000e+00
3034 3002 1.000000000000000000e+00
3034 3030 1.000000000000000000e+00
3034 3033 1.000000000000000000e+00
3034 3034 -1.000000000000000000e+00
3034 3036 1.000000000000000000e+00
3034 3050 1.000000000000000000e+00
3034 3546 1.000000000000000000e+00
3035 2011 1.000000000000000000e+00
3035 3003 1.000000000000000000e+00
3035 3031 1.000000000000000000e+00
3035 3037 1.000000000000000000e+00
3035 3051 1.000000000000000000e+00
3035 3547 1.000000000000000000e+00
3036 989 1.000000000000000000e+00
3036 2012 1.000000000000000000e+00
3036 3004 1.000000000000000000e+00
3036 3034 1.000000000000000000e+00
3036 3052 1.000000000000000000e+00
3036 3548 1.000000000000000000e+00
3037 2013 1.000000000000000000e+00
3037 3005 1.000000000000000000e+00
3037 3035 1.000000000000000000e+00
3037 3038 1.000000000000000000e+00
3037 3053 1.000000000000000000e+00
3037 3549 1.000000000000000000e+00
3038 991 1.000000000000000000e+00
3038 2014 1.000000000000000000e+00
3038 3006 1.000000000000000000e+00
3038 3037 1.000000000000000000e+00
3038 3054 1.000000000000000000e+00
3038 3550 1.000000000000000000e+00
3039 2015 1.000000000000000000e+00
3039 3007 1.000000000000000000e+00
3039 3039 1.000000000000000000e+00
3039 3055 1.000000000000000000e+00
3039 3551 1.000000000000000000e+00
3040 993 1.000000000000000000e+00
3040 2016 1.000000000000000000e+00
3040 3024 1.000000000000000000e+00
3040 3040 1.000000000000000000e+00
3040 3552 1.000000000000000000e+00
3041 2017 1.000000000000000000e+00
3041 3025 1.000000000000000000e+00
3041 3041 1.000000000000000000e+00
3041 3042 1.000000000000000000e+00
3041 3553 1.000000000000000000e+00
3042 995 1.000000000000000000e+00
3042 2018 1.000000000000000000e+00
3042 3026 1.000000000000000000e+00
3042 3041 1.000000000000000000e+00
3042 3044 1.000000000000000000e+00
3042 3554 1.000000000000000000e+00
3043 2019 1.000000000000000000e+00
3043 3027 1.000000000000000000e+00
3043 3043 1.000000000000000000e+00
3043 3045 1.000000000000000000e+00
3043 3555 1.000000000000000000e+00
3044 997 1.000000000000000000e+00
3044 2020 1.000000000000000000e+00
3044 3028 1.000000000000000000e+00
3044 3042 1.000000000000000000e+00
3044 3048 1.000000000000000000e+00
3044 3556 1.000000000000000000e+00
3045 2021 1.000000000000000000e+00
3045 3029 1.000000000000000000e+00
3045 3043 1.000000000000000000e+00
3045 3046 1.000000000000000000e+00
3045 3049 1.000000000000000000e+00
3045 3557 1.000000000000000000e+00
3046 999 1.000000000000000000e+00
3046 2022 1.000000000000000000e+00
3046 3030 1.000000000000000000e+00
3046 3045 1.000000000000000000e+00
3046 3050 1.000000000000000000e+00
3046 3558 1.000000000000000000e+00
3047 2023 1.000000000000000000e+00
3047 3031 1.000000000000000000e+00
3047 3047 1.000000000000000000e+00
3047 3051 1.000000000000000000e+00
3047 3559 1.000000000000000000e+00
3048 1001 1.000000000000000000e+00
3048 2024 1.000000000000000000e+00
3048 3032 1.000000000000000000e+00
3048 3044 1.000000000000000000e+00
3048 3056 1.000000000000000000e+00
3048 3560 1.000000000000000000e+00
3049 2025 1.000000000000000000e+00
3049 3033 1.000000000000000000e+00
3049 3045 1.000000000000000000e+00
3049 3050 1.000000000000000000e+00
3049 3057 1.000000000000000000e+00
3049 3561 1.000000000000000000e+00
3050 1003 1.000000000000000000e+00
3050 2026 1.000000000000000000e+00
3050 3034 1.000000000000000000e+00
3050 3046 1.000000000000000000e+00
3050 3049 1.000000000000000000e+00
3050 3050 -1.000000000000000000e+00
3050 3052 1.000000000000000000e+00
3050 3058 1.000000000000000000e+00
3050 3562 1.000000000000000000e+00
3051 2027 1.000000000000000000e+00
3051 3035 1.000000000000000000e+00
3051 3047 1.000000000000000000e+00
3051 3053 1.000000000000000000e+00
3051 3059 1.000000000000000000e+00
3051 3563 1.000000000000000000e+00
3052 1005 1.000000000000000000e+00
3052 2028 1.000000000000000000e+00
3052 3036 1.000000000000000000e+00
3052 3050 1.000000000000000000e+00
3052 3060 1.000000000000000000e+00
3052 3564 1.000000000000000000e+00
3053 2029 1.000000000000000000e+00
3053 3037 1.000000000000000000e+00
3053 3051 1.000000000000000000e+00
3053 3054 1.000000000000000000e+00
3053 3061 1.000000000000000000e+00
3053 3565 1.000000000000000000e+00
3054 1007 1.000000000000000000e+00
3054 2030 1.000000000000000000e+00
3054 3038 1.000000000000000000e+00
3054 3053 1.000000000000000000e+00
3054 3062 1.000000000000000000e+00
3054 3566 1.000000000000000000e+00
3055 2031 1.000000000000000000e+00
3055 3039 1.000000000000000000e+00
3055 3055 1.000000000000000000e+00
3055 3063 1.000000000000000000e+00
3055 3567 1.000000000000000000e+00
3056 1009 1.000000000000000000e+00
3056 2032 1.000000000000000000e+00
3056 3048 1.000000000000000000e+00
3056 3056 1.000000000000000000e+00
3056 3568 1.000000000000000000e+00
3057 2033 1.000000000000000000e+00
3057 3049 1.000000000000000000e+00
3057 3057 1.000000000000000000e+00
3057 3058 1.000000000000000000e+00
3057 3569 1.000000000000000000e+00
3058 1011 1.000000000000000000e+00
3058 2034 1.000000000000000000e+00
3058 3050 1.000000000000000000e+00
3058 3057 1.000000000000000000e+00
3058 3060 1.000000000000000000e+00
3058 3570 1.000000000000000000e+00
3059 2035 1.000000000000000000e+00
3059 3051 1.000000000000000000e+00
3059 3059 1.000000000000000000e+00
3059 3061 1.000000000000000000e+00
3059 3571 1.000000000000000000e+00
3060 1013 1.000000000000000000e+00
3060 2036 1.000000000000000000e+00
3060 3052 1.000000000000000000e+00
3060 3058 1.000000000000000000e+00
3060 3064 1.000000000000000000e+00
3060 3572 1.000000000000000000e+00
3061 2037 1.000000000000000000e+00
3061 3053 1.000000000000000000e+00
3061 3059 1.000000000000000000e+00
3061 3062 1.000000000000000000e+00
3061 3065 1.000000000000000000e+00
3061 3573 1.000000000000000000e+00
3062 1015 1.000000000000000000e+00
3062 2038 1.000000000000000000e+00
3062 3054 1.000000000000000000e+00
3062 3061 1.000000000000000000e+00
3062 3066 1.000000000000000000e+00
3062 3574 1.000000000000000000e+00
3063 2039 1.000000000000000000e+00
3063 3055 1.000000000000000000e+00
3063 3063 1.000000000000000000e+00
3063 3067 1.000000000000000000e+00
3063 3575 1.000000000000000000e+00
3064 1017 1.000000000000000000e+00
3064 2040 1.000000000000000000e+00
3064 3060 1.000000000000000000e+00
3064 3064 1.000000000000000000e+00
3064 3576 1.000000000000000000e+00
3065 2041 1.000000000000000000e+00
3065 3061 1.000000000000000000e+00
3065 3065 1.000000000000000000e+00
3065 3066 1.000000000000000000e+00
3065 3577 1.000000000000000000e+00
3066 1019 1.000000000000000000e+00
3066 2042 1.000000000000000000e+00
3066 3062 1.000000000000000000e+00
3066 3065 1.000000000000000000e+00
3066 3068 1.000000000000000000e+00
3066 3578 1.000000000000000000e+00
3067 2043 1.000000000000000000e+00
3067 3063 1.000000000000000000e+00
3067 3067 1.000000000000000000e+00
3067 3069 1.000000000000000000e+00
3067 3579 1.000000000000000000e+00
3068 1021 1.000000000000000000e+00
3068 2044 1.000000000000000000e+00
3068 3066 1.000000000000000000e+00
3068 3068 1.000000000000000000e+00
3068 3580 1.000000000000000000e+00
3069 2045 1.000000000000000000e+00
3069 3067 1.000000000000000000e+00
3069 3069 1.000000000000000000e+00
3069 3070 1.000000000000000000e+00
3069 3581 1.000000000000000000e+00
3070 1023 1.000000000000000000e+00
3070 2046 1.000000000000000000e+00
3070 3069 1.000000000000000000e+00
3070 3070 1.000000000000000000e+00
3070 3582 1.000000000000000000e+00
3071 2047 1.000000000000000000e+00
3071 3071 2.000000000000000000e+00
3071 3583 1.000000000000000000e+00
3072 1025 1.000000000000000000e+00
3072 2560 1.000000000000000000e+00
3072 3072 2.000000000000000000e+00
3073 2561 1.000000000000000000e+00
3073 3073 2.000000000000000000e+00
3073 3074 1.000000000000000000e+00
3074 1027 1.000000000000000000e+00
3074 2562 1.000000000000000000e+00
3074 3073 1.000000000000000000e+00
3074 3074 1.000000000000000000e+00
3074 3076 1.000000000000000000e+00
3075 2563 1.000000000000000000e+00
3075 3075 2.000000000000000000e+00
3075 3077 1.000000000000000000e+00
3076 1029 1.000000000000000000e+00
3076 2564 1.000000000000000000e+00
3076 3074 1.000000000000000000e+00
3076 3076 1.000000000000000000e+00
3076 3080 1.000000000000000000e+00
3077 2565 1.000000000000000000e+00
3077 3075 1.000000000000000000e+00
3077 3077 1.000000000000000000e+00
3077 3078 1.000000000000000000e+00
3077 3081 1.000000000000000000e+00
3078 1031 1.000000000000000000e+00
3078 2566 1.000000000000000000e+00
3078 3077 1.000000000000000000e+00
3078 3078 1.000000000000000000e+00
3078 3082 1.000000000000000000e+00
3079 2567 1.000000000000000000e+00
3079 3079 2.000000000000000000e+00
3079 3083 1.000000000000000000e+00
3080 1033 1.000000000000000000e+00
3080 2568 1.000000000000000000e+00
3080 3076 1.000000000000000000e+00
3080 3080 1.000000000000000000e+00
3080 3088 1.000000000000000000e+00
3081 2569 1.000000000000000000e+00
3081 3077 1.000000000000000000e+00
3081 3081 1.000000000000000000e+00
3081 3082 1.000000000000000000e+00
3081 3089 1.000000000000000000e+00
3082 1035 1.000000000000000000e+00
3082 2570 1.000000000000000000e+00
3082 3078 1.000000000000000000e+00
3082 3081 1.000000000000000000e+00
3082 3084 1.000000000000000000e+00
3082 3090 1.000000000000000000e+00
3083 2571 1.000000000000000000e+00
3083 3079 1.000000000000000000e+00
3083 3083 1.000000000000000000e+00
3083 3085 1.000000000000000000e+00
3083 3091 1.000000000000000000e+00
3084 1037 1.000000000000000000e+00
3084 2572 1.000000000000000000e+00
3084 3082 1.000000000000000000e+00
3084 3084 1.000000000000000000e+00
3084 3092 1.000000000000000000e+00
3085 2573 1.000000000000000000e+00
3085 3083 1.000000000000000000e+00
3085 3085 1.000000000000000000e+00
3085 3086 1.000000000000000000e+00
3085 3093 1.000000000000000000e+00
3086 1039 1.000000000000000000e+00
3086 2574 1.000000000000000000e+00
3086 3085 1.000000000000000000e+00
3086 3086 1.000000000000000000e+00
3086 3094 1.000000000000000000e+00
3087 2575 1.000000000000000000e+00
3087 3087 2.000000000000000000e+00
3087 3095 1.000000000000000000e+00
3088 1041 1.000000000000000000e+00
3088 2576 1.000000000000000000e+00
3088 3080 1.000000000000000000e+00
3088 3088 1.000000000000000000e+00
3088 3104 1.000000000000000000e+00
3089 2577 1.000000000000000000e+00
3089 3081 1.000000000000000000e+00
3089 3089 1.000000000000000000e+00
3089 3090 1.000000000000000000e+00
3089 3105 1.000000000000000000e+00
3090 1043 1.000000000000000000e+00
3090 2578 1.000000000000000000e+00
3090 3082 1.000000000000000000e+00
3090 3089 1.000000000000000000e+00
3090 3092 1.000000000000000000e+00
3090 3106 1.000000000000000000e+00
3091 2579 1.000000000000000000e+00
3091 3083 1.000000000000000000e+00
3091 3091 1.000000000000000000e+00
3091 3093 1.000000000000000000e+00
3091 3107 1.000000000000000000e+00
3092 1045 1.000000000000000000e+00
3092 2580 1.000000000000000000e+00
3092 3084 1.000000000000000000e+00
3092 3090 1.000000000000000000e+00
3092 3096 1.000000000000000000e+00
3092 3108 1.000000000000000000e+00
3093 2581 1.000000000000000000e+00
3093 3085 1.000000000000000000e+00
3093 3091 1.000000000000000000e+00
3093 3094 1.000000000000000000e+00
3093 3097 1.000000000000000000e+00
3093 3109 1.000000000000000000e+00
3094 1047 1.000000000000000000e+00
3094 2582 1.000000000000000000e+00
3094 3086 1.000000000000000000e+00
3094 3093 1.000000000000000000e+00
3094 3098 1.000000000000000000e+00
3094 3110 1.000000000000000000e+00
3095 2583 1.000000000000000000e+00
3095 3087 1.000000000000000000e+00
3095 3095 1.000000000000000000e+00
3095 3099 1.000000000000000000e+00
3095 3111 1.000000000000000000e+00
3096 1049 1.000000000000000000e+00
3096 2584 1.000000000000000000e+00
3096 3092 1.000000000000000000e+00
3096 3096 1.000000000000000000e+00
3096 3112 1.000000000000000000e+00
3097 2585 1.000000000000000000e+00
3097 3093 1.000000000000000000e+00
3097 3097 1.000000000000000000e+00
3097 3098 1.000000000000000000e+00
3097 3113 1.000000000000000000e+00
3098 1051 1.000000000000000000e+00
3098 2586 1.000000000000000000e+00
3098 3094 1.000000000000000000e+00
3098 3097 1.000000000000000000e+00
3098 3100 1.000000000000000000e+00
3098 3114 1.000000000000000000e+00
3099 2587 1.000000000000000000e+00
3099 3095 1.000000000000000000e+00
3099 3099 1.000000000000000000e+00
3099 3101 1.000000000000000000e+00
3099 3115 1.000000000000000000e+00
3100 1053 1.000000000000000000e+00
3100 2588 1.000000000000000000e+00
3100 3098 1.000000000000000000e+00
3100 3100 1.000000000000000000e+00
3100 3116 1.000000000000000000e+00
3101 2589 1.000000000000000000e+00
3101 3099 1.000000000000000000e+00
3101 3101 1.000000000000000000e+00
3101 3102 1.000000000000000000e+00
3101 3117 1.000000000000000000e+00
3102 1055 1.000000000000000000e+00
3102 2590 1.000000000000000000e+00
3102 3101 1.000000000000000000e+00
3102 3102 1.000000000000000000e+00
3102 3118 1.000000000000000000e+00
3103 2591 1.000000000000000000e+00
3103 3103 2.000000000000000000e+00
3103 3119 1.000000000000000000e+00
3104 1057 1.000000000000000000e+00
3104 2592 1.000000000000000000e+00
3104 3088 1.000000000000000000e+00
3104 3104 1.000000000000000000e+00
3104 3136 1.000000000000000000e+00
3105 2593 1.000000000000000000e+00
3105 3089 1.000000000000000000e+00
3105 3105 1.000000000000000000e+00
3105 3106 1.000000000000000000e+00
3105 3137 1.000000000000000000e+00
3106 1059 1.000000000000000000e+00
3106 2594 1.000000000000000000e+00
3106 3090 1.000000000000000000e+00
3106 3105 1.000000000000000000e+00
3106 3108 1.000000000000000000e+00
3106 3138 1.000000000000000000e+00
3107 2595 1.000000000000000000e+00
3107 3091 1.000000000000000000e+00
3107 3107 1.000000000000000000e+00
3107 3109 1.000000000000000000e+00
3107 3139 1.000000000000000000e+00
3108 1061 1.000000000000000000e+00
3108 2596 1.000000000000000000e+00
3108 3092 1.000000000000000000e+00
3108 3106 1.000000000000000000e+00
3108 3112 1.000000000000000000e+00
3108 3140 1.000000000000000000e+00
3109 2597 1.000000000000000000e+00
3109 3093 1.000000000000000000e+00
3109 3107 1.000000000000000000e+00
3109 3110 1.000000000000000000e+00
3109 3113 1.000000000000000000e+00
3109 3141 1.000000000000000000e+00
3110 1063 1.000000000000000000e+00
3110 2598 1.000000000000000000e+00
3110 3094 1.000000000000000000e+00
3110 3109 1.000000000000000000e+00
3110 3114 1.000000000000000000e+00
3110 3142 1.000000000000000000e+00
3111 2599 1.000000000000000000e+00
3111 3095 1.000000000000000000e+00
3111 3111 1.000000000000000000e+00
3111 3115 1.000000000000000000e+00
3111 3143 1.000000000000000000e+00
3112 1065 1.000000000000000000e+00
3112 2600 1.000000000000000000e+00
3112 3096 1.000000000000000000e+00
3112 3108 1.000000000000000000e+00
3112 3120 1.000000000000000000e+00
3112 3144 1.000000000000000000e+00
3113 2601 1.000000000000000000e+00
3113 3097 1.000000000000000000e+00
3113 3109 1.000000000000000000e+00
3113 3114 1.000000000000000000e+00
3113 3121 1.000000000000000000e+00
3113 3145 1.000000000000000000e+00
3114 1067 1.000000000000000000e+00
3114 2602 1.000000000000000000e+00
3114 3098 1.000000000000000000e+00
3114 3110 1.000000000000000000e+00
3114 3113 1.000000000000000000e+00
3114 3114 -1.000000000000000000e+00
3114 3116 1.000000000000000000e+00
3114 3122 1.000000000000000000e+00
3114 3146 1.000000000000000000e+00
3115 2603 1.000000000000000000e+00
3115 3099 1.000000000000000000e+00
3115 3111 1.000000000000000000e+00
3115 3117 1.000000000000000000e+00
3115 3123 1.000000000000000000e+00
3115 3147 1.000000000000000000e+00
3116 1069 1.000000000000000000e+00
3116 2604 1.000000000000000000e+00
3116 3100 1.000000000000000000e+00
3116 3114 1.000000000000000000e+00
3116 3124 1.000000000000000000e+00
3116 3148 1.000000000000000000e+00
3117 2605 1.000000000000000000e+00
3117 3101 1.000000000000000000e+00
3117 3115 1.000000000000000000e+00
3117 3118 1.000000000000000000e+00
3117 3125 1.000000000000000000e+00
3117 3149 1.000000000000000000e+00
3118 1071 1.000000000000000000e+00
3118 2606 1.000000000000000000e+00
3118 3102 1.000000000000000000e+00
3118 3117 1.000000000000000000e+00
3118 3126 1.000000000000000000e+00
3118 3150 1.000000000000000000e+00
3119 2607 1.000000000000000000e+00
3119 3103 1.000000000000000000e+00
3119 3119 1.000000000000000000e+00
3119 3127 1.000000000000000000e+00
3119 3151 1.000000000000000000e+00
3120 1073 1.000000000000000000e+00
3120 2608 1.000000000000000000e+00
3120 3112 1.000000000000000000e+00
3120 3120 1.000000000000000000e+00
3120 3152 1.000000000000000000e+00
3121 2609 1.000000000000000000e+00
3121 3113 1.000000000000000000e+00
3121 3121 1.000000000000000000e+00
3121 3122 1.000000000000000000e+00
3121 3153 1.000000000000000000e+00
3122 1075 1.000000000000000000e+00
3122 2610 1.000000000000000000e+00
3122 3114 1.000000000000000000e+00
3122 3121 1.000000000000000000e+00
3122 3124 1.000000000000000000e+00
3122 3154 1.000000000000000000e+00
3123 2611 1.000000000000000000e+00
3123 3115 1.000000000000000000e+00
3123 3123 1.000000000000000000e+00
3123 3125 1.000000000000000000e+00
3123 3155 1.000000000000000000e+00
3124 1077 1.000000000000000000e+00
3124 2612 1.000000000000000000e+00
3124 3116 1.000000000000000000e+00
3124 3122 1.000000000000000000e+00
3124 3128 1.000000000000000000e+00
3124 3156 1.000000000000000000e+00
3125 2613 1.000000000000000000e+00
3125 3117 1.000000000000000000e+00
3125 3123 1.000000000000000000e+00
3125 3126 1.000000000000000000e+00
3125 3129 1.000000000000000000e+00
3125 3157 1.000000000000000000e+00
3126 1079 1.000000000000000000e+00
3126 2614 1.000000000000000000e+00
3126 3118 1.000000000000000000e+00
3126 3125 1.000000000000000000e+00
3126 3130 1.000000000000000000e+00
3126 3158 1.000000000000000000e+00
3127 2615 1.000000000000000000e+00
3127 3119 1.000000000000000000e+00
3127 3127 1.000000000000000000e+00
3127 3131 1.000000000000000000e+00
3127 3159 1.000000000000000000e+00
3128 1081 1.000000000000000000e+00
3128 2616 1.000000000000000000e+00
3128 3124 1.000000000000000000e+00
3128 3128 1.000000000000000000e+00
3128 3160 1.000000000000000000e+00
3129 2617 1.000000000000000000e+00
3129 3125 1.000000000000000000e+00
3129 3129 1.000000000000000000e+00
3129 3130 1.000000000000000000e+00
3129 3161 1.000000000000000000e+00
3130 1083 1.000000000000000000e+00
3130 2618 1.000000000000000000e+00
3130 3126 1.000000000000000000e+00
3130 3129 1.000000000000000000e+00
3130 3132 1.000000000000000000e+00
3130 3162 1.000000000000000000e+00
3131 2619 1.000000000000000000e+00
3131 3127 1.000000000000000000e+00
3131 3131 1.000000000000000000e+00
3131 3133 1.000000000000000000e+00
3131 3163 1.000000000000000000e+00
3132 1085 1.000000000000000000e+00
3132 2620 1.000000000000000000e+00
3132 3130 1.000000000000000000e+00
3132 3132 1.000000000000000000e+00
3132 3164 1.000000000000000000e+00
3133 2621 1.000000000000000000e+00
3133 3131 1.000000000000000000e+00
3133 3133 1.000000000000000000e+00
3133 3134 1.000000000000000000e+00
3133 3165 1.000000000000000000e+00
3134 1087 1.000000000000000000e+00
3134 2622 1.000000000000000000e+00
3134 3133 1.000000000000000000e+00
3134 3134 1.000000000000000000e+00
3134 3166 1.000000000000000000e+00
3135 2623 1.000000000000000000e+00
3135 3135 2.000000000000000000e+00
3135 3167 1.000000000000000000e+00
3136 1089 1.000000000000000000e+00
3136 2624 1.000000000000000000e+00
3136 3104 1.000000000000000000e+00
3136 3136 1.000000000000000000e+00
3136 3200 1.000000000000000000e+00
3137 2625 1.000000000000000000e+00
3137 3105 1.000000000000000000e+00
3137 3137 1.000000000000000000e+00
3137 3138 1.000000000000000000e+00
3137 3201 1.000000000000000000e+00
3138 1091 1.000000000000000000e+00
3138 2626 1.000000000000000000e+00
3138 3106 1.000000000000000000e+00
3138 3137 1.000000000000000000e+00
3138 3140 1.000000000000000000e+00
3138 3202 1.000000000000000000e+00
3139 2627 1.000000000000000000e+00
3139 3107 1.000000000000000000e+00
3139 3139 1.000000000000000000e+00
3139 3141 1.000000000000000000e+00
3139 3203 1.000000000000000000e+00
3140 1093 1.000000000000000000e+00
3140 2628 1.000000000000000000e+00
3140 3108 1.000000000000000000e+00
3140 3138 1.000000000000000000e+00
3140 3144 1.000000000000000000e+00
3140 3204 1.000000000000000000e+00
3141 2629 1.000000000000000000e+00
3141 3109 1.000000000000000000e+00
3141 3139 1.000000000000000000e+00
3141 3142 1.000000000000000000e+00
3141 3145 1.000000000000000000e+00
3141 3205 1.000000000000000000e+00
3142 1095 1.000000000000000000e+00
3142 2630 1.000000000000000000e+00
3142 3110 1.000000000000000000e+00
3142 3141 1.000000000000000000e+00
3142 3146 1.000000000000000000e+00
3142 3206 1.000000000000000000e+00
3143 2631 1.000000000000000000e+00
3143 3111 1.000000000000000000e+00
3143 3143 1.000000000000000000e+00
3143 3147 1.000000000000000000e+00
3143 3207 1.000000000000000000e+00
3144 1097 1.000000000000000000e+00
3144 2632 1.000000000000000000e+00
3144 3112 1.000000000000000000e+00
3144 3140 1.000000000000000000e+00
3144 3152 1.000000000000000000e+00
3144 3208 1.000000000000000000e+00
3145 2633 1.000000000000000000e+00
3145 3113 1.000000000000000000e+00
3145 3141 1.000000000000000000e+00
3145 3146 1.000000000000000000e+00
3145 3153 1.000000000000000000e+00
3145 3209 1.000000000000000000e+00
3146 1099 1.000000000000000000e+00
3146 2634 1.000000000000000000e+00
3146 3114 1.000000000000000000e+00
3146 3142 1.000000000000000000e+00
3146 3145 1.000000000000000000e+00
3146 3146 -1.000000000000000000e+00
3146 3148 1.000000000000000000e+00
3146 3154 1.000000000000000000e+00
3146 3210 1.000000000000000000e+00
3147 2635 1.000000000000000000e+00
3147 3115 1.000000000000000000e+00
3147 3143 1.000000000000000000e+00
3147 3149 1.000000000000000000e+00
3147 3155 1.000000000000000000e+00
3147 3211 1.000000000000000000e+00
3148 1101 1.000000000000000000e+00
3148 2636 1.000000000000000000e+00
3148 3116 1.000000000000000000e+00
3148 3146 1.000000000000000000e+00
3148 3156 1.000000000000000000e+00
3148 3212 1.000000000000000000e+00
3149 2637 1.000000000000000000e+00
3149 3117 1.000000000000000000e+00
3149 3147 1.000000000000000000e+00
3149 3150 1.000000000000000000e+00
3149 3157 1.000000000000000000e+00
3149 3213 1.000000000000000000e+00
3150 1103 1.000000000000000000e+00
3150 2638 1.000000000000000000e+00
3150 3118 1.000000000000000000e+00
3150 3149 1.000000000000000000e+00
3150 3158 1.000000000000000000e+00
3150 3214 1.000000000000000000e+00
3151 2639 1.000000000000000000e+00
3151 3119 1.000000000000000000e+00
3151 3151 1.000000000000000000e+00
3151 3159 1.000000000000000000e+00
3151 3215 1.000000000000000000e+00
3152 1105 1.000000000000000000e+00
3152 2640 1.000000000000000000e+00
3152 3120 1.000000000000000000e+00
3152 3144 1.000000000000000000e+00
3152 3168 1.000000000000000000e+00
3152 3216 1.000000000000000000e+00
3153 2641 1.000000000000000000e+00
3153 3121 1.000000000000000000e+00
3153 3145 1.000000000000000000e+00
3153 3154 1.000000000000000000e+00
3153 3169 1.000000000000000000e+00
3153 3217 1.000000000000000000e+00
3154 1107 1.000000000000000000e+00
3154 2642 1.000000000000000000e+00
3154 3122 1.000000000000000000e+00
3154 3146 1.000000000000000000e+00
3154 3153 1.000000000000000000e+00
3154 3154 -1.000000000000000000e+00
3154 3156 1.000000000000000000e+00
3154 3170 1.000000000000000000e+00
3154 3218 1.000000000000000000e+00
3155 2643 1.000000000000000000e+00
3155 3123 1.000000000000000000e+00
3155 3147 1.000000000000000000e+00
3155 3157 1.000000000000000000e+00
3155 3171 1.000000000000000000e+00
3155 3219 1.000000000000000000e+00
3156 1109 1.000000000000000000e+00
3156 2644 1.000000000000000000e+00
3156 3124 1.000000000000000000e+00
3156 3148 1.000000000000000000e+00
3156 3154 1.000000000000000000e+00
3156 3156 -1.000000000000000000e+00
3156 3160 1.000000000000000000e+00
3156 3172 1.000000000000000000e+00
3156 3220 1.000000000000000000e+00
3157 2645 1.000000000000000000e+00
3157 3125 1.000000000000000000e+00
3157 3149 1.000000000000000000e+00
3157 3155 1.000000000000000000e+00
3157 3157 -1.000000000000000000e+00
3157 3158 1.000000000000000000e+00
3157 3161 1.000000000000000000e+00
3157 3173 1.000000000000000000e+00
3157 3221 1.000000000000000000e+00
3158 1111 1.000000000000000000e+00
3158 2646 1.000000000000000000e+00
3158 3126 1.000000000000000000e+00
3158 3150 1.000000000000000000e+00
3158 3157 1.000000000000000000e+00
3158 3158 -1.000000000000000000e+00
3158 3162 1.000000000000000000e+00
3158 3174 1.000000000000000000e+00
3158 3222 1.000000000000000000e+00
3159 2647 1.000000000000000000e+00
3159 3127 1.000000000000000000e+00
3159 3151 1.000000000000000000e+00
3159 3163 1.000000000000000000e+00
3159 3175 1.000000000000000000e+00
3159 3223 1.000000000000000000e+00
3160 1113 1.000000000000000000e+00
3160 2648 1.000000000000000000e+00
3160 3128 1.000000000000000000e+00
3160 3156 1.000000000000000000e+00
3160 3176 1.000000000000000000e+00
3160 3224 1.000000000000000000e+00
3161 2649 1.000000000000000000e+00
3161 3129 1.000000000000000000e+00
3161 3157 1.000000000000000000e+00
3161 3162 1.000000000000000000e+00
3161 3177 1.000000000000000000e+00
3161 3225 1.000000000000000000e+00
3162 1115 1.000000000000000000e+00
3162 2650 1.000000000000000000e+00
3162 3130 1.000000000000000000e+00
3162 3158 1.000000000000000000e+00
3162 3161 1.000000000000000000e+00
3162 3162 -1.000000000000000000e+00
3162 3164 1.000000000000000000e+00
3162 3178 1.000000000000000000e+00
3162 3226 1.000000000000000000e+00
3163 2651 1.000000000000000000e+00
3163 3131 1.000000000000000000e+00
3163 3159 1.000000000000000000e+00
3163 3165 1.000000000000000000e+00
3163 3179 1.000000000000000000e+00
3163 3227 1.000000000000000000e+00
3164 1117 1.000000000000000000e+00
3164 2652 1.000000000000000000e+00
3164 3132 1.000000000000000000e+00
3164 3162 1.000000000000000000e+00
3164 3180 1.000000000000000000e+00
3164 3228 1.000000000000000000e+00
3165 2653 1.000000000000000000e+00
3165 3133 1.000000000000000000e+00
3165 3163 1.000000000000000000e+00
3165 3166 1.000000000000000000e+00
3165 3181 1.000000000000000000e+00
3165 3229 1.000000000000000000e+00
3166 1119 1.000000000000000000e+00
3166 2654 1.000000000000000000e+00
3166 3134 1.000000000000000000e+00
3166 3165 1.000000000000000000e+00
3166 3182 1.000000000000000000e+00
3166 3230 1.000000000000000000e+00
3167 2655 1.000000000000000000e+00
3167 3135 1.000000000000000000e+00
3167 3167 1.000000000000000000e+00
3167 3183 1.000000000000000000e+00
3167 3231 1.000000000000000000e+00
3168 1121 1.000000000000000000e+00
3168 2656 1.000000000000000000e+00
3168 3152 1.000000000000000000e+00
3168 3168 1.000000000000000000e+00
3168 3232 1.000000000000000000e+00
3169 2657 1.000000000000000000e+00
3169 3153 1.000000000000000000e+00
3169 3169 1.000000000000000000e+00
3169 3170 1.000000000000000000e+00
3169 3233 1.000000000000000000e+00
3170 1123 1.000000000000000000e+00
3170 2658 1.000000000000000000e+00
3170 3154 1.000000000000000000e+00
3170 3169 1.000000000000000000e+00
3170 3172 1.000000000000000000e+00
3170 3234 1.000000000000000000e+00
3171 2659 1.000000000000000000e+00
3171 3155 1.000000000000000000e+00
3171 3171 1.000000000000000000e+00
3171 3173 1.000000000000000000e+00
3171 3235 1.000000000000000000e+00
3172 1125 1.000000000000000000e+00
3172 2660 1.000000000000000000e+00
3172 3156 1.000000000000000000e+00
3172 3170 1.000000000000000000e+00
3172 3176 1.000000000000000000e+00
3172 3236 1.000000000000000000e+00
3173 2661 1.000000000000000000e+00
3173 3157 1.000000000000000000e+00
3173 3171 1.000000000000000000e+00
3173 3174 1.000000000000000000e+00
3173 3177 1.000000000000000000e+00
3173 3237 1.000000000000000000e+00
3174 1127 1.000000000000000000e+00
3174 2662 1.000000000000000000e+00
3174 3158 1.000000000000000000e+00
3174 3173 1.000000000000000000e+00
3174 3178 1.000000000000000000e+00
3174 3238 1.000000000000000000e+00
3175 2663 1.000000000000000000e+00
3175 3159 1.000000000000000000e+00
3175 3175 1.000000000000000000e+00
3175 3179 1.000000000000000000e+00
3175 3239 1.000000000000000000e+00
3176 1129 1.000000000000000000e+00
3176 2664 1.000000000000000000e+00
3176 3160 1.000000000000000000e+00
3176 3172 1.000000000000000000e+00
3176 3184 1.000000000000000000e+00
3176 3240 1.000000000000000000e+00
3177 2665 1.000000000000000000e+00
3177 3161 1.000000000000000000e+00
3177 3173 1.000000000000000000e+00
3177 3178 1.000000000000000000e+00
3177 3185 1.000000000000000000e+00
3177 3241 1.000000000000000000e+00
3178 1131 1.000000000000000000e+00
3178 2666 1.000000000000000000e+00
3178 3162 1.000000000000000000e+00
3178 3174 1.000000000000000000e+00
3178 3177 1.000000000000000000e+00
3178 3178 -1.000000000000000000e+00
3178 3180 1.000000000000000000e+00
3178 3186 1.000000000000000000e+00
3178 3242 1.000000000000000000e+00
3179 2667 1.000000000000000000e+00
3179 3163 1.000000000000000000e+00
3179 3175 1.000000000000000000e+00
3179 3181 1.000000000000000000e+00
3179 3187 1.000000000000000000e+00
3179 3243 1.000000000000000000e+00
3180 1133 1.000000000000000000e+00
3180 2668 1.000000000000000000e+00
3180 3164 1.000000000000000000e+00
3180 3178 1.000000000000000000e+00
3180 3188 1.000000000000000000e+00
3180 3244 1.000000000000000000e+00
3181 2669 1.000000000000000000e+00
3181 3165 1.000000000000000000e+00
3181 3179 1.000000000000000000e+00
3181 3182 1.000000000000000000e+00
3181 3189 1.000000000000000000e+00
3181 3245 1.000000000000000000e+00
3182 1135 1.000000000000000000e+00
3182 2670 1.000000000000000000e+00
3182 3166 1.000000000000000000e+00
3182 3181 1.000000000000000000e+00
3182 3190 1.000000000000000000e+00
3182 3246 1.000000000000000000e+00
3183 2671 1.000000000000000000e+00
3183 3167 1.000000000000000000e+00
3183 3183 1.000000000000000000e+00
3183 3191 1.000000000000000000e+00
3183 3247 1.000000000000000000e+00
3184 1137 1.000000000000000000e+00
3184 2672 1.000000000000000000e+00
3184 3176 1.000000000000000000e+00
3184 3184 1.000000000000000000e+00
3184 3248 1.000000000000000000e+00
3185 2673 1.000000000000000000e+00
3185 3177 1.000000000000000000e+00
3185 3185 1.000000000000000000e+00
3185 3186 1.000000000000000000e+00
3185 3249 1.000000000000000000e+00
3186 1139 1.000000000000000000e+00
3186 2674 1.000000000000000000e+00
3186 3178 1.000000000000000000e+00
3186 3185 1.000000000000000000e+00
3186 3188 1.000000000000000000e+00
3186 3250 1.000000000000000000e+00
3187 2675 1.000000000000000000e+00
3187 3179 1.000000000000000000e+00
3187 3187 1.000000000000000000e+00
3187 3189 1.000000000000000000e+00
3187 3251 1.000000000000000000e+00
3188 1141 1.000000000000000000e+00
3188 2676 1.000000000000000000e+00
3188 3180 1.000000000000000000e+00
3188 3186 1.000000000000000000e+00
3188 3192 1.000000000000000000e+00
3188 3252 1.000000000000000000e+00
3189 2677 1.000000000000000000e+00
3189 3181 1.000000000000000000e+00
3189 3187 1.000000000000000000e+00
3189 3190 1.000000000000000000e+00
3189 3193 1.000000000000000000e+00
3189 3253 1.000000000000000000e+00
3190 1143 1.000000000000000000e+00
3190 2678 1.000000000000000000e+00
3190 3182 1.000000000000000000e+00
3190 3189 1.000000000000000000e+00
3190 3194 1.000000000000000000e+00
3190 3254 1.000000000000000000e+00
3191 2679 1.000000000000000000e+00
3191 3183 1.000000000000000000e+00
3191 3191 1.000000000000000000e+00
3191 3195 1.000000000000000000e+00
3191 3255 1.000000000000000000e+00
3192 1145 1.000000000000000000e+00
3192 2680 1.000000000000000000e+00
3192 3188 1.000000000000000000e+00
3192 3192 1.000000000000000000e+00
3192 3256 1.000000000000000000e+00
3193 2681 1.000000000000000000e+00
3193 3189 1.000000000000000000e+00
3193 3193 1.000000000000000000e+00
3193 3194 1.000000000000000000e+00
3193 3257 1.000000000000000000e+00
3194 1147 1.000000000000000000e+00
3194 2682 1.000000000000000000e+00
3194 3190 1.000000000000000000e+00
3194 3193 1.000000000000000000e+00
3194 3196 1.000000000000000000e+00
3194 3258 1.000000000000000000e+00
3195 2683 1.000000000000000000e+00
3195 3191 1.000000000000000000e+00
3195 3195 1.000000000000000000e+00
3195 3197 1.000000000000000000e+00
3195 3259 1.000000000000000000e+00
3196 1149 1.000000000000000000e+00
3196 2684 1.000000000000000000e+00
3196 3194 1.000000000000000000e+00
3196 3196 1.000000000000000000e+00
3196 3260 1.000000000000000000e+00
3197 2685 1.000000000000000000e+00
3197 3195 1.000000000000000000e+00
3197 3197 1.000000000000000000e+00
3197 3198 1.000000000000000000e+00
3197 3261 1.000000000000000000e+00
3198 1151 1.000000000000000000e+00
3198 2686 1.000000000000000000e+00
3198 3197 1.000000000000000000e+00
3198 3198 1.000000000000000000e+00
3198 3262 1.000000000000000000e+00
3199 2687 1.000000000000000000e+00
3199 3199 2.000000000000000000e+00
3199 3263 1.000000000000000000e+00
3200 1153 1.000000000000000000e+00
3200 2688 1.000000000000000000e+00
3200 3136 1.000000000000000000e+00
3200 3200 1.000000000000000000e+00
3200 3328 1.000000000000000000e+00
3201 2689 1.000000000000000000e+00
3201 3137 1.000000000000000000e+00
3201 3201 1.000000000000000000e+00
3201 3202 1.000000000000000000e+00
3201 3329 1.000000000000000000e+00
3202 1155 1.000000000000000000e+00
3202 2690 1.000000000000000000e+00
3202 3138 1.000000000000000000e+00
3202 3201 1.000000000000000000e+00
3202 3204 1.000000000000000000e+00
3202 3330 1.000000000000000000e+00
3203 2691 1.000000000000000000e+00
3203 3139 1.000000000000000000e+00
3203 3203 1.000000000000000000e+00
3203 3205 1.000000000000000000e+00
3203 3331 1.000000000000000000e+00
3204 1157 1.000000000000000000e+00
3204 2692 1.000000000000000000e+00
3204 3140 1.000000000000000000e+00
3204 3202 1.000000000000000000e+00
3204 3208 1.000000000000000000e+00
3204 3332 1.000000000000000000e+00
3205 2693 1.000000000000000000e+00
3205 3141 1.000000000000000000e+00
3205 3203 1.000000000000000000e+00
3205 3206 1.000000000000000000e+00
3205 3209 1.000000000000000000e+00
3205 3333 1.000000000000000000e+00
3206 1159 1.000000000000000000e+00
3206 2694 1.000000000000000000e+00
3206 3142 1.000000000000000000e+00
3206 3205 1.000000000000000000e+00
3206 3210 1.000000000000000000e+00
3206 3334 1.000000000000000000e+00
3207 2695 1.000000000000000000e+00
3207 3143 1.000000000000000000e+00
3207 3207 1.000000000000000000e+00
3207 3211 1.000000000000000000e+00
3207 3335 1.000000000000000000e+00
3208 1161 1.000000000000000000e+00
3208 2696 1.000000000000000000e+00
3208 3144 1.000000000000000000e+00
3208 3204 1.000000000000000000e+00
3208 3216 1.000000000000000000e+00
3208 3336 1.000000000000000000e+00
3209 2697 1.000000000000000000e+00
3209 3145 1.000000000000000000e+00
3209 3205 1.000000000000000000e+00
3209 3210 1.000000000000000000e+00
3209 3217 1.000000000000000000e+00
3209 3337 1.000000000000000000e+00
3210 1163 1.000000000000000000e+00
3210 2698 1.000000000000000000e+00
3210 3146 1.000000000000000000e+00
3210 3206 1.000000000000000000e+00
3210 3209 1.000000000000000000e+00
3210 3210 -1.000000000000000000e+00
3210 3212 1.000000000000000000e+00
3210 3218 1.000000000000000000e+00
3210 3338 1.000000000000000000e+00
3211 2699 1.000000000000000000e+00
3211 3147 1.000000000000000000e+00
3211 3207 1.000000000000000000e+00
3211 3213 1.000000000000000000e+00
3211 3219 1.000000000000000000e+00
3211 3339 1.000000000000000000e+00
3212 1165 1.000000000000000000e+00
3212 2700 1.000000000000000000e+00
3212 3148 1.000000000000000000e+00
3212 3210 1.000000000000000000e+00
3212 3220 1.000000000000000000e+00
3212 3340 1.000000000000000000e+00
3213 2701 1.000000000000000000e+00
3213 3149 1.000000000000000000e+00
3213 3211 1.000000000000000000e+00
3213 3214 1.000000000000000000e+00
3213 3221 1.000000000000000000e+00
3213 3341 1.000000000000000000e+00
3214 1167 1.000000000000000000e+00
3214 2702 1.000000000000000000e+00
3214 3150 1.000000000000000000e+00
3214 3213 1.000000000000000000e+00
3214 3222 1.000000000000000000e+00
3214 3342 1.000000000000000000e+00
3215 2703 1.000000000000000000e+00
3215 3151 1.000000000000000000e+00
3215 3215 1.000000000000000000e+00
3215 3223 1.000000000000000000e+00
3215 3343 1.000000000000000000e+00
3216 1169 1.000000000000000000e+00
3216 2704 1.000000000000000000e+00
3216 3152 1.000000000000000000e+00
3216 3208 1.000000000000000000e+00
3216 3232 1.000000000000000000e+00
3216 3344 1.000000000000000000e+00
3217 2705 1.000000000000000000e+00
3217 3153 1.000000000000000000e+00
3217 3209 1.000000000000000000e+00
3217 3218 1.000000000000000000e+00
3217 3233 1.000000000000000000e+00
3217 3345 1.000000000000000000e+00
3218 1171 1.000000000000000000e+00
3218 2706 1.000000000000000000e+00
3218 3154 1.000000000000000000e+00
3218 3210 1.000000000000000000e+00
3218 3217 1.000000000000000000e+00
3218 3218 -1.000000000000000000e+00
3218 3220 1.000000000000000000e+00
3218 3234 1.000000000000000000e+00
3218 3346 1.000000000000000000e+00
3219 2707 1.000000000000000000e+00
3219 3155 1.000000000000000000e+00
3219 3211 1.000000000000000000e+00
3219 3221 1.000000000000000000e+00
3219 3235 1.000000000000000000e+00
3219 3347 1.000000000000000000e+00
3220 1173 1.000000000000000000e+00
3220 2708 1.000000000000000000e+00
3220 3156 1.000000000000000000e+00
3220 3212 1.000000000000000000e+00
3220 3218 1.000000000000000000e+00
3220 3220 -1.000000000000000000e+00
3220 3224 1.000000000000000000e+00
3220 3236 1.000000000000000000e+00
3220 3348 1.000000000000000000e+00
3221 2709 1.000000000000000000e+00
3221 3157 1.000000000000000000e+00
3221 3213 1.000000000000000000e+00
3221 3219 1.000000000000000000e+00
3221 3221 -1.000000000000000000e+00
3221 3222 1.000000000000000000e+00
3221 3225 1.000000000000000000e+00
3221 3237 1.000000000000000000e+00
3221 3349 1.000000000000000000e+00
3222 1175 1.000000000000000000e+00
3222 2710 1.000000000000000000e+00
3222 3158 1.000000000000000000e+00
3222 3214 1.000000000000000000e+00
3222 3221 1.000000000000000000e+00
3222 3222 -1.000000000000000000e+00
3222 3226 1.000000000000000000e+00
3222 3238 1.000000000000000000e+00
3222 3350 1.000000000000000000e+00
3223 2711 1.000000000000000000e+00
3223 3159 1.000000000000000000e+00
3223 3215 1.000000000000000000e+00
3223 3227 1.000000000000000000e+00
3223 3239 1.000000000000000000e+00
3223 3351 1.000000000000000000e+00
3224 1177 1.000000000000000000e+00
3224 2712 1.000000000000000000e+00
3224 3160 1.000000000000000000e+00
3224 3220 1.000000000000000000e+00
3224 3240 1.000000000000000000e+00
3224 3352 1.000000000000000000e+00
3225 2713 1.000000000000000000e+00
3225 3161 1.000000000000000000e+00
3225 3221 1.000000000000000000e+00
3225 3226 1.000000000000000000e+00
3225 3241 1.000000000000000000e+00
3225 3353 1.000000000000000000e+00
3226 1179 1.000000000000000000e+00
3226 2714 1.000000000000000000e+00
3226 3162 1.000000000000000000e+00
3226 3222 1.000000000000000000e+00
3226 3225 1.000000000000000000e+00
3226 3226 -1.000000000000000000e+00
3226 3228 1.000000000000000000e+00
3226 3242 1.000000000000000000e+00
3226 3354 1.000000000000000000e+00
3227 2715 1.000000000000000000e+00
3227 3163 1.000000000000000000e+00
3227 3223 1.000000000000000000e+00
3227 3229 1.000000000000000000e+00
3227 3243 1.000000000000000000e+00
3227 3355 1.000000000000000000e+00
3228 1181 1.000000000000000000e+00
3228 2716 1.000000000000000000e+00
3228 3164 1.000000000000000000e+00
3228 3226 1.000000000000000000e+00
3228 3244 1.000000000000000000e+00
3228 3356 1.000000000000000000e+00
3229 2717 1.000000000000000000e+00
3229 3165 1.000000000000000000e+00
3229 3227 1.000000000000000000e+00
3229 3230 1.000000000000000000e+00
3229 3245 1.000000000000000000e+00
3229 3357 1.000000000000000000e+00
3230 1183 1.000000000000000000e+00
3230 2718 1.000000000000000000e+00
3230 3166 1.000000000000000000e+00
3230 3229 1.000000000000000000e+00
3230 3246 1.000000000000000000e+00
3230 3358 1.000000000000000000e+00
3231 2719 1.000000000000000000e+00
3231 3167 1.000000000000000000e+00
3231 3231 1.000000000000000000e+00
3231 3247 1.000000000000000000e+00
3231 3359 1.000000000000000000e+00
3232 1185 1.000000000000000000e+00
3232 2720 1.000000000000000000e+00
3232 3168 1.000000000000000000e+00
3232 3216 1.000000000000000000e+00
3232 3264 1.000000000000000000e+00
3232 3360 1.000000000000000000e+00
3233 2721 1.000000000000000000e+00
3233 3169 1.000000000000000000e+00
3233 3217 1.000000000000000000e+00
3233 3234 1.000000000000000000e+00
3233 3265 1.000000000000000000e+00
3233 3361 1.000000000000000000e+00
3234 1187 1.000000000000000000e+00
3234 2722 1.000000000000000000e+00
3234 3170 1.000000000000000000e+00
3234 3218 1.000000000000000000e+00
3234 3233 1.000000000000000000e+00
3234 3234 -1.000000000000000000e+00
3234 3236 1.000000000000000000e+00
3234 3266 1.000000000000000000e+00
3234 3362 1.000000000000000000e+00
3235 2723 1.000000000000000000e+00
3235 3171 1.000000000000000000e+00
3235 3219 1.000000000000000000e+00
3235 3237 1.000000000000000000e+00
3235 3267 1.000000000000000000e+00
3235 3363 1.000000000000000000e+00
3236 1189 1.000000000000000000e+00
3236 2724 1.000000000000000000e+00
3236 3172 1.000000000000000000e+00
3236 3220 1.000000000000000000e+00
3236 3234 1.000000000000000000e+00
3236 3236 -1.000000000000000000e+00
3236 3240 1.000000000000000000e+00
3236 3268 1.000000000000000000e+00
3236 3364 1.000000000000000000e+00
3237 2725 1.000000000000000000e+00
3237 3173 1.000000000000000000e+00
3237 3221 1.000000000000000000e+00
3237 3235 1.000000000000000000e+00
3237 3237 -1.000000000000000000e+00
3237 3238 1.000000000000000000e+00
3237 3241 1.000000000000000000e+00
3237 3269 1.000000000000000000e+00
3237 3365 1.000000000000000000e+00
3238 1191 1.000000000000000000e+00
3238 2726 1.000000000000000000e+00
3238 3174 1.000000000000000000e+00
3238 3222 1.000000000000000000e+00
3238 3237 1.000000000000000000e+00
3238 3238 -1.000000000000000000e+00
3238 3242 1.000000000000000000e+00
3238 3270 1.000000000000000000e+00
3238 3366 1.000000000000000000e+00
3239 2727 1.000000000000000000e+00
3239 3175 1.000000000000000000e+00
3239 3223 1.000000000000000000e+00
3239 3243 1.000000000000000000e+00
3239 3271 1.000000000000000000e+00
3239 3367 1.000000000000000000e+00
3240 1193 1.000000000000000000e+00
3240 2728 1.000000000000000000e+00
3240 3176 1.000000000000000000e+00
3240 3224 1.000000000000000000e+00
3240 3236 1.000000000000000000e+00
3240 3240 -1.000000000000000000e+00
3240 3248 1.000000000000000000e+00
3240 3272 1.000000000000000000e+00
3240 3368 1.000000000000000000e+00
3241 2729 1.000000000000000000e+00
3241 3177 1.000000000000000000e+00
3241 3225 1.000000000000000000e+00
3241 3237 1.000000000000000000e+00
3241 3241 -1.000000000000000000e+00
3241 3242 1.000000000000000000e+00
3241 3249 1.000000000000000000e+00
3241 3273 1.000000000000000000e+00
3241 3369 1.000000000000000000e+00
3242 1195 1.000000000000000000e+00
3242 2730 1.000000000000000000e+00
3242 3178 1.000000000000000000e+00
3242 3226 1.000000000000000000e+00
3242 3238 1.000000000000000000e+00
3242 3241 1.000000000000000000e+00
3242 3242 -2.000000000000000000e+00
3242 3244 1.000000000000000000e+00
3242 3250 1.000000000000000000e+00
3242 3274 1.000000000000000000e+00
3242 3370 1.000000000000000000e+00
3243 2731 1.000000000000000000e+00
3243 3179 1.000000000000000000e+00
3243 3227 1.000000000000000000e+00
3243 3239 1.000000000000000000e+00
3243 3243 -1.000000000000000000e+00
3243 3245 1.000000000000000000e+00
3243 3251 1.000000000000000000e+00
3243 3275 1.000000000000000000e+00
3243 3371 1.000000000000000000e+00
3244 1197 1.000000000000000000e+00
3244 2732 1.000000000000000000e+00
3244 3180 1.000000000000000000e+00
3244 3228 1.000000000000000000e+00
3244 3242 1.000000000000000000e+00
3244 3244 -1.000000000000000000e+00
3244 3252 1.000000000000000000e+00
3244 3276 1.000000000000000000e+00
3244 3372 1.000000000000000000e+00
3245 2733 1.000000000000000000e+00
3245 3181 1.000000000000000000e+00
3245 3229 1.000000000000000000e+00
3245 3243 1.000000000000000000e+00
3245 3245 -1.000000000000000000e+00
3245 3246 1.000000000000000000e+00
3245 3253 1.000000000000000000e+00
3245 3277 1.000000000000000000e+00
3245 3373 1.000000000000000000e+00
3246 1199 1.000000000000000000e+00
3246 2734 1.000000000000000000e+00
3246 3182 1.000000000000000000e+00
3246 3230 1.000000000000000000e+00
3246 3245 1.000000000000000000e+00
3246 3246 -1.000000000000000000e+00
3246 3254 1.000000000000000000e+00
3246 3278 1.000000000000000000e+00
3246 3374 1.000000000000000000e+00
3247 2735 1.000000000000000000e+00
3247 3183 1.000000000000000000e+00
3247 3231 1.000000000000000000e+00
3247 3255 1.000000000000000000e+00
3247 3279 1.000000000000000000e+00
3247 3375 1.000000000000000000e+00
3248 1201 1.000000000000000000e+00
3248 2736 1.000000000000000000e+00
3248 3184 1.000000000000000000e+00
3248 3240 1.000000000000000000e+00
3248 3280 1.000000000000000000e+00
3248 3376 1.000000000000000000e+00
3249 2737 1.000000000000000000e+00
3249 3185 1.000000000000000000e+00
3249 3241 1.000000000000000000e+00
3249 3250 1.000000000000000000e+00
3249 3281 1.000000000000000000e+00
3249 3377 1.000000000000000000e+00
3250 1203 1.000000000000000000e+00
3250 2738 1.000000000000000000e+00
3250 3186 1.000000000000000000e+00
3250 3242 1.000000000000000000e+00
3250 3249 1.000000000000000000e+00
3250 3250 -1.000000000000000000e+00
3250 3252 1.000000000000000000e+00
3250 3282 1.000000000000000000e+00
3250 3378 1.000000000000000000e+00
3251 2739 1.000000000000000000e+00
3251 3187 1.000000000000000000e+00
3251 3243 1.000000000000000000e+00
3251 3253 1.000000000000000000e+00
3251 3283 1.000000000000000000e+00
3251 3379 1.000000000000000000e+00
3252 1205 1.000000000000000000e+00
3252 2740 1.000000000000000000e+00
3252 3188 1.000000000000000000e+00
3252 3244 1.000000000000000000e+00
3252 3250 1.000000000000000000e+00
3252 3252 -1.000000000000000000e+00
3252 3256 1.000000000000000000e+00
3252 3284 1.000000000000000000e+00
3252 3380 1.000000000000000000e+00
3253 2741 1.000000000000000000e+00
3253 3189 1.000000000000000000e+00
3253 3245 1.000000000000000000e+00
3253 3251 1.000000000000000000e+00
3253 3253 -1.000000000000000000e+00
3253 3254 1.000000000000000000e+00
3253 3257 1.000000000000000000e+00
3253 3285 1.000000000000000000e+00
3253 3381 1.000000000000000000e+00
3254 1207 1.000000000000000000e+00
3254 2742 1.000000000000000000e+00
3254 3190 1.000000000000000000e+00
3254 3246 1.000000000000000000e+00
3254 3253 1.000000000000000000e+00
3254 3254 -1.000000000000000000e+00
3254 3258 1.000000000000000000e+00
3254 3286 1.000000000000000000e+00
3254 3382 1.000000000000000000e+00
3255 2743 1.000000000000000000e+00
3255 3191 1.000000000000000000e+00
3255 3247 1.000000000000000000e+00
3255 3259 1.000000000000000000e+00
3255 3287 1.000000000000000000e+00
3255 3383 1.000000000000000000e+00
3256 1209 1.000000000000000000e+00
3256 2744 1.000000000000000000e+00
3256 3192 1.000000000000000000e+00
3256 3252 1.000000000000000000e+00
3256 3288 1.000000000000000000e+00
3256 3384 1.000000000000000000e+00
3257 2745 1.000000000000000000e+00
3257 3193 1.000000000000000000e+00
3257 3253 1.000000000000000000e+00
3257 3258 1.000000000000000000e+00
3257 3289 1.000000000000000000e+00
3257 3385 1.000000000000000000e+00
3258 1211 1.000000000000000000e+00
3258 2746 1.000000000000000000e+00
3258 3194 1.000000000000000000e+00
3258 3254 1.000000000000000000e+00
3258 3257 1.000000000000000000e+00
3258 3258 -1.000000000000000000e+00
3258 3260 1.000000000000000000e+00
3258 3290 1.000000000000000000e+00
3258 3386 1.000000000000000000e+00
3259 2747 1.000000000000000000e+00
3259 3195 1.000000000000000000e+00
3259 3255 1.000000000000000000e+00
3259 3261 1.000000000000000000e+00
3259 3291 1.000000000000000000e+00
3259 3387 1.000000000000000000e+00
3260 1213 1.000000000000000000e+00
3260 2748 1.000000000000000000e+00
3260 3196 1.000000000000000000e+00
3260 3258 1.000000000000000000e+00
3260 3292 1.000000000000000000e+00
3260 3388 1.000000000000000000e+00
3261 2749 1.000000000000000000e+00
3261 3197 1.000000000000000000e+00
3261 3259 1.000000000000000000e+00
3261 3262 1.000000000000000000e+00
3261 3293 1.000000000000000000e+00
3261 3389 1.000000000000000000e+00
3262 1215 1.000000000000000000e+00
3262 2750 1.000000000000000000e+00
3262 3198 1.000000000000000000e+00
3262 3261 1.000000000000000000e+00
3262 3294 1.000000000000000000e+00
3262 3390 1.000000000000000000e+00
3263 2751 1.000000000000000000e+00
3263 3199 1.000000000000000000e+00
3263 3263 1.000000000000000000e+00
3263 3295 1.000000000000000000e+00
3263 3391 1.000000000000000000e+00
3264 1217 1.000000000000000000e+00
3264 2752 1.000000000000000000e+00
3264 3232 1.000000000000000000e+00
3264 3264 1.000000000000000000e+00
3264 3392 1.000000000000000000e+00
3265 2753 1.000000000000000000e+00
3265 3233 1.000000000000000000e+00
3265 3265 1.000000000000000000e+00
3265 3266 1.000000000000000000e+00
3265 3393 1.000000000000000000e+00
3266 1219 1.000000000000000000e+00
3266 2754 1.000000000000000000e+00
3266 3234 1.000000000000000000e+00
3266 3265 1.000000000000000000e+00
3266 3268 1.000000000000000000e+00
3266 3394 1.000000000000000000e+00
3267 2755 1.000000000000000000e+00
3267 3235 1.000000000000000000e+00
3267 3267 1.000000000000000000e+00
3267 3269 1.000000000000000000e+00
3267 3395 1.000000000000000000e+00
3268 1221 1.000000000000000000e+00
3268 2756 1.000000000000000000e+00
3268 3236 1.000000000000000000e+00
3268 3266 1.000000000000000000e+00
3268 3272 1.000000000000000000e+00
3268 3396 1.000000000000000000e+00
3269 2757 1.000000000000000000e+00
3269 3237 1.000000000000000000e+00
3269 3267 1.000000000000000000e+00
3269 3270 1.000000000000000000e+00
3269 3273 1.000000000000000000e+00
3269 3397 1.000000000000000000e+00
3270 1223 1.000000000000000000e+00
3270 2758 1.000000000000000000e+00
3270 3238 1.000000000000000000e+00
3270 3269 1.000000000000000000e+00
3270 3274 1.000000000000000000e+00
3270 3398 1.000000000000000000e+00
3271 2759 1.000000000000000000e+00
3271 3239 1.000000000000000000e+00
3271 3271 1.000000000000000000e+00
3271 3275 1.000000000000000000e+00
3271 3399 1.000000000000000000e+00
3272 1225 1.000000000000000000e+00
3272 2760 1.000000000000000000e+00
3272 3240 1.000000000000000000e+00
3272 3268 1.000000000000000000e+00
3272 3280 1.000000000000000000e+00
3272 3400 1.000000000000000000e+00
3273 2761 1.000000000000000000e+00
3273 3241 1.000000000000000000e+00
3273 3269 1.000000000000000000e+00
3273 3274 1.000000000000000000e+00
3273 3281 1.000000000000000000e+00
3273 3401 1.000000000000000000e+00
3274 1227 1.000000000000000000e+00
3274 2762 1.000000000000000000e+00
3274 3242 1.000000000000000000e+00
3274 3270 1.000000000000000000e+00
3274 3273 1.000000000000000000e+00
3274 3274 -1.000000000000000000e+00
3274 3276 1.000000000000000000e+00
3274 3282 1.000000000000000000e+00
3274 3402 1.000000000000000000e+00
3275 2763 1.000000000000000000e+00
3275 3243 1.000000000000000000e+00
3275 3271 1.000000000000000000e+00
3275 3277 1.000000000000000000e+00
3275 3283 1.000000000000000000e+00
3275 3403 1.000000000000000000e+00
3276 1229 1.000000000000000000e+00
3276 2764 1.000000000000000000e+00
3276 3244 1.000000000000000000e+00
3276 3274 1.000000000000000000e+00
3276 3284 1.000000000000000000e+00
3276 3404 1.000000000000000000e+00
3277 2765 1.000000000000000000e+00
3277 3245 1.000000000000000000e+00
3277 3275 1.000000000000000000e+00
3277 3278 1.000000000000000000e+00
3277 3285 1.000000000000000000e+00
3277 3405 1.000000000000000000e+00
3278 1231 1.000000000000000000e+00
3278 2766 1.000000000000000000e+00
3278 3246 1.000000000000000000e+00
3278 3277 1.000000000000000000e+00
3278 3286 1.000000000000000000e+00
3278 3406 1.000000000000000000e+00
3279 2767 1.000000000000000000e+00
3279 3247 1.000000000000000000e+00
3279 3279 1.000000000000000000e+00
3279 3287 1.000000000000000000e+00
3279 3407 1.000000000000000000e+00
3280 1233 1.000000000000000000e+00
3280 2768 1.000000000000000000e+00
3280 3248 1.000000000000000000e+00
3280 3272 1.000000000000000000e+00
3280 3296 1.000000000000000000e+00
3280 3408 1.000000000000000000e+00
3281 2769 1.000000000000000000e+00
3281 3249 1.000000000000000000e+00
3281 3273 1.000000000000000000e+00
3281 3282 1.000000000000000000e+00
3281 3297 1.000000000000000000e+00
3281 3409 1.000000000000000000e+00
3282 1235 1.000000000000000000e+00
3282 2770 1.000000000000000000e+00
3282 3250 1.000000000000000000e+00
3282 3274 1.000000000000000000e+00
3282 3281 1.000000000000000000e+00
3282 3282 -1.000000000000000000e+00
3282 3284 1.000000000000000000e+00
3282 3298 1.000000000000000000e+00
3282 3410 1.000000000000000000e+00
3283 2771 1.000000000000000000e+00
3283 3251 1.000000000000000000e+00
3283 3275 1.000000000000000000e+00
3283 3285 1.000000000000000000e+00
3283 3299 1.000000000000000000e+00
3283 3411 1.000000000000000000e+00
3284 1237 1.000000000000000000e+00
3284 2772 1.000000000000000000e+00
3284 3252 1.000000000000000000e+00
3284 3276 1.000000000000000000e+00
3284 3282 1.000000000000000000e+00
3284 3284 -1.000000000000000000e+00
3284 3288 1.000000000000000000e+00
3284 3300 1.000000000000000000e+00
3284 3412 1.000000000000000000e+00
3285 2773 1.000000000000000000e+00
3285 3253 1.000000000000000000e+00
3285 3277 1.000000000000000000e+00
3285 3283 1.000000000000000000e+00
3285 3285 -1.000000000000000000e+00
3285 3286 1.000000000000000000e+00
3285 3289 1.000000000000000000e+00
3285 3301 1.000000000000000000e+00
3285 3413 1.000000000000000000e+00
3286 1239 1.000000000000000000e+00
3286 2774 1.000000000000000000e+00
3286 3254 1.000000000000000000e+00
3286 3278 1.000000000000000000e+00
3286 3285 1.000000000000000000e+00
3286 3286 -1.000000000000000000e+00
3286 3290 1.000000000000000000e+00
3286 3302 1.000000000000000000e+00
3286 3414 1.000000000000000000e+00
3287 2775 1.000000000000000000e+00
3287 3255 1.000000000000000000e+00
3287 3279 1.000000000000000000e+00
3287 3291 1.000000000000000000e+00
3287 3303 1.000000000000000000e+00
3287 3415 1.000000000000000000e+00
3288 1241 1.000000000000000000e+00
3288 2776 1.000000000000000000e+00
3288 3256 1.000000000000000000e+00
3288 3284 1.000000000000000000e+00
3288 3304 1.000000000000000000e+00
3288 3416 1.000000000000000000e+00
3289 2777 1.000000000000000000e+00
3289 3257 1.000000000000000000e+00
3289 3285 1.000000000000000000e+00
3289 3290 1.000000000000000000e+00
3289 3305 1.000000000000000000e+00
3289 3417 1.000000000000000000e+00
3290 1243 1.000000000000000000e+00
3290 2778 1.000000000000000000e+00
3290 3258 1.000000000000000000e+00
3290 3286 1.000000000000000000e+00
3290 3289 1.000000000000000000e+00
3290 3290 -1.000000000000000000e+00
3290 3292 1.000000000000000000e+00
3290 3306 1.000000000000000000e+00
3290 3418 1.000000000000000000e+00
3291 2779 1.000000000000000000e+00
3291 3259 1.000000000000000000e+00
3291 3287 1.000000000000000000e+00
3291 3293 1.000000000000000000e+00
3291 3307 1.000000000000000000e+00
3291 3419 1.000000000000000000e+00
3292 1245 1.000000000000000000e+00
3292 2780 1.000000000000000000e+00
3292 3260 1.000000000000000000e+00
3292 3290 1.000000000000000000e+00
3292 3308 1.000000000000000000e+00
3292 3420 1.000000000000000000e+00
3293 2781 1.000000000000000000e+00
3293 3261 1.000000000000000000e+00
3293 3291 1.000000000000000000e+00
3293 3294 1.000000000000000000e+00
3293 3309 1.000000000000000000e+00
3293 3421 1.000000000000000000e+00
3294 1247 1.000000000000000000e+00
3294 2782 1.000000000000000000e+00
3294 3262 1.000000000000000000e+00
3294 3293 1.000000000000000000e+00
3294 3310 1.000000000000000000e+00
3294 3422 1.000000000000000000e+00
3295 2783 1.000000000000000000e+00
3295 3263 1.000000000000000000e+00
3295 3295 1.000000000000000000e+00
3295 3311 1.000000000000000000e+00
3295 3423 1.000000000000000000e+00
3296 1249 1.000000000000000000e+00
3296 2784 1.000000000000000000e+00
3296 3280 1.000000000000000000e+00
3296 3296 1.000000000000000000e+00
3296 3424 1.000000000000000000e+00
3297 2785 1.000000000000000000e+00
3297 3281 1.000000000000000000e+00
3297 3297 1.000000000000000000e+00
3297 3298 1.000000000000000000e+00
3297 3425 1.000000000000000000e+00
3298 1251 1.000000000000000000e+00
3298 2786 1.000000000000000000e+00
3298 3282 1.000000000000000000e+00
3298 3297 1.000000000000000000e+00
3298 3300 1.000000000000000000e+00
3298 3426 1.000000000000000000e+00
3299 2787 1.000000000000000000e+00
3299 3283 1.000000000000000000e+00
3299 3299 1.000000000000000000e+00
3299 3301 1.000000000000000000e+00
3299 3427 1.000000000000000000e+00
3300 1253 1.000000000000000000e+00
3300 2788 1.000000000000000000e+00
3300 3284 1.000000000000000000e+00
3300 3298 1.000000000000000000e+00
3300 3304 1.000000000000000000e+00
3300 3428 1.000000000000000000e+00
3301 2789 1.000000000000000000e+00
3301 3285 1.000000000000000000e+00
3301 3299 1.000000000000000000e+00
3301 3302 1.000000000000000000e+00
3301 3305 1.000000000000000000e+00
3301 3429 1.000000000000000000e+00
3302 1255 1.000000000000000000e+00
3302 2790 1.000000000000000000e+00
3302 3286 1.000000000000000000e+00
3302 3301 1.000000000000000000e+00
3302 3306 1.000000000000000000e+00
3302 3430 1.000000000000000000e+00
3303 2791 1.000000000000000000e+00
3303 3287 1.000000000000000000e+00
3303 3303 1.000000000000000000e+00
3303 3307 1.000000000000000000e+00
3303 3431 1.000000000000000000e+00
3304 1257 1.000000000000000000e+00
3304 2792 1.000000000000000000e+00
3304 3288 1.000000000000000000e+00
3304 3300 1.000000000000000000e+00
3304 3312 1.000000000000000000e+00
3304 3432 1.000000000000000000e+00
3305 2793 1.000000000000000000e+00
3305 3289 1.000000000000000000e+00
3305 3301 1.000000000000000000e+00
3305 3306 1.000000000000000000e+00
3305 3313 1.000000000000000000e+00
3305 3433 1.000000000000000000e+00
3306 1259 1.000000000000000000e+00
3306 2794 1.000000000000000000e+00
3306 3290 1.000000000000000000e+00
3306 3302 1.000000000000000000e+00
3306 3305 1.000000000000000000e+00
3306 3306 -1.000000000000000000e+00
3306 3308 1.000000000000000000e+00
3306 3314 1.000000000000000000e+00
3306 3434 1.000000000000000000e+00
3307 2795 1.000000000000000000e+00
3307 3291 1.000000000000000000e+00
3307 3303 1.000000000000000000e+00
3307 3309 1.000000000000000000e+00
3307 3315 1.000000000000000000e+00
3307 3435 1.000000000000000000e+00
3308 1261 1.000000000000000000e+00
3308 2796 1.000000000000000000e+00
3308 3292 1.000000000000000000e+00
3308 3306 1.000000000000000000e+00
3308 3316 1.000000000000000000e+00
3308 3436 1.000000000000000000e+00
3309 2797 1.000000000000000000e+00
3309 3293 1.000000000000000000e+00
3309 3307 1.000000000000000000e+00
3309 3310 1.000000000000000000e+00
3309 3317 1.000000000000000000e+00
3309 3437 1.000000000000000000e+00
3310 1263 1.000000000000000000e+00
3310 2798 1.000000000000000000e+00
3310 3294 1.000000000000000000e+00
3310 3309 1.000000000000000000e+00
3310 3318 1.000000000000000000e+00
3310 3438 1.000000000000000000e+00
3311 2799 1.000000000000000000e+00
3311 3295 1.000000000000000000e+00
3311 3311 1.000000000000000000e+00
3311 3319 1.000000000000000000e+00
3311 3439 1.000000000000000000e+00
3312 1265 1.000000000000000000e+00
3312 2800 1.000000000000000000e+00
3312 3304 1.000000000000000000e+00
3312 3312 1.000000000000000000e+00
3312 3440 1.000000000000000000e+00
3313 2801 1.000000000000000000e+00
3313 3305 1.000000000000000000e+00
3313 3313 1.000000000000000000e+00
3313 3314 1.000000000000000000e+00
3313 3441 1.000000000000000000e+00
3314 1267 1.000000000000000000e+00
3314 2802 1.000000000000000000e+00
3314 3306 1.000000000000000000e+00
3314 3313 1.000000000000000000e+00
3314 3316 1.000000000000000000e+00
3314 3442 1.000000000000000000e+00
3315 2803 1.000000000000000000e+00
3315 3307 1.000000000000000000e+00
3315 3315 1.000000000000000000e+00
3315 3317 1.000000000000000000e+00
3315 3443 1.000000000000000000e+00
3316 1269 1.000000000000000000e+00
3316 2804 1.000000000000000000e+00
3316 3308 1.000000000000000000e+00
3316 3314 1.000000000000000000e+00
3316 3320 1.000000000000000000e+00
3316 3444 1.000000000000000000e+00
3317 2805 1.000000000000000000e+00
3317 3309 1.000000000000000000e+00
3317 3315 1.000000000000000000e+00
3317 3318 1.000000000000000000e+00
3317 3321 1.000000000000000000e+00
3317 3445 1.000000000000000000e+00
3318 1271 1.000000000000000000e+00
3318 2806 1.000000000000000000e+00
3318 3310 1.000000000000000000e+00
3318 3317 1.000000000000000000e+00
3318 3322 1.000000000000000000e+00
3318 3446 1.000000000000000000e+00
3319 2807 1.000000000000000000e+00
3319 3311 1.000000000000000000e+00
3319 3319 1.000000000000000000e+00
3319 3323 1.000000000000000000e+00
3319 3447 1.000000000000000000e+00
3320 1273 1.000000000000000000e+00
3320 2808 1.000000000000000000e+00
3320 3316 1.000000000000000000e+00
3320 3320 1.000000000000000000e+00
3320 3448 1.000000000000000000e+00
3321 2809 1.000000000000000000e+00
3321 3317 1.000000000000000000e+00
3321 3321 1.000000000000000000e+00
3321 3322 1.000000000000000000e+00
3321 3449 1.000000000000000000e+00
3322 1275 1.000000000000000000e+00
3322 2810 1.000000000000000000e+00
3322 3318 1.000000000000000000e+00
3322 3321 1.000000000000000000e+00
3322 3324 1.000000000000000000e+00
3322 3450 1.000000000000000000e+00
3323 2811 1.000000000000000000e+00
3323 3319 1.000000000000000000e+00
3323 3323 1.000000000000000000e+00
3323 3325 1.000000000000000000e+00
3323 3451 1.000000000000000000e+00
3324 1277 1.000000000000000000e+00
3324 2812 1.000000000000000000e+00
3324 3322 1.000000000000000000e+00
3324 3324 1.000000000000000000e+00
3324 3452 1.000000000000000000e+00
3325 2813 1.000000000000000000e+00
3325 3323 1.000000000000000000e+00
3325 3325 1.000000000000000000e+00
3325 3326 1.000000000000000000e+00
3325 3453 1.000000000000000000e+00
3326 1279 1.000000000000000000e+00
3326 2814 1.000000000000000000e+00
3326 3325 1.000000000000000000e+00
3326 3326 1.000000000000000000e+00
3326 3454 1.000000000000000000e+00
3327 2815 1.000000000000000000e+00
3327 3327 2.000000000000000000e+00
3327 3455 1.000000000000000000e+00
3328 1281 1.000000000000000000e+00
3328 2816 1.000000000000000000e+00
3328 3200 1.000000000000000000e+00
3328 3328 1.000000000000000000e+00
3328 3584 1.000000000000000000e+00
3329 2817 1.000000000000000000e+00
3329 3201 1.000000000000000000e+00
3329 3329 1.000000000000000000e+00
3329 3330 1.000000000000000000e+00
3329 3585 1.000000000000000000e+00
3330 1283 1.000000000000000000e+00
3330 2818 1.000000000000000000e+00
3330 3202 1.000000000000000000e+00
3330 3329 1.000000000000000000e+00
3330 3332 1.000000000000000000e+00
3330 3586 1.000000000000000000e+00
3331 2819 1.000000000000000000e+00
3331 3203 1.000000000000000000e+00
3331 3331 1.000000000000000000e+00
3331 3333 1.000000000000000000e+00
3331 3587 1.000000000000000000e+00
3332 1285 1.000000000000000000e+00
3332 2820 1.000000000000000000e+00
3332 3204 1.000000000000000000e+00
3332 3330 1.000000000000000000e+00
3332 3336 1.000000000000000000e+00
3332 3588 1.000000000000000000e+00
3333 2821 1.000000000000000000e+00
3333 3205 1.000000000000000000e+00
3333 3331 1.000000000000000000e+00
3333 3334 1.000000000000000000e+00
3333 3337 1.000000000000000000e+00
3333 3589 1.000000000000000000e+00
3334 1287 1.000000000000000000e+00
3334 2822 1.000000000000000000e+00
3334 3206 1.000000000000000000e+00
3334 3333 1.000000000000000000e+00
3334 3338 1.000000000000000000e+00
3334 3590 1.000000000000000000e+00
3335 2823 1.000000000000000000e+00
3335 3207 1.000000000000000000e+00
3335 3335 1.000000000000000000e+00
3335 3339 1.000000000000000000e+00
3335 3591 1.000000000000000000e+00
3336 1289 1.000000000000000000e+00
3336 2824 1.000000000000000000e+00
3336 3208 1.000000000000000000e+00
3336 3332 1.000000000000000000e+00
3336 3344 1.000000000000000000e+00
3336 3592 1.000000000000000000e+00
3337 2825 1.000000000000000000e+00
3337 3209 1.000000000000000000e+00
3337 3333 1.000000000000000000e+00
3337 3338 1.000000000000000000e+00
3337 3345 1.000000000000000000e+00
3337 3593 1.000000000000000000e+00
3338 1291 1.000000000000000000e+00
3338 2826 1.000000000000000000e+00
3338 3210 1.000000000000000000e+00
3338 3334 1.000000000000000000e+00
3338 3337 1.000000000000000000e+00
3338 3338 -1.000000000000000000e+00
3338 3340 1.000000000000000000e+00
3338 3346 1.000000000000000000e+00
3338 3594 1.000000000000000000e+00
3339 2827 1.000000000000000000e+00
3339 3211 1.000000000000000000e+00
3339 3335 1.000000000000000000e+00
3339 3341 1.000000000000000000e+00
3339 3347 1.000000000000000000e+00
3339 3595 1.000000000000000000e+00
3340 1293 1.000000000000000000e+00
3340 2828 1.000000000000000000e+00
3340 3212 1.000000000000000000e+00
3340 3338 1.000000000000000000e+00
3340 3348 1.000000000000000000e+00
3340 3596 1.000000000000000000e+00
3341 2829 1.000000000000000000e+00
3341 3213 1.000000000000000000e+00
3341 3339 1.000000000000000000e+00
3341 3342 1.000000000000000000e+00
3341 3349 1.000000000000000000e+00
3341 3597 1.000000000000000000e+00
3342 1295 1.000000000000000000e+00
3342 2830 1.000000000000000000e+00
3342 3214 1.000000000000000000e+00
3342 3341 1.000000000000000000e+00
3342 3350 1.000000000000000000e+00
3342 3598 1.000000000000000000e+00
3343 2831 1.000000000000000000e+00
3343 3215 1.000000000000000000e+00
3343 3343 1.000000000000000000e+00
3343 3351 1.000000000000000000e+00
3343 3599 1.000000000000000000e+00
3344 1297 1.000000000000000000e+00
3344 2832 1.000000000000000000e+00
3344 3216 1.000000000000000000e+00
3344 3336 1.000000000000000000e+00
3344 3360 1.000000000000000000e+00
3344 3600 1.000000000000000000e+00
3345 2833 1.000000000000000000e+00
3345 3217 1.000000000000000000e+00
3345 3337 1.000000000000000000e+00
3345 3346 1.000000000000000000e+00
3345 3361 1.000000000000000000e+00
3345 3601 1.000000000000000000e+00
3346 1299 1.000000000000000000e+00
3346 2834 1.000000000000000000e+00
3346 3218 1.000000000000000000e+00
3346 3338 1.000000000000000000e+00
3346 3345 1.000000000000000000e+00
3346 3346 -1.000000000000000000e+00
3346 3348 1.000000000000000000e+00
3346 3362 1.000000000000000000e+00
3346 3602 1.000000000000000000e+00
3347 2835 1.000000000000000000e+00
3347 3219 1.000000000000000000e+00
3347 3339 1.000000000000000000e+00
3347 3349 1.000000000000000000e+00
3347 3363 1.000000000000000000e+00
3347 3603 1.000000000000000000e+00
3348 1301 1.000000000000000000e+00
3348 2836 1.000000000000000000e+00
3348 3220 1.000000000000000000e+00
3348 3340 1.000000000000000000e+00
3348 3346 1.000000000000000000e+00
3348 3348 -1.000000000000000000e+00
3348 3352 1.000000000000000000e+00
3348 3364 1.000000000000000000e+00
3348 3604 1.000000000000000000e+00
3349 2837 1.000000000000000000e+00
3349 3221 1.000000000000000000e+00
3349 3341 1.000000000000000000e+00
3349 3347 1.000000000000000000e+00
3349 3349 -1.000000000000000000e+00
3349 3350 1.000000000000000000e+00
3349 3353 1.000000000000000000e+00
3349 3365 1.000000000000000000e+00
3349 3605 1.000000000000000000e+00
3350 1303 1.000000000000000000e+00
3350 2838 1.000000000000000000e+00
3350 3222 1.000000000000000000e+00
3350 3342 1.000000000000000000e+00
3350 3349 1.000000000000000000e+00
3350 3350 -1.000000000000000000e+00
3350 3354 1.000000000000000000e+00
3350 3366 1.000000000000000000e+00
3350 3606 1.000000000000000000e+00
3351 2839 1.000000000000000000e+00
3351 3223 1.000000000000000000e+00
3351 3343 1.000000000000000000e+00
3351 3355 1.000000000000000000e+00
3351 3367 1.000000000000000000e+00
3351 3607 1.000000000000000000e+00
3352 1305 1.000000000000000000e+00
3352 2840 1.000000000000000000e+00
3352 3224 1.000000000000000000e+00
3352 3348 1.000000000000000000e+00
3352 3368 1.000000000000000000e+00
3352 3608 1.000000000000000000e+00
3353 2841 1.000000000000000000e+00
3353 3225 1.000000000000000000e+00
3353 3349 1.000000000000000000e+00
3353 3354 1.000000000000000000e+00
3353 3369 1.000000000000000000e+00
3353 3609 1.000000000000000000e+00
3354 1307 1.000000000000000000e+00
3354 2842 1.000000000000000000e+00
3354 3226 1.000000000000000000e+00
3354 3350 1.000000000000000000e+00
3354 3353 1.000000000000000000e+00
3354 3354 -1.000000000000000000e+00
3354 3356 1.000000000000000000e+00
3354 3370 1.000000000000000000e+00
3354 3610 1.000000000000000000e+00
3355 2843 1.000000000000000000e+00
3355 3227 1.000000000000000000e+00
3355 3351 1.000000000000000000e+00
3355 3357 1.000000000000000000e+00
3355 3371 1.000000000000000000e+00
3355 3611 1.000000000000000000e+00
3356 1309 1.000000000000000000e+00
3356 2844 1.000000000000000000e+00
3356 3228 1.000000000000000000e+00
3356 3354 1.000000000000000000e+00
3356 3372 1.000000000000000000e+00
3356 3612 1.000000000000000000e+00
3357 2845 1.000000000000000000e+00
3357 3229 1.000000000000000000e+00
3357 3355 1.000000000000000000e+00
3357 3358 1.000000000000000000e+00
3357 3373 1.000000000000000000e+00
3357 3613 1.000000000000000000e+00
3358 1311 1.000000000000000000e+00
3358 2846 1.000000000000000000e+00
3358 3230 1.000000000000000000e+00
3358 3357 1.000000000000000000e+00
3358 3374 1.000000000000000000e+00
3358 3614 1.000000000000000000e+00
3359 2847 1.000000000000000000e+00
3359 3231 1.000000000000000000e+00
3359 3359 1.000000000000000000e+00
3359 3375 1.000000000000000000e+00
3359 3615 1.000000000000000000e+00
3360 1313 1.000000000000000000e+00
3360 2848 1.000000000000000000e+00
3360 3232 1.000000000000000000e+00
3360 3344 1.000000000000000000e+00
3360 3392 1.000000000000000000e+00
3360 3616 1.000000000000000000e+00
3361 2849 1.000000000000000000e+00
3361 3233 1.000000000000000000e+00
3361 3345 1.000000000000000000e+00
3361 3362 1.000000000000000000e+00
3361 3393 1.000000000000000000e+00
3361 3617 1.000000000000000000e+00
3362 1315 1.000000000000000000e+00
3362 2850 1.000000000000000000e+00
3362 3234 1.000000000000000000e+00
3362 3346 1.000000000000000000e+00
3362 3361 1.000000000000000000e+00
3362 3362 -1.000000000000000000e+00
3362 3364 1.000000000000000000e+00
3362 3394 1.000000000000000000e+00
3362 3618 1.000000000000000000e+00
3363 2851 1.000000000000000000e+00
3363 3235 1.000000000000000000e+00
3363 3347 1.000000000000000000e+00
3363 3365 1.000000000000000000e+00
3363 3395 1.000000000000000000e+00
3363 3619 1.000000000000000000e+00
3364 1317 1.000000000000000000e+00
3364 2852 1.000000000000000000e+00
3364 3236 1.000000000000000000e+00
3364 3348 1.000000000000000000e+00
3364 3362 1.000000000000000000e+00
3364 3364 -1.000000000000000000e+00
3364 3368 1.000000000000000000e+00
3364 3396 1.000000000000000000e+00
3364 3620 1.000000000000000000e+00
3365 2853 1.000000000000000000e+00
3365 3237 1.000000000000000000e+00
3365 3349 1.000000000000000000e+00
3365 3363 1.000000000000000000e+00
3365 3365 -1.000000000000000000e+00
3365 3366 1.000000000000000000e+00
3365 3369 1.000000000000000000e+00
3365 3397 1.000000000000000000e+00
3365 3621 1.000000000000000000e+00
3366 1319 1.000000000000000000e+00
3366 2854 1.000000000000000000e+00
3366 3238 1.000000000000000000e+00
3366 3350 1.000000000000000000e+00
3366 3365 1.000000000000000000e+00
3366 3366 -1.000000000000000000e+00
3366 3370 1.000000000000000000e+00
3366 3398 1.000000000000000000e+00
3366 3622 1.000000000000000000e+00
3367 2855 1.000000000000000000e+00
3367 3239 1.000000000000000000e+00
3367 3351 1.000000000000000000e+00
3367 3371 1.000000000000000000e+00
3367 3399 1.000000000000000000e+00
3367 3623 1.000000000000000000e+00
3368 1321 1.000000000000000000e+00
3368 2856 1.000000000000000000e+00
3368 3240 1.000000000000000000e+00
3368 3352 1.000000000000000000e+00
3368 3364 1.000000000000000000e+00
3368 3368 -1.000000000000000000e+00
3368 3376 1.000000000000000000e+00
3368 3400 1.000000000000000000e+00
3368 3624 1.000000000000000000e+00
3369 2857 1.000000000000000000e+00
3369 3241 1.000000000000000000e+00
3369 3353 1.000000000000000000e+00
3369 3365 1.000000000000000000e+00
3369 3369 -1.000000000000000000e+00
3369 3370 1.000000000000000000e+00
3369 3377 1.000000000000000000e+00
3369 3401 1.000000000000000000e+00
3369 3625 1.000000000000000000e+00
3370 1323 1.000000000000000000e+00
3370 2858 1.000000000000000000e+00
3370 3242 1.000000000000000000e+00
3370 3354 1.000000000000000000e+00
3370 3366 1.000000000000000000e+00
3370 3369 1.000000000000000000e+00
3370 3370 -2.000000000000000000e+00
3370 3372 1.000000000000000000e+00
3370 3378 1.000000000000000000e+00
3370 3402 1.000000000000000000e+00
3370 3626 1.000000000000000000e+00
3371 2859 1.000000000000000000e+00
3371 3243 1.000000000000000000e+00
3371 3355 1.000000000000000000e+00
3371 3367 1.000000000000000000e+00
3371 3371 -1.000000000000000000e+00
3371 3373 1.000000000000000000e+00
3371 3379 1.000000000000000000e+00
3371 3403 1.000000000000000000e+00
3371 3627 1.000000000000000000e+00
3372 1325 1.000000000000000000e+00
3372 2860 1.000000000000000000e+00
3372 3244 1.000000000000000000e+00
3372 3356 1.000000000000000000e+00
3372 3370 1.000000000000000000e+00
3372 3372 -1.000000000000000000e+00
3372 3380 1.000000000000000000e+00
3372 3404 1.000000000000000000e+00
3372 3628 1.000000000000000000e+00
3373 2861 1.000000000000000000e+00
3373 3245 1.000000000000000000e+00
3373 3357 1.000000000000000000e+00
3373 3371 1.000000000000000000e+00
3373 3373 -1.000000000000000000e+00
3373 3374 1.000000000000000000e+00
3373 3381 1.000000000000000000e+00
3373 3405 1.000000000000000000e+00
3373 3629 1.000000000000000000e+00
3374 1327 1.000000000000000000e+00
3374 2862 1.000000000000000000e+00
3374 3246 1.000000000000000000e+00
3374 3358 1.000000000000000000e+00
3374 3373 1.000000000000000000e+00
3374 3374 -1.000000000000000000e+00
3374 3382 1.000000000000000000e+00
3374 3406 1.000000000000000000e+00
3374 3630 1.000000000000000000e+00
3375 2863 1.000000000000000000e+00
3375 3247 1.000000000000000000e+00
3375 3359 1.000000000000000000e+00
3375 3383 1.000000000000000000e+00
3375 3407 1.000000000000000000e+00
3375 3631 1.000000000000000000e+00
3376 1329 1.000000000000000000e+00
3376 2864 1.000000000000000000e+00
3376 3248 1.000000000000000000e+00
3376 3368 1.000000000000000000e+00
3376 3408 1.000000000000000000e+00
3376 3632 1.000000000000000000e+00
3377 2865 1.000000000000000000e+00
3377 3249 1.000000000000000000e+00
3377 3369 1.000000000000000000e+00
3377 3378 1.000000000000000000e+00
3377 3409 1.000000000000000000e+00
3377 3633 1.000000000000000000e+00
3378 1331 1.000000000000000000e+00
3378 2866 1.000000000000000000e+00
3378 3250 1.000000000000000000e+00
3378 3370 1.000000000000000000e+00
3378 3377 1.000000000000000000e+00
3378 3378 -1.000000000000000000e+00
3378 3380 1.000000000000000000e+00
3378 3410 1.000000000000000000e+00
3378 3634 1.000000000000000000e+00
3379 2867 1.000000000000000000e+00
3379 3251 1.000000000000000000e+00
3379 3371 1.000000000000000000e+00
3379 3381 1.000000000000000000e+00
3379 3411 1.000000000000000000e+00
3379 3635 1.000000000000000000e+00
3380 1333 1.000000000000000000e+00
3380 2868 1.000000000000000000e+00
3380 3252 1.000000000000000000e+00
3380 3372 1.000000000000000000e+00
3380 3378 1.000000000000000000e+00
3380 3380 -1.000000000000000000e+00
3380 3384 1.000000000000000000e+00
3380 3412 1.000000000000000000e+00
3380 3636 1.000000000000000000e+00
3381 2869 1.000000000000000000e+00
3381 3253 1.000000000000000000e+00
3381 3373 1.000000000000000000e+00
3381 3379 1.000000000000000000e+00
3381 3381 -1.000000000000000000e+00
3381 3382 1.000000000000000000e+00
3381 3385 1.000000000000000000e+00
3381 3413 1.000000000000000000e+00
3381 3637 1.000000000000000000e+00
3382 1335 1.000000000000000000e+00
3382 2870 1.000000000000000000e+00
3382 3254 1.000000000000000000e+00
3382 3374 1.000000000000000000e+00
3382 3381 1.000000000000000000e+00
3382 3382 -1.000000000000000000e+00
3382 3386 1.000000000000000000e+00
3382 3414 1.000000000000000000e+00
3382 3638 1.000000000000000000e+00
3383 2871 1.000000000000000000e+00
3383 3255 1.000000000000000000e+00
3383 3375 1.000000000000000000e+00
3383 3387 1.000000000000000000e+00
3383 3415 1.000000000000000000e+00
3383 3639 1.000000000000000000e+00
3384 1337 1.000000000000000000e+00
3384 2872 1.000000000000000000e+00
3384 3256 1.000000000000000000e+00
3384 3380 1.000000000000000000e+00
3384 3416 1.000000000000000000e+00
3384 3640 1.000000000000000000e+00
3385 2873 1.000000000000000000e+00
3385 3257 1.000000000000000000e+00
3385 3381 1.000000000000000000e+00
3385 3386 1.000000000000000000e+00
3385 3417 1.000000000000000000e+00
3385 3641 1.000000000000000000e+00
3386 1339 1.000000000000000000e+00
3386 2874 1.000000000000000000e+00
3386 3258 1.000000000000000000e+00
3386 3382 1.000000000000000000e+00
3386 3385 1.000000000000000000e+00
3386 3386 -1.000000000000000000e+00
3386 3388 1.000000000000000000e+00
3386 3418 1.000000000000000000e+00
3386 3642 1.000000000000000000e+00
3387 2875 1.000000000000000000e+00
3387 3259 1.000000000000000000e+00
3387 3383 1.000000000000000000e+00
3387 3389 1.000000000000000000e+00
3387 3419 1.000000000000000000e+00
3387 3643 1.000000000000000000e+00
3388 1341 1.000000000000000000e+00
3388 2876 1.000000000000000000e+00
3388 3260 1.000000000000000000e+00
3388 3386 1.000000000000000000e+00
3388 3420 1.000000000000000000e+00
3388 3644 1.000000000000000000e+00
3389 2877 1.000000000000000000e+00
3389 3261 1.000000000000000000e+00
3389 3387 1.000000000000000000e+00
3389 3390 1.000000000000000000e+00
3389 3421 1.000000000000000000e+00
3389 3645 1.000000000000000000e+00
3390 1343 1.000000000000000000e+00
3390 2878 1.000000000000000000e+00
3390 3262 1.000000000000000000e+00
3390 3389 1.000000000000000000e+00
3390 3422 1.000000000000000000e+00
3390 3646 1.000000000000000000e+00
3391 2879 1.000000000000000000e+00
3391 3263 1.000000000000000000e+00
3391 3391 1.000000000000000000e+00
3391 3423 1.000000000000000000e+00
3391 3647 1.000000000000000000e+00
3392 1345 1.000000000000000000e+00
3392 2880 1.000000000000000000e+00
3392 3264 1.000000000000000000e+00
3392 3360 1.000000000000000000e+00
3392 3456 1.000000000000000000e+00
3392 3648 1.000000000000000000e+00
3393 2881 1.000000000000000000e+00
3393 3265 1.000000000000000000e+00
3393 3361 1.000000000000000000e+00
3393 3394 1.000000000000000000e+00
3393 3457 1.000000000000000000e+00
3393 3649 1.000000000000000000e+00
3394 1347 1.000000000000000000e+00
3394 2882 1.000000000000000000e+00
3394 3266 1.000000000000000000e+00
3394 3362 1.000000000000000000e+00
3394 3393 1.000000000000000000e+00
3394 3394 -1.000000000000000000e+00
3394 3396 1.000000000000000000e+00
3394 3458 1.000000000000000000e+00
3394 3650 1.000000000000000000e+00
3395 2883 1.000000000000000000e+00
3395 3267 1.000000000000000000e+00
3395 3363 1.000000000000000000e+00
3395 3397 1.000000000000000000e+00
3395 3459 1.000000000000000000e+00
3395 3651 1.000000000000000000e+00
3396 1349 1.000000000000000000e+00
3396 2884 1.000000000000000000e+00
3396 3268 1.000000000000000000e+00
3396 3364 1.000000000000000000e+00
3396 3394 1.000000000000000000e+00
3396 3396 -1.000000000000000000e+00
3396 3400 1.000000000000000000e+00
3396 3460 1.000000000000000000e+00
3396 3652 1.000000000000000000e+00
3397 2885 1.000000000000000000e+00
3397 3269 1.000000000000000000e+00
3397 3365 1.000000000000000000e+00
3397 3395 1.000000000000000000e+00
3397 3397 -1.000000000000000000e+00
3397 3398 1.000000000000000000e+00
3397 3401 1.000000000000000000e+00
3397 3461 1.000000000000000000e+00
3397 3653 1.000000000000000000e+00
3398 1351 1.000000000000000000e+00
3398 2886 1.000000000000000000e+00
3398 3270 1.000000000000000000e+00
3398 3366 1.000000000000000000e+00
3398 3397 1.000000000000000000e+00
3398 3398 -1.000000000000000000e+00
3398 3402 1.000000000000000000e+00
3398 3462 1.000000000000000000e+00
3398 3654 1.000000000000000000e+00
3399 2887 1.000000000000000000e+00
3399 3271 1.000000000000000000e+00
3399 3367 1.000000000000000000e+00
3399 3403 1.000000000000000000e+00
3399 3463 1.000000000000000000e+00
3399 3655 1.000000000000000000e+00
3400 1353 1.000000000000000000e+00
3400 2888 1.000000000000000000e+00
3400 3272 1.000000000000000000e+00
3400 3368 1.000000000000000000e+00
3400 3396 1.000000000000000000e+00
3400 3400 -1.000000000000000000e+00
3400 3408 1.000000000000000000e+00
3400 3464 1.000000000000000000e+00
3400 3656 1.000000000000000000e+00
3401 2889 1.000000000000000000e+00
3401 3273 1.000000000000000000e+00
3401 3369 1.000000000000000000e+00
3401 3397 1.000000000000000000e+00
3401 3401 -1.000000000000000000e+00
3401 3402 1.000000000000000000e+00
3401 3409 1.000000000000000000e+00
3401 3465 1.000000000000000000e+00
3401 3657 1.000000000000000000e+00
3402 1355 1.000000000000000000e+00
3402 2890 1.000000000000000000e+00
3402 3274 1.000000000000000000e+00
3402 3370 1.000000000000000000e+00
3402 3398 1.000000000000000000e+00
3402 3401 1.000000000000000000e+00
3402 3402 -2.000000000000000000e+00
3402 3404 1.000000000000000000e+00
3402 3410 1.000000000000000000e+00
3402 3466 1.000000000000000000e+00
3402 3658 1.000000000000000000e+00
3403 2891 1.000000000000000000e+00
3403 3275 1.000000000000000000e+00
3403 3371 1.000000000000000000e+00
3403 3399 1.000000000000000000e+00
3403 3403 -1.000000000000000000e+00
3403 3405 1.000000000000000000e+00
3403 3411 1.000000000000000000e+00
3403 3467 1.000000000000000000e+00
3403 3659 1.000000000000000000e+00
3404 1357 1.000000000000000000e+00
3404 2892 1.000000000000000000e+00
3404 3276 1.000000000000000000e+00
3404 3372 1.000000000000000000e+00
3404 3402 1.000000000000000000e+00
3404 3404 -1.000000000000000000e+00
3404 3412 1.000000000000000000e+00
3404 3468 1.000000000000000000e+00
3404 3660 1.000000000000000000e+00
3405 2893 1.000000000000000000e+00
3405 3277 1.000000000000000000e+00
3405 3373 1.000000000000000000e+00
3405 3403 1.000000000000000000e+00
3405 3405 -1.000000000000000000e+00
3405 3406 1.000000000000000000e+00
3405 3413 1.000000000000000000e+00
3405 3469 1.000000000000000000e+00
3405 3661 1.000000000000000000e+00
3406 1359 1.000000000000000000e+00
3406 2894 1.000000000000000000e+00
3406 3278 1.000000000000000000e+00
3406 3374 1.000000000000000000e+00
3406 3405 1.000000000000000000e+00
3406 3406 -1.000000000000000000e+00
3406 3414 1.000000000000000000e+00
3406 3470 1.000000000000000000e+00
3406 3662 1.000000000000000000e+00
3407 2895 1.000000000000000000e+00
3407 3279 1.000000000000000000e+00
3407 3375 1.000000000000000000e+00
3407 3415 1.000000000000000000e+00
3407 3471 1.000000000000000000e+00
3407 3663 1.000000000000000000e+00
3408 1361 1.000000000000000000e+00
3408 2896 1.000000000000000000e+00
3408 3280 1.000000000000000000e+00
3408 3376 1.000000000000000000e+00
3408 3400 1.000000000000000000e+00
3408 3408 -1.000000000000000000e+00
3408 3424 1.000000000000000000e+00
3408 3472 1.000000000000000000e+00
3408 3664 1.000000000000000000e+00
3409 2897 1.000000000000000000e+00
3409 3281 1.000000000000000000e+00
3409 3377 1.000000000000000000e+00
3409 3401 1.000000000000000000e+00
3409 3409 -1.000000000000000000e+00
3409 3410 1.000000000000000000e+00
3409 3425 1.000000000000000000e+00
3409 3473 1.000000000000000000e+00
3409 3665 1.000000000000000000e+00
3410 1363 1.000000000000000000e+00
3410 2898 1.000000000000000000e+00
3410 3282 1.000000000000000000e+00
3410 3378 1.000000000000000000e+00
3410 3402 1.000000000000000000e+00
3410 3409 1.000000000000000000e+00
3410 3410 -2.000000000000000000e+00
3410 3412 1.000000000000000000e+00
3410 3426 1.000000000000000000e+00
3410 3474 1.000000000000000000e+00
3410 3666 1.000000000000000000e+00
3411 2899 1.000000000000000000e+00
3411 3283 1.000000000000000000e+00
3411 3379 1.000000000000000000e+00
3411 3403 1.000000000000000000e+00
3411 3411 -1.000000000000000000e+00
3411 3413 1.000000000000000000e+00
3411 3427 1.000000000000000000e+00
3411 3475 1.000000000000000000e+00
3411 3667 1.000000000000000000e+00
3412 1365 1.000000000000000000e+00
3412 2900 1.000000000000000000e+00
3412 3284 1.000000000000000000e+00
3412 3380 1.000000000000000000e+00
3412 3404 1.000000000000000000e+00
3412 3410 1.000000000000000000e+00
3412 3412 -2.000000000000000000e+00
3412 3416 1.000000000000000000e+00
3412 3428 1.000000000000000000e+00
3412 3476 1.000000000000000000e+00
3412 3668 1.000000000000000000e+00
3413 2901 1.000000000000000000e+00
3413 3285 1.000000000000000000e+00
3413 3381 1.000000000000000000e+00
3413 3405 1.000000000000000000e+00
3413 3411 1.000000000000000000e+00
3413 3413 -2.000000000000000000e+00
3413 3414 1.000000000000000000e+00
3413 3417 1.000000000000000000e+00
3413 3429 1.000000000000000000e+00
3413 3477 1.000000000000000000e+00
3413 3669 1.000000000000000000e+00
3414 1367 1.000000000000000000e+00
3414 2902 1.000000000000000000e+00
3414 3286 1.000000000000000000e+00
3414 3382 1.000000000000000000e+00
3414 3406 1.000000000000000000e+00
3414 3413 1.000000000000000000e+00
3414 3414 -2.000000000000000000e+00
3414 3418 1.000000000000000000e+00
3414 3430 1.000000000000000000e+00
3414 3478 1.000000000000000000e+00
3414 3670 1.000000000000000000e+00
3415 2903 1.000000000000000000e+00
3415 3287 1.000000000000000000e+00
3415 3383 1.000000000000000000e+00
3415 3407 1.000000000000000000e+00
3415 3415 -1.000000000000000000e+00
3415 3419 1.000000000000000000e+00
3415 3431 1.000000000000000000e+00
3415 3479 1.000000000000000000e+00
3415 3671 1.000000000000000000e+00
3416 1369 1.000000000000000000e+00
3416 2904 1.000000000000000000e+00
3416 3288 1.000000000000000000e+00
3416 3384 1.000000000000000000e+00
3416 3412 1.000000000000000000e+00
3416 3416 -1.000000000000000000e+00
3416 3432 1.000000000000000000e+00
3416 3480 1.000000000000000000e+00
3416 3672 1.000000000000000000e+00
3417 2905 1.000000000000000000e+00
3417 3289 1.000000000000000000e+00
3417 3385 1.000000000000000000e+00
3417 3413 1.000000000000000000e+00
3417 3417 -1.000000000000000000e+00
3417 3418 1.000000000000000000e+00
3417 3433 1.000000000000000000e+00
3417 3481 1.000000000000000000e+00
3417 3673 1.000000000000000000e+00
3418 1371 1.000000000000000000e+00
3418 2906 1.000000000000000000e+00
3418 3290 1.000000000000000000e+00
3418 3386 1.000000000000000000e+00
3418 3414 1.000000000000000000e+00
3418 3417 1.000000000000000000e+00
3418 3418 -2.000000000000000000e+00
3418 3420 1.000000000000000000e+00
3418 3434 1.000000000000000000e+00
3418 3482 1.000000000000000000e+00
3418 3674 1.000000000000000000e+00
3419 2907 1.000000000000000000e+00
3419 3291 1.000000000000000000e+00
3419 3387 1.000000000000000000e+00
3419 3415 1.000000000000000000e+00
3419 3419 -1.000000000000000000e+00
3419 3421 1.000000000000000000e+00
3419 3435 1.000000000000000000e+00
3419 3483 1.000000000000000000e+00
3419 3675 1.000000000000000000e+00
3420 1373 1.000000000000000000e+00
3420 2908 1.000000000000000000e+00
3420 3292 1.000000000000000000e+00
3420 3388 1.000000000000000000e+00
3420 3418 1.000000000000000000e+00
3420 3420 -1.000000000000000000e+00
3420 3436 1.000000000000000000e+00
3420 3484 1.000000000000000000e+00
3420 3676 1.000000000000000000e+00
3421 2909 1.000000000000000000e+00
3421 3293 1.000000000000000000e+00
3421 3389 1.000000000000000000e+00
3421 3419 1.000000000000000000e+00
3421 3421 -1.000000000000000000e+00
3421 3422 1.000000000000000000e+00
3421 3437 1.000000000000000000e+00
3421 3485 1.000000000000000000e+00
3421 3677 1.000000000000000000e+00
3422 1375 1.000000000000000000e+00
3422 2910 1.000000000000000000e+00
3422 3294 1.000000000000000000e+00
3422 3390 1.000000000000000000e+00
3422 3421 1.000000000000000000e+00
3422 3422 -1.000000000000000000e+00
3422 3438 1.000000000000000000e+00
3422 3486 1.000000000000000000e+00
3422 3678 1.000000000000000000e+00
3423 2911 1.000000000000000000e+00
3423 3295 1.000000000000000000e+00
3423 3391 1.000000000000000000e+00
3423 3439 1.000000000000000000e+00
3423 3487 1.000000000000000000e+00
3423 3679 1.000000000000000000e+00
3424 1377 1.000000000000000000e+00
3424 2912 1.000000000000000000e+00
3424 3296 1.000000000000000000e+00
3424 3408 1.000000000000000000e+00
3424 3488 1.000000000000000000e+00
3424 3680 1.000000000000000000e+00
3425 2913 1.000000000000000000e+00
3425 3297 1.000000000000000000e+00
3425 3409 1.000000000000000000e+00
3425 3426 1.000000000000000000e+00
3425 3489 1.000000000000000000e+00
3425 3681 1.000000000000000000e+00
3426 1379 1.000000000000000000e+00
3426 2914 1.000000000000000000e+00
3426 3298 1.000000000000000000e+00
3426 3410 1.000000000000000000e+00
3426 3425 1.000000000000000000e+00
3426 3426 -1.000000000000000000e+00
3426 3428 1.000000000000000000e+00
3426 3490 1.000000000000000000e+00
3426 3682 1.000000000000000000e+00
3427 2915 1.000000000000000000e+00
3427 3299 1.000000000000000000e+00
3427 3411 1.000000000000000000e+00
3427 3429 1.000000000000000000e+00
3427 3491 1.000000000000000000e+00
3427 3683 1.000000000000000000e+00
3428 1381 1.000000000000000000e+00
3428 2916 1.000000000000000000e+00
3428 3300 1.000000000000000000e+00
3428 3412 1.000000000000000000e+00
3428 3426 1.000000000000000000e+00
3428 3428 -1.000000000000000000e+00
3428 3432 1.000000000000000000e+00
3428 3492 1.000000000000000000e+00
3428 3684 1.000000000000000000e+00
3429 2917 1.000000000000000000e+00
3429 3301 1.000000000000000000e+00
3429 3413 1.000000000000000000e+00
3429 3427 1.000000000000000000e+00
3429 3429 -1.000000000000000000e+00
3429 3430 1.000000000000000000e+00
3429 3433 1.000000000000000000e+00
3429 3493 1.000000000000000000e+00
3429 3685 1.000000000000000000e+00
3430 1383 1.000000000000000000e+00
3430 2918 1.000000000000000000e+00
3430 3302 1.000000000000000000e+00
3430 3414 1.000000000000000000e+00
3430 3429 1.000000000000000000e+00
3430 3430 -1.000000000000000000e+00
3430 3434 1.000000000000000000e+00
3430 3494 1.000000000000000000e+00
3430 3686 1.000000000000000000e+00
3431 2919 1.000000000000000000e+00
3431 3303 1.000000000000000000e+00
3431 3415 1.000000000000000000e+00
3431 3435 1.000000000000000000e+00
3431 3495 1.000000000000000000e+00
3431 3687 1.000000000000000000e+00
3432 1385 1.000000000000000000e+00
3432 2920 1.000000000000000000e+00
3432 3304 1.000000000000000000e+00
3432 3416 1.000000000000000000e+00
3432 3428 1.000000000000000000e+00
3432 3432 -1.000000000000000000e+00
3432 3440 1.000000000000000000e+00
3432 3496 1.000000000000000000e+00
3432 3688 1.000000000000000000e+00
3433 2921 1.000000000000000000e+00
3433 3305 1.000000000000000000e+00
3433 3417 1.000000000000000000e+00
3433 3429 1.000000000000000000e+00
3433 3433 -1.000000000000000000e+00
3433 3434 1.000000000000000000e+00
3433 3441 1.000000000000000000e+00
3433 3497 1.000000000000000000e+00
3433 3689 1.000000000000000000e+00
3434 1387 1.000000000000000000e+00
3434 2922 1.000000000000000000e+00
3434 3306 1.000000000000000000e+00
3434 3418 1.000000000000000000e+00
3434 3430 1.000000000000000000e+00
3434 3433 1.000000000000000000e+00
3434 3434 -2.000000000000000000e+00
3434 3436 1.000000000000000000e+00
3434 3442 1.000000000000000000e+00
3434 3498 1.000000000000000000e+00
3434 3690 1.000000000000000000e+00
3435 2923 1.000000000000000000e+00
3435 3307 1.000000000000000000e+00
3435 3419 1.000000000000000000e+00
3435 3431 1.000000000000000000e+00
3435 3435 -1.000000000000000000e+00
3435 3437 1.000000000000000000e+00
3435 3443 1.000000000000000000e+00
3435 3499 1.000000000000000000e+00
3435 3691 1.000000000000000000e+00
3436 1389 1.000000000000000000e+00
3436 2924 1.000000000000000000e+00
3436 3308 1.000000000000000000e+00
3436 3420 1.000000000000000000e+00
3436 3434 1.000000000000000000e+00
3436 3436 -1.000000000000000000e+00
3436 3444 1.000000000000000000e+00
3436 3500 1.000000000000000000e+00
3436 3692 1.000000000000000000e+00
3437 2925 1.000000000000000000e+00
3437 3309 1.000000000000000000e+00
3437 3421 1.000000000000000000e+00
3437 3435 1.000000000000000000e+00
3437 3437 -1.000000000000000000e+00
3437 3438 1.000000000000000000e+00
3437 3445 1.000000000000000000e+00
3437 3501 1.000000000000000000e+00
3437 3693 1.000000000000000000e+00
3438 1391 1.000000000000000000e+00
3438 2926 1.000000000000000000e+00
3438 3310 1.000000000000000000e+00
3438 3422 1.000000000000000000e+00
3438 3437 1.000000000000000000e+00
3438 3438 -1.000000000000000000e+00
3438 3446 1.000000000000000000e+00
3438 3502 1.000000000000000000e+00
3438 3694 1.000000000000000000e+00
3439 2927 1.000000000000000000e+00
3439 3311 1.000000000000000000e+00
3439 3423 1.000000000000000000e+00
3439 3447 1.000000000000000000e+00
3439 3503 1.000000000000000000e+00
3439 3695 1.000000000000000000e+00
3440 1393 1.000000000000000000e+00
3440 2928 1.000000000000000000e+00
3440 3312 1.000000000000000000e+00
3440 3432 1.000000000000000000e+00
3440 3504 1.000000000000000000e+00
3440 3696 1.000000000000000000e+00
3441 2929 1.000000000000000000e+00
3441 3313 1.000000000000000000e+00
3441 3433 1.000000000000000000e+00
3441 3442 1.000000000000000000e+00
3441 3505 1.000000000000000000e+00
3441 3697 1.000000000000000000e+00
3442 1395 1.000000000000000000e+00
3442 2930 1.000000000000000000e+00
3442 3314 1.000000000000000000e+00
3442 3434 1.000000000000000000e+00
3442 3441 1.000000000000000000e+00
3442 3442 -1.000000000000000000e+00
3442 3444 1.000000000000000000e+00
3442 3506 1.000000000000000000e+00
3442 3698 1.000000000000000000e+00
3443 2931 1.000000000000000000e+00
3443 3315 1.000000000000000000e+00
3443 3435 1.000000000000000000e+00
3443 3445 1.000000000000000000e+00
3443 3507 1.000000000000000000e+00
3443 3699 1.000000000000000000e+00
3444 1397 1.000000000000000000e+00
3444 2932 1.000000000000000000e+00
3444 3316 1.000000000000000000e+00
3444 3436 1.000000000000000000e+00
3444 3442 1.000000000000000000e+00
3444 3444 -1.000000000000000000e+00
3444 3448 1.000000000000000000e+00
3444 3508 1.000000000000000000e+00
3444 3700 1.000000000000000000e+00
3445 2933 1.000000000000000000e+00
3445 3317 1.000000000000000000e+00
3445 3437 1.000000000000000000e+00
3445 3443 1.000000000000000000e+00
3445 3445 -1.000000000000000000e+00
3445 3446 1.000000000000000000e+00
3445 3449 1.000000000000000000e+00
3445 3509 1.000000000000000000e+00
3445 3701 1.000000000000000000e+00
3446 1399 1.000000000000000000e+00
3446 2934 1.000000000000000000e+00
3446 3318 1.000000000000000000e+00
3446 3438 1.000000000000000000e+00
3446 3445 1.000000000000000000e+00
3446 3446 -1.000000000000000000e+00
3446 3450 1.000000000000000000e+00
3446 3510 1.000000000000000000e+00
3446 3702 1.000000000000000000e+00
3447 2935 1.000000000000000000e+00
3447 3319 1.000000000000000000e+00
3447 3439 1.000000000000000000e+00
3447 3451 1.000000000000000000e+00
3447 3511 1.000000000000000000e+00
3447 3703 1.000000000000000000e+00
3448 1401 1.000000000000000000e+00
3448 2936 1.000000000000000000e+00
3448 3320 1.000000000000000000e+00
3448 3444 1.000000000000000000e+00
3448 3512 1.000000000000000000e+00
3448 3704 1.000000000000000000e+00
3449 2937 1.000000000000000000e+00
3449 3321 1.000000000000000000e+00
3449 3445 1.000000000000000000e+00
3449 3450 1.000000000000000000e+00
3449 3513 1.000000000000000000e+00
3449 3705 1.000000000000000000e+00
3450 1403 1.000000000000000000e+00
3450 2938 1.000000000000000000e+00
3450 3322 1.000000000000000000e+00
3450 3446 1.000000000000000000e+00
3450 3449 1.000000000000000000e+00
3450 3450 -1.000000000000000000e+00
3450 3452 1.000000000000000000e+00
3450 3514 1.000000000000000000e+00
3450 3706 1.000000000000000000e+00
3451 2939 1.000000000000000000e+00
3451 3323 1.000000000000000000e+00
3451 3447 1.000000000000000000e+00
3451 3453 1.000000000000000000e+00
3451 3515 1.000000000000000000e+00
3451 3707 1.000000000000000000e+00
3452 1405 1.000000000000000000e+00
3452 2940 1.000000000000000000e+00
3452 3324 1.000000000000000000e+00
3452 3450 1.000000000000000000e+00
3452 3516 1.000000000000000000e+00
3452 3708 1.000000000000000000e+00
3453 2941 1.000000000000000000e+00
3453 3325 1.000000000000000000e+00
3453 3451 1.000000000000000000e+00
3453 3454 1.000000000000000000e+00
3453 3517 1.000000000000000000e+00
3453 3709 1.000000000000000000e+00
3454 1407 1.000000000000000000e+00
3454 2942 1.000000000000000000e+00
3454 3326 1.000000000000000000e+00
3454 3453 1.000000000000000000e+00
3454 3518 1.000000000000000000e+00
3454 3710 1.000000000000000000e+00
3455 2943 1.000000000000000000e+00
3455 3327 1.000000000000000000e+00
3455 3455 1.000000000000000000e+00
3455 3519 1.000000000000000000e+00
3455 3711 1.000000000000000000e+00
3456 1409 1.000000000000000000e+00
3456 2944 1.000000000000000000e+00
3456 3392 1.000000000000000000e+00
3456 3456 1.000000000000000000e+00
3456 3712 1.000000000000000000e+00
3457 2945 1.000000000000000000e+00
3457 3393 1.000000000000000000e+00
3457 3457 1.000000000000000000e+00
3457 3458 1.000000000000000000e+00
3457 3713 1.000000000000000000e+00
3458 1411 1.000000000000000000e+00
3458 2946 1.000000000000000000e+00
3458 3394 1.000000000000000000e+00
3458 3457 1.000000000000000000e+00
3458 3460 1.000000000000000000e+00
3458 3714 1.000000000000000000e+00
3459 2947 1.000000000000000000e+00
3459 3395 1.000000000000000000e+00
3459 3459 1.000000000000000000e+00
3459 3461 1.000000000000000000e+00
3459 3715 1.000000000000000000e+00
3460 1413 1.000000000000000000e+00
3460 2948 1.000000000000000000e+00
3460 3396 1.000000000000000000e+00
3460 3458 1.000000000000000000e+00
3460 3464 1.000000000000000000e+00
3460 3716 1.000000000000000000e+00
3461 2949 1.000000000000000000e+00
3461 3397 1.000000000000000000e+00
3461 3459 1.000000000000000000e+00
3461 3462 1.000000000000000000e+00
3461 3465 1.000000000000000000e+00
3461 3717 1.000000000000000000e+00
3462 1415 1.000000000000000000e+00
3462 2950 1.000000000000000000e+00
3462 3398 1.000000000000000000e+00
3462 3461 1.000000000000000000e+00
3462 3466 1.000000000000000000e+00
3462 3718 1.000000000000000000e+00
3463 2951 1.000000000000000000e+00
3463 3399 1.000000000000000000e+00
3463 3463 1.000000000000000000e+00
3463 3467 1.000000000000000000e+00
3463 3719 1.000000000000000000e+00
3464 1417 1.000000000000000000e+00
3464 2952 1.000000000000000000e+00
3464 3400 1.000000000000000000e+00
3464 3460 1.000000000000000000e+00
3464 3472 1.000000000000000000e+00
3464 3720 1.000000000000000000e+00
3465 2953 1.000000000000000000e+00
3465 3401 1.000000000000000000e+00
3465 3461 1.000000000000000000e+00
3465 3466 1.000000000000000000e+00
3465 3473 1.000000000000000000e+00
3465 3721 1.000000000000000000e+00
3466 1419 1.000000000000000000e+00
3466 2954 1.000000000000000000e+00
3466 3402 1.000000000000000000e+00
3466 3462 1.000000000000000000e+00
3466 3465 1.000000000000000000e+00
3466 3466 -1.000000000000000000e+00
3466 3468 1.000000000000000000e+00
3466 3474 1.000000000000000000e+00
3466 3722 1.000000000000000000e+00
3467 2955 1.000000000000000000e+00
3467 3403 1.000000000000000000e+00
3467 3463 1.000000000000000000e+00
3467 3469 1.000000000000000000e+00
3467 3475 1.000000000000000000e+00
3467 3723 1.000000000000000000e+00
3468 1421 1.000000000000000000e+00
3468 2956 1.000000000000000000e+00
3468 3404 1.000000000000000000e+00
3468 3466 1.000000000000000000e+00
3468 3476 1.000000000000000000e+00
3468 3724 1.000000000000000000e+00
3469 2957 1.000000000000000000e+00
3469 3405 1.000000000000000000e+00
3469 3467 1.000000000000000000e+00
3469 3470 1.000000000000000000e+00
3469 3477 1.000000000000000000e+00
3469 3725 1.000000000000000000e+00
3470 1423 1.000000000000000000e+00
3470 2958 1.000000000000000000e+00
3470 3406 1.000000000000000000e+00
3470 3469 1.000000000000000000e+00
3470 3478 1.000000000000000000e+00
3470 3726 1.000000000000000000e+00
3471 2959 1.000000000000000000e+00
3471 3407 1.000000000000000000e+00
3471 3471 1.000000000000000000e+00
3471 3479 1.000000000000000000e+00
3471 3727 1.000000000000000000e+00
3472 1425 1.000000000000000000e+00
3472 2960 1.000000000000000000e+00
3472 3408 1.000000000000000000e+00
3472 3464 1.000000000000000000e+00
3472 3488 1.000000000000000000e+00
3472 3728 1.000000000000000000e+00
3473 2961 1.000000000000000000e+00
3473 3409 1.000000000000000000e+00
3473 3465 1.000000000000000000e+00
3473 3474 1.000000000000000000e+00
3473 3489 1.000000000000000000e+00
3473 3729 1.000000000000000000e+00
3474 1427 1.000000000000000000e+00
3474 2962 1.000000000000000000e+00
3474 3410 1.000000000000000000e+00
3474 3466 1.000000000000000000e+00
3474 3473 1.000000000000000000e+00
3474 3474 -1.000000000000000000e+00
3474 3476 1.000000000000000000e+00
3474 3490 1.000000000000000000e+00
3474 3730 1.000000000000000000e+00
3475 2963 1.000000000000000000e+00
3475 3411 1.000000000000000000e+00
3475 3467 1.000000000000000000e+00
3475 3477 1.000000000000000000e+00
3475 3491 1.000000000000000000e+00
3475 3731 1.000000000000000000e+00
3476 1429 1.000000000000000000e+00
3476 2964 1.000000000000000000e+00
3476 3412 1.000000000000000000e+00
3476 3468 1.000000000000000000e+00
3476 3474 1.000000000000000000e+00
3476 3476 -1.000000000000000000e+00
3476 3480 1.000000000000000000e+00
3476 3492 1.000000000000000000e+00
3476 3732 1.000000000000000000e+00
3477 2965 1.000000000000000000e+00
3477 3413 1.000000000000000000e+00
3477 3469 1.000000000000000000e+00
3477 3475 1.000000000000000000e+00
3477 3477 -1.000000000000000000e+00
3477 3478 1.000000000000000000e+00
3477 3481 1.000000000000000000e+00
3477 3493 1.000000000000000000e+00
3477 3733 1.000000000000000000e+00
3478 1431 1.000000000000000000e+00
3478 2966 1.000000000000000000e+00
3478 3414 1.000000000000000000e+00
3478 3470 1.000000000000000000e+00
3478 3477 1.000000000000000000e+00
3478 3478 -1.000000000000000000e+00
3478 3482 1.000000000000000000e+00
3478 3494 1.000000000000000000e+00
3478 3734 1.000000000000000000e+00
3479 2967 1.000000000000000000e+00
3479 3415 1.000000000000000000e+00
3479 3471 1.000000000000000000e+00
3479 3483 1.000000000000000000e+00
3479 3495 1.000000000000000000e+00
3479 3735 1.000000000000000000e+00
3480 1433 1.000000000000000000e+00
3480 2968 1.000000000000000000e+00
3480 3416 1.000000000000000000e+00
3480 3476 1.000000000000000000e+00
3480 3496 1.000000000000000000e+00
3480 3736 1.000000000000000000e+00
3481 2969 1.000000000000000000e+00
3481 3417 1.000000000000000000e+00
3481 3477 1.000000000000000000e+00
3481 3482 1.000000000000000000e+00
3481 3497 1.000000000000000000e+00
3481 3737 1.000000000000000000e+00
3482 1435 1.000000000000000000e+00
3482 2970 1.000000000000000000e+00
3482 3418 1.000000000000000000e+00
3482 3478 1.000000000000000000e+00
3482 3481 1.000000000000000000e+00
3482 3482 -1.000000000000000000e+00
3482 3484 1.000000000000000000e+00
3482 3498 1.000000000000000000e+00
3482 3738 1.000000000000000000e+00
3483 2971 1.000000000000000000e+00
3483 3419 1.000000000000000000e+00
3483 3479 1.000000000000000000e+00
3483 3485 1.000000000000000000e+00
3483 3499 1.000000000000000000e+00
3483 3739 1.000000000000000000e+00
3484 1437 1.000000000000000000e+00
3484 2972 1.000000000000000000e+00
3484 3420 1.000000000000000000e+00
3484 3482 1.000000000000000000e+00
3484 3500 1.000000000000000000e+00
3484 3740 1.000000000000000000e+00
3485 2973 1.000000000000000000e+00
3485 3421 1.000000000000000000e+00
3485 3483 1.000000000000000000e+00
3485 3486 1.000000000000000000e+00
3485 3501 1.000000000000000000e+00
3485 3741 1.000000000000000000e+00
3486 1439 1.000000000000000000e+00
3486 2974 1.000000000000000000e+00
3486 3422 1.000000000000000000e+00
3486 3485 1.000000000000000000e+00
3486 3502 1.000000000000000000e+00
3486 3742 1.000000000000000000e+00
3487 2975 1.000000000000000000e+00
3487 3423 1.000000000000000000e+00
3487 3487 1.000000000000000000e+00
3487 3503 1.000000000000000000e+00
3487 3743 1.000000000000000000e+00
3488 1441 1.000000000000000000e+00
3488 2976 1.000000000000000000e+00
3488 3424 1.000000000000000000e+00
3488 3472 1.000000000000000000e+00
3488 3520 1.000000000000000000e+00
3488 3744 1.000000000000000000e+00
3489 2977 1.000000000000000000e+00
3489 3425 1.000000000000000000e+00
3489 3473 1.000000000000000000e+00
3489 3490 1.000000000000000000e+00
3489 3521 1.000000000000000000e+00
3489 3745 1.000000000000000000e+00
3490 1443 1.000000000000000000e+00
3490 2978 1.000000000000000000e+00
3490 3426 1.000000000000000000e+00
3490 3474 1.000000000000000000e+00
3490 3489 1.000000000000000000e+00
3490 3490 -1.000000000000000000e+00
3490 3492 1.000000000000000000e+00
3490 3522 1.000000000000000000e+00
3490 3746 1.000000000000000000e+00
3491 2979 1.000000000000000000e+00
3491 3427 1.000000000000000000e+00
3491 3475 1.000000000000000000e+00
3491 3493 1.000000000000000000e+00
3491 3523 1.000000000000000000e+00
3491 3747 1.000000000000000000e+00
3492 1445 1.000000000000000000e+00
3492 2980 1.000000000000000000e+00
3492 3428 1.000000000000000000e+00
3492 3476 1.000000000000000000e+00
3492 3490 1.000000000000000000e+00
3492 3492 -1.000000000000000000e+00
3492 3496 1.000000000000000000e+00
3492 3524 1.000000000000000000e+00
3492 3748 1.000000000000000000e+00
3493 2981 1.000000000000000000e+00
3493 3429 1.000000000000000000e+00
3493 3477 1.000000000000000000e+00
3493 3491 1.000000000000000000e+00
3493 3493 -1.000000000000000000e+00
3493 3494 1.000000000000000000e+00
3493 3497 1.000000000000000000e+00
3493 3525 1.000000000000000000e+00
3493 3749 1.000000000000000000e+00
3494 1447 1.000000000000000000e+00
3494 2982 1.000000000000000000e+00
3494 3430 1.000000000000000000e+00
3494 3478 1.000000000000000000e+00
3494 3493 1.000000000000000000e+00
3494 3494 -1.000000000000000000e+00
3494 3498 1.000000000000000000e+00
3494 3526 1.000000000000000000e+00
3494 3750 1.000000000000000000e+00
3495 2983 1.000000000000000000e+00
3495 3431 1.000000000000000000e+00
3495 3479 1.000000000000000000e+00
3495 3499 1.000000000000000000e+00
3495 3527 1.000000000000000000e+00
3495 3751 1.000000000000000000e+00
3496 1449 1.000000000000000000e+00
3496 2984 1.000000000000000000e+00
3496 3432 1.000000000000000000e+00
3496 3480 1.000000000000000000e+00
3496 3492 1.000000000000000000e+00
3496 3496 -1.000000000000000000e+00
3496 3504 1.000000000000000000e+00
3496 3528 1.000000000000000000e+00
3496 3752 1.000000000000000000e+00
3497 2985 1.000000000000000000e+00
3497 3433 1.000000000000000000e+00
3497 3481 1.000000000000000000e+00
3497 3493 1.000000000000000000e+00
3497 3497 -1.000000000000000000e+00
3497 3498 1.000000000000000000e+00
3497 3505 1.000000000000000000e+00
3497 3529 1.000000000000000000e+00
3497 3753 1.000000000000000000e+00
3498 1451 1.000000000000000000e+00
3498 2986 1.000000000000000000e+00
3498 3434 1.000000000000000000e+00
3498 3482 1.000000000000000000e+00
3498 3494 1.000000000000000000e+00
3498 3497 1.000000000000000000e+00
3498 3498 -2.000000000000000000e+00
3498 3500 1.000000000000000000e+00
3498 3506 1.000000000000000000e+00
3498 3530 1.000000000000000000e+00
3498 3754 1.000000000000000000e+00
3499 2987 1.000000000000000000e+00
3499 3435 1.000000000000000000e+00
3499 3483 1.000000000000000000e+00
3499 3495 1.000000000000000000e+00
3499 3499 -1.000000000000000000e+00
3499 3501 1.000000000000000000e+00
3499 3507 1.000000000000000000e+00
3499 3531 1.000000000000000000e+00
3499 3755 1.000000000000000000e+00
3500 1453 1.000000000000000000e+00
3500 2988 1.000000000000000000e+00
3500 3436 1.000000000000000000e+00
3500 3484 1.000000000000000000e+00
3500 3498 1.000000000000000000e+00
3500 3500 -1.000000000000000000e+00
3500 3508 1.000000000000000000e+00
3500 3532 1.000000000000000000e+00
3500 3756 1.000000000000000000e+00
3501 2989 1.000000000000000000e+00
3501 3437 1.000000000000000000e+00
3501 3485 1.000000000000000000e+00
3501 3499 1.000000000000000000e+00
3501 3501 -1.000000000000000000e+00
3501 3502 1.000000000000000000e+00
3501 3509 1.000000000000000000e+00
3501 3533 1.000000000000000000e+00
3501 3757 1.000000000000000000e+00
3502 1455 1.000000000000000000e+00
3502 2990 1.000000000000000000e+00
3502 3438 1.000000000000000000e+00
3502 3486 1.000000000000000000e+00
3502 3501 1.000000000000000000e+00
3502 3502 -1.000000000000000000e+00
3502 3510 1.000000000000000000e+00
3502 3534 1.000000000000000000e+00
3502 3758 1.000000000000000000e+00
3503 2991 1.000000000000000000e+00
3503 3439 1.000000000000000000e+00
3503 3487 1.000000000000000000e+00
3503 3511 1.000000000000000000e+00
3503 3535 1.000000000000000000e+00
3503 3759 1.000000000000000000e+00
3504 1457 1.000000000000000000e+00
3504 2992 1.000000000000000000e+00
3504 3440 1.000000000000000000e+00
3504 3496 1.000000000000000000e+00
3504 3536 1.000000000000000000e+00
3504 3760 1.000000000000000000e+00
3505 2993 1.000000000000000000e+00
3505 3441 1.000000000000000000e+00
3505 3497 1.000000000000000000e+00
3505 3506 1.000000000000000000e+00
3505 3537 1.000000000000000000e+00
3505 3761 1.000000000000000000e+00
3506 1459 1.000000000000000000e+00
3506 2994 1.000000000000000000e+00
3506 3442 1.000000000000000000e+00
3506 3498 1.000000000000000000e+00
3506 3505 1.000000000000000000e+00
3506 3506 -1.000000000000000000e+00
3506 3508 1.000000000000000000e+00
3506 3538 1.000000000000000000e+00
3506 3762 1.000000000000000000e+00
3507 2995 1.000000000000000000e+00
3507 3443 1.000000000000000000e+00
3507 3499 1.000000000000000000e+00
3507 3509 1.000000000000000000e+00
3507 3539 1.000000000000000000e+00
3507 3763 1.000000000000000000e+00
3508 1461 1.000000000000000000e+00
3508 2996 1.000000000000000000e+00
3508 3444 1.000000000000000000e+00
3508 3500 1.000000000000000000e+00
3508 3506 1.000000000000000000e+00
3508 3508 -1.000000000000000000e+00
3508 3512 1.000000000000000000e+00
3508 3540 1.000000000000000000e+00
3508 3764 1.000000000000000000e+00
3509 2997 1.000000000000000000e+00
3509 3445 1.000000000000000000e+00
3509 3501 1.000000000000000000e+00
3509 3507 1.000000000000000000e+00
3509 3509 -1.000000000000000000e+00
3509 3510 1.000000000000000000e+00
3509 3513 1.000000000000000000e+00
3509 3541 1.000000000000000000e+00
3509 3765 1.000000000000000000e+00
3510 1463 1.000000000000000000e+00
3510 2998 1.000000000000000000e+00
3510 3446 1.000000000000000000e+00
3510 3502 1.000000000000000000e+00
3510 3509 1.000000000000000000e+00
3510 3510 -1.000000000000000000e+00
3510 3514 1.000000000000000000e+00
3510 3542 1.000000000000000000e+00
3510 3766 1.000000000000000000e+00
3511 2999 1.000000000000000000e+00
3511 3447 1.000000000000000000e+00
3511 3503 1.000000000000000000e+00
3511 3515 1.000000000000000000e+00
3511 3543 1.000000000000000000e+00
3511 3767 1.000000000000000000e+00
3512 1465 1.000000000000000000e+00
3512 3000 1.000000000000000000e+00
3512 3448 1.000000000000000000e+00
3512 3508 1.000000000000000000e+00
3512 3544 1.000000000000000000e+00
3512 3768 1.000000000000000000e+00
3513 3001 1.000000000000000000e+00
3513 3449 1.000000000000000000e+00
3513 3509 1.000000000000000000e+00
3513 3514 1.000000000000000000e+00
3513 3545 1.000000000000000000e+00
3513 3769 1.000000000000000000e+00
3514 1467 1.000000000000000000e+00
3514 3002 1.000000000000000000e+00
3514 3450 1.000000000000000000e+00
3514 3510 1.000000000000000000e+00
3514 3513 1.000000000000000000e+00
3514 3514 -1.000000000000000000e+00
3514 3516 1.000000000000000000e+00
3514 3546 1.000000000000000000e+00
3514 3770 1.000000000000000000e+00
3515 3003 1.000000000000000000e+00
3515 3451 1.000000000000000000e+00
3515 3511 1.000000000000000000e+00
3515 3517 1.000000000000000000e+00
3515 3547 1.000000000000000000e+00
3515 3771 1.000000000000000000e+00
3516 1469 1.000000000000000000e+00
3516 3004 1.000000000000000000e+00
3516 3452 1.000000000000000000e+00
3516 3514 1.000000000000000000e+00
3516 3548 1.000000000000000000e+00
3516 3772 1.000000000000000000e+00
3517 3005 1.000000000000000000e+00
3517 3453 1.000000000000000000e+00
3517 3515 1.000000000000000000e+00
3517 3518 1.000000000000000000e+00
3517 3549 1.000000000000000000e+00
3517 3773 1.000000000000000000e+00
3518 1471 1.000000000000000000e+00
3518 3006 1.000000000000000000e+00
3518 3454 1.000000000000000000e+00
3518 3517 1.000000000000000000e+00
3518 3550 1.000000000000000000e+00
3518 3774 1.000000000000000000e+00
3519 3007 1.000000000000000000e+00
3519 3455 1.000000000000000000e+00
3519 3519 1.000000000000000000e+00
3519 3551 1.000000000000000000e+00
3519 3775 1.000000000000000000e+00
3520 1473 1.000000000000000000e+00
3520 3008 1.000000000000000000e+00
3520 3488 1.000000000000000000e+00
3520 3520 1.000000000000000000e+00
3520 3776 1.000000000000000000e+00
3521 3009 1.000000000000000000e+00
3521 3489 1.000000000000000000e+00
3521 3521 1.000000000000000000e+00
3521 3522 1.000000000000000000e+00
3521 3777 1.000000000000000000e+00
3522 1475 1.000000000000000000e+00
3522 3010 1.000000000000000000e+00
3522 3490 1.000000000000000000e+00
3522 3521 1.000000000000000000e+00
3522 3524 1.000000000000000000e+00
3522 3778 1.000000000000000000e+00
3523 3011 1.000000000000000000e+00
3523 3491 1.000000000000000000e+00
3523 3523 1.000000000000000000e+00
3523 3525 1.000000000000000000e+00
3523 3779 1.000000000000000000e+00
3524 1477 1.000000000000000000e+00
3524 3012 1.000000000000000000e+00
3524 3492 1.000000000000000000e+00
3524 3522 1.000000000000000000e+00
3524 3528 1.000000000000000000e+00
3524 3780 1.000000000000000000e+00
3525 3013 1.000000000000000000e+00
3525 3493 1.000000000000000000e+00
3525 3523 1.000000000000000000e+00
3525 3526 1.000000000000000000e+00
3525 3529 1.000000000000000000e+00
3525 3781 1.000000000000000000e+00
3526 1479 1.000000000000000000e+00
3526 3014 1.000000000000000000e+00
3526 3494 1.000000000000000000e+00
3526 3525 1.000000000000000000e+00
3526 3530 1.000000000000000000e+00
3526 3782 1.000000000000000000e+00
3527 3015 1.000000000000000000e+00
3527 3495 1.000000000000000000e+00
3527 3527 1.000000000000000000e+00
3527 3531 1.000000000000000000e+00
3527 3783 1.000000000000000000e+00
3528 1481 1.000000000000000000e+00
3528 3016 1.000000000000000000e+00
3528 3496 1.000000000000000000e+00
3528 3524 1.000000000000000000e+00
3528 3536 1.000000000000000000e+00
3528 3784 1.000000000000000000e+00
3529 3017 1.000000000000000000e+00
3529 3497 1.000000000000000000e+00
3529 3525 1.000000000000000000e+00
3529 3530 1.000000000000000000e+00
3529 3537 1.000000000000000000e+00
3529 3785 1.000000000000000000e+00
3530 1483 1.000000000000000000e+00
3530 3018 1.000000000000000000e+00
3530 3498 1.000000000000000000e+00
3530 3526 1.000000000000000000e+00
3530 3529 1.000000000000000000e+00
3530 3530 -1.000000000000000000e+00
3530 3532 1.000000000000000000e+00
3530 3538 1.000000000000000000e+00
3530 3786 1.000000000000000000e+00
3531 3019 1.000000000000000000e+00
3531 3499 1.000000000000000000e+00
3531 3527 1.000000000000000000e+00
3531 3533 1.000000000000000000e+00
3531 3539 1.000000000000000000e+00
3531 3787 1.000000000000000000e+00
3532 1485 1.000000000000000000e+00
3532 3020 1.000000000000000000e+00
3532 3500 1.000000000000000000e+00
3532 3530 1.000000000000000000e+00
3532 3540 1.000000000000000000e+00
3532 3788 1.000000000000000000e+00
3533 3021 1.000000000000000000e+00
3533 3501 1.000000000000000000e+00
3533 3531 1.000000000000000000e+00
3533 3534 1.000000000000000000e+00
3533 3541 1.000000000000000000e+00
3533 3789 1.000000000000000000e+00
3534 1487 1.000000000000000000e+00
3534 3022 1.000000000000000000e+00
3534 3502 1.000000000000000000e+00
3534 3533 1.000000000000000000e+00
3534 3542 1.000000000000000000e+00
3534 3790 1.000000000000000000e+00
3535 3023 1.000000000000000000e+00
3535 3503 1.000000000000000000e+00
3535 3535 1.000000000000000000e+00
3535 3543 1.000000000000000000e+00
3535 3791 1.000000000000000000e+00
3536 1489 1.000000000000000000e+00
3536 3024 1.000000000000000000e+00
3536 3504 1.000000000000000000e+00
3536 3528 1.000000000000000000e+00
3536 3552 1.000000000000000000e+00
3536 3792 1.000000000000000000e+00
3537 3025 1.000000000000000000e+00
3537 3505 1.000000000000000000e+00
3537 3529 1.000000000000000000e+00
3537 3538 1.000000000000000000e+00
3537 3553 1.000000000000000000e+00
3537 3793 1.000000000000000000e+00
3538 1491 1.000000000000000000e+00
3538 3026 1.000000000000000000e+00
3538 3506 1.000000000000000000e+00
3538 3530 1.000000000000000000e+00
3538 3537 1.000000000000000000e+00
3538 3538 -1.000000000000000000e+00
3538 3540 1.000000000000000000e+00
3538 3554 1.000000000000000000e+00
3538 3794 1.000000000000000000e+00
3539 3027 1.000000000000000000e+00
3539 3507 1.000000000000000000e+00
3539 3531 1.000000000000000000e+00
3539 3541 1.000000000000000000e+00
3539 3555 1.000000000000000000e+00
3539 3795 1.000000000000000000e+00
3540 1493 1.000000000000000000e+00
3540 3028 1.000000000000000000e+00
3540 3508 1.000000000000000000e+00
3540 3532 1.000000000000000000e+00
3540 3538 1.000000000000000000e+00
3540 3540 -1.000000000000000000e+00
3540 3544 1.000000000000000000e+00
3540 3556 1.000000000000000000e+00
3540 3796 1.000000000000000000e+00
3541 3029 1.000000000000000000e+00
3541 3509 1.000000000000000000e+00
3541 3533 1.000000000000000000e+00
3541 3539 1.000000000000000000e+00
3541 3541 -1.000000000000000000e+00
3541 3542 1.000000000000000000e+00
3541 3545 1.000000000000000000e+00
3541 3557 1.000000000000000000e+00
3541 3797 1.000000000000000000e+00
3542 1495 1.000000000000000000e+00
3542 3030 1.000000000000000000e+00
3542 3510 1.000000000000000000e+00
3542 3534 1.000000000000000000e+00
3542 3541 1.000000000000000000e+00
3542 3542 -1.000000000000000000e+00
3542 3546 1.000000000000000000e+00
3542 3558 1.000000000000000000e+00
3542 3798 1.000000000000000000e+00
3543 3031 1.000000000000000000e+00
3543 3511 1.000000000000000000e+00
3543 3535 1.000000000000000000e+00
3543 3547 1.000000000000000000e+00
3543 3559 1.000000000000000000e+00
3543 3799 1.000000000000000000e+00
3544 1497 1.000000000000000000e+00
3544 3032 1.000000000000000000e+00
3544 3512 1.000000000000000000e+00
3544 3540 1.000000000000000000e+00
3544 3560 1.000000000000000000e+00
3544 3800 1.000000000000000000e+00
3545 3033 1.000000000000000000e+00
3545 3513 1.000000000000000000e+00
3545 3541 1.000000000000000000e+00
3545 3546 1.000000000000000000e+00
3545 3561 1.000000000000000000e+00
3545 3801 1.000000000000000000e+00
3546 1499 1.000000000000000000e+00
3546 3034 1.000000000000000000e+00
3546 3514 1.000000000000000000e+00
3546 3542 1.000000000000000000e+00
3546 3545 1.000000000000000000e+00
3546 3546 -1.000000000000000000e+00
3546 3548 1.000000000000000000e+00
3546 3562 1.000000000000000000e+00
3546 3802 1.000000000000000000e+00
3547 3035 1.000000000000000000e+00
3547 3515 1.000000000000000000e+00
3547 3543 1.000000000000000000e+00
3547 3549 1.000000000000000000e+00
3547 3563 1.000000000000000000e+00
3547 3803 1.000000000000000000e+00
3548 1501 1.000000000000000000e+00
3548 3036 1.000000000000000000e+00
3548 3516 1.000000000000000000e+00
3548 3546 1.000000000000000000e+00
3548 3564 1.000000000000000000e+00
3548 3804 1.000000000000000000e+00
3549 3037 1.000000000000000000e+00
3549 3517 1.000000000000000000e+00
3549 3547 1.000000000000000000e+00
3549 3550 1.000000000000000000e+00
3549 3565 1.000000000000000000e+00
3549 3805 1.000000000000000000e+00
3550 1503 1.000000000000000000e+00
3550 3038 1.000000000000000000e+00
3550 3518 1.000000000000000000e+00
3550 3549 1.000000000000000000e+00
3550 3566 1.000000000000000000e+00
3550 3806 1.000000000000000000e+00
3551 3039 1.000000000000000000e+00
3551 3519 1.000000000000000000e+00
3551 3551 1.000000000000000000e+00
3551 3567 1.000000000000000000e+00
3551 3807 1.000000000000000000e+00
3552 1505 1.000000000000000000e+00
3552 3040 1.000000000000000000e+00
3552 3536 1.000000000000000000e+00
3552 3552 1.000000000000000000e+00
3552 3808 1.000000000000000000e+00
3553 3041 1.000000000000000000e+00
3553 3537 1.000000000000000000e+00
3553 3553 1.000000000000000000e+00
3553 3554 1.000000000000000000e+00
3553 3809 1.000000000000000000e+00
3554 1507 1.000000000000000000e+00
3554 3042 1.000000000000000000e+00
3554 3538 1.000000000000000000e+00
3554 3553 1.000000000000000000e+00
3554 3556 1.000000000000000000e+00
3554 3810 1.000000000000000000e+00
3555 3043 1.000000000000000000e+00
3555 3539 1.000000000000000000e+00
3555 3555 1.000000000000000000e+00
3555 3557 1.000000000000000000e+00
3555 3811 1.000000000000000000e+00
3556 1509 1.000000000000000000e+00
3556 3044 1.000000000000000000e+00
3556 3540 1.000000000000000000e+00
3556 3554 1.000000000000000000e+00
3556 3560 1.000000000000000000e+00
3556 3812 1.000000000000000000e+00
3557 3045 1.000000000000000000e+00
3557 3541 1.000000000000000000e+00
3557 3555 1.000000000000000000e+00
3557 3558 1.000000000000000000e+00
3557 3561 1.000000000000000000e+00
3557 3813 1.000000000000000000e+00
3558 1511 1.000000000000000000e+00
3558 3046 1.000000000000000000e+00
3558 3542 1.000000000000000000e+00
3558 3557 1.000000000000000000e+00
3558 3562 1.000000000000000000e+00
3558 3814 1.000000000000000000e+00
3559 3047 1.000000000000000000e+00
3559 3543 1.000000000000000000e+00
3559 3559 1.000000000000000000e+00
3559 3563 1.000000000000000000e+00
3559 3815 1.000000000000000000e+00
3560 1513 1.000000000000000000e+00
3560 3048 1.000000000000000000e+00
3560 3544 1.000000000000000000e+00
3560 3556 1.000000000000000000e+00
3560 3568 1.000000000000000000e+00
3560 3816 1.000000000000000000e+00
3561 3049 1.000000000000000000e+00
3561 3545 1.000000000000000000e+00
3561 3557 1.000000000000000000e+00
3561 3562 1.000000000000000000e+00
3561 3569 1.000000000000000000e+00
3561 3817 1.000000000000000000e+00
3562 1515 1.000000000000000000e+00
3562 3050 1.000000000000000000e+00
3562 3546 1.000000000000000000e+00
3562 3558 1.000000000000000000e+00
3562 3561 1.000000000000000000e+00
3562 3562 -1.000000000000000000e+00
3562 3564 1.000000000000000000e+00
3562 3570 1.000000000000000000e+00
3562 3818 1.000000000000000000e+00
3563 3051 1.000000000000000000e+00
3563 3547 1.000000000000000000e+00
3563 3559 1.000000000000000000e+00
3563 3565 1.000000000000000000e+00
3563 3571 1.000000000000000000e+00
3563 3819 1.000000000000000000e+00
3564 1517 1.000000000000000000e+00
3564 3052 1.000000000000000000e+00
3564 3548 1.000000000000000000e+00
3564 3562 1.000000000000000000e+00
3564 3572 1.000000000000000000e+00
3564 3820 1.000000000000000000e+00
3565 3053 1.000000000000000000e+00
3565 3549 1.000000000000000000e+00
3565 3563 1.000000000000000000e+00
3565 3566 1.000000000000000000e+00
3565 3573 1.000000000000000000e+00
3565 3821 1.000000000000000000e+00
3566 1519 1.000000000000000000e+00
3566 3054 1.000000000000000000e+00
3566 3550 1.000000000000000000e+00
3566 3565 1.000000000000000000e+00
3566 3574 1.000000000000000000e+00
3566 3822 1.000000000000000000e+00
3567 3055 1.000000000000000000e+00
3567 3551 1.000000000000000000e+00
3567 3567 1.000000000000000000e+00
3567 3575 1.000000000000000000e+00
3567 3823 1.000000000000000000e+00
3568 1521 1.000000000000000000e+00
3568 3056 1.000000000000000000e+00
3568 3560 1.000000000000000000e+00
3568 3568 1.000000000000000000e+00
3568 3824 1.000000000000000000e+00
3569 3057 1.000000000000000000e+00
3569 3561 1.000000000000000000e+00
3569 3569 1.000000000000000000e+00
3569 3570 1.000000000000000000e+00
3569 3825 1.000000000000000000e+00
3570 1523 1.000000000000000000e+00
3570 3058 1.000000000000000000e+00
3570 3562 1.000000000000000000e+00
3570 3569 1.000000000000000000e+00
3570 3572 1.000000000000000000e+00
3570 3826 1.000000000000000000e+00
3571 3059 1.000000000000000000e+00
3571 3563 1.000000000000000000e+00
3571 3571 1.000000000000000000e+00
3571 3573 1.000000000000000000e+00
3571 3827 1.000000000000000000e+00
3572 1525 1.000000000000000000e+00
3572 3060 1.000000000000000000e+00
3572 3564 1.000000000000000000e+00
3572 3570 1.000000000000000000e+00
3572 3576 1.000000000000000000e+00
3572 3828 1.000000000000000000e+00
3573 3061 1.000000000000000000e+00
3573 3565 1.000000000000000000e+00
3573 3571 1.000000000000000000e+00
3573 3574 1.000000000000000000e+00
3573 3577 1.000000000000000000e+00
3573 3829 1.000000000000000000e+00
3574 1527 1.000000000000000000e+00
3574 3062 1.000000000000000000e+00
3574 3566 1.000000000000000000e+00
3574 3573 1.000000000000000000e+00
3574 3578 1.000000000000000000e+00
3574 3830 1.000000000000000000e+00
3575 3063 1.000000000000000000e+00
3575 3567 1.000000000000000000e+00
3575 3575 1.000000000000000000e+00
3575 3579 1.000000000000000000e+00
3575 3831 1.000000000000000000e+00
3576 1529 1.000000000000000000e+00
3576 3064 1.000000000000000000e+00
3576 3572 1.000000000000000000e+00
3576 3576 1.000000000000000000e+00
3576 3832 1.000000000000000000e+00
3577 3065 1.000000000000000000e+00
3577 3573 1.000000000000000000e+00
3577 3577 1.000000000000000000e+00
3577 3578 1.000000000000000000e+00
3577 3833 1.000000000000000000e+00
3578 1531 1.000000000000000000e+00
3578 3066 1.000000000000000000e+00
3578 3574 1.000000000000000000e+00
3578 3577 1.000000000000000000e+00
3578 3580 1.000000000000000000e+00
3578 3834 1.000000000000000000e+00
3579 3067 1.000000000000000000e+00
3579 3575 1.000000000000000000e+00
3579 3579 1.000000000000000000e+00
3579 3581 1.000000000000000000e+00
3579 3835 1.000000000000000000e+00
3580 1533 1.000000000000000000e+00
3580 3068 1.000000000000000000e+00
3580 3578 1.000000000000000000e+00
3580 3580 1.000000000000000000e+00
3580 3836 1.000000000000000000e+00
3581 3069 1.000000000000000000e+00
3581 3579 1.000000000000000000e+00
3581 3581 1.000000000000000000e+00
3581 3582 1.000000000000000000e+00
3581 3837 1.000000000000000000e+00
3582 1535 1.000000000000000000e+00
3582 3070 1.000000000000000000e+00
3582 3581 1.000000000000000000e+00
3582 3582 1.000000000000000000e+00
3582 3838 1.000000000000000000e+00
3583 3071 1.000000000000000000e+00
3583 3583 2.000000000000000000e+00
3583 3839 1.000000000000000000e+00
3584 1537 1.000000000000000000e+00
3584 3328 1.000000000000000000e+00
3584 3584 2.000000000000000000e+00
3585 3329 1.000000000000000000e+00
3585 3585 2.000000000000000000e+00
3585 3586 1.000000000000000000e+00
3586 1539 1.000000000000000000e+00
3586 3330 1.000000000000000000e+00
3586 3585 1.000000000000000000e+00
3586 3586 1.000000000000000000e+00
3586 3588 1.000000000000000000e+00
3587 3331 1.000000000000000000e+00
3587 3587 2.000000000000000000e+00
3587 3589 1.000000000000000000e+00
3588 1541 1.000000000000000000e+00
3588 3332 1.000000000000000000e+00
3588 3586 1.000000000000000000e+00
3588 3588 1.000000000000000000e+00
3588 3592 1.000000000000000000e+00
3589 3333 1.000000000000000000e+00
3589 3587 1.000000000000000000e+00
3589 3589 1.000000000000000000e+00
3589 3590 1.000000000000000000e+00
3589 3593 1.000000000000000000e+00
3590 1543 1.000000000000000000e+00
3590 3334 1.000000000000000000e+00
3590 3589 1.000000000000000000e+00
3590 3590 1.000000000000000000e+00
3590 3594 1.000000000000000000e+00
3591 3335 1.000000000000000000e+00
3591 3591 2.000000000000000000e+00
3591 3595 1.000000000000000000e+00
3592 1545 1.000000000000000000e+00
3592 3336 1.000000000000000000e+00
3592 3588 1.000000000000000000e+00
3592 3592 1.000000000000000000e+00
3592 3600 1.000000000000000000e+00
3593 3337 1.000000000000000000e+00
3593 3589 1.000000000000000000e+00
3593 3593 1.000000000000000000e+00
3593 3594 1.000000000000000000e+00
3593 3601 1.000000000000000000e+00
3594 1547 1.000000000000000000e+00
3594 3338 1.000000000000000000e+00
3594 3590 1.000000000000000000e+00
3594 3593 1.000000000000000000e+00
3594 3596 1.000000000000000000e+00
3594 3602 1.000000000000000000e+00
3595 3339 1.000000000000000000e+00
3595 3591 1.000000000000000000e+00
3595 3595 1.000000000000000000e+00
3595 3597 1.000000000000000000e+00
3595 3603 1.000000000000000000e+00
3596 1549 1.000000000000000000e+00
3596 3340 1.000000000000000000e+00
3596 3594 1.000000000000000000e+00
3596 3596 1.000000000000000000e+00
3596 3604 1.000000000000000000e+00
3597 3341 1.000000000000000000e+00
3597 3595 1.000000000000000000e+00
3597 3597 1.000000000000000000e+00
3597 3598 1.000000000000000000e+00
3597 3605 1.000000000000000000e+00
3598 1551 1.000000000000000000e+00
3598 3342 1.000000000000000000e+00
3598 3597 1.000000000000000000e+00
3598 3598 1.000000000000000000e+00
3598 3606 1.000000000000000000e+00
3599 3343 1.000000000000000000e+00
3599 3599 2.000000000000000000e+00
3599 3607 1.000000000000000000e+00
3600 1553 1.000000000000000000e+00
3600 3344 1.000000000000000000e+00
3600 3592 1.000000000000000000e+00
3600 3600 1.000000000000000000e+00
3600 3616 1.000000000000000000e+00
3601 3345 1.000000000000000000e+00
3601 3593 1.000000000000000000e+00
3601 3601 1.000000000000000000e+00
3601 3602 1.000000000000000000e+00
3601 3617 1.000000000000000000e+00
3602 1555 1.000000000000000000e+00
3602 3346 1.000000000000000000e+00
3602 3594 1.000000000000000000e+00
3602 3601 1.000000000000000000e+00
3602 3604 1.000000000000000000e+00
3602 3618 1.000000000000000000e+00
3603 3347 1.000000000000000000e+00
3603 3595 1.000000000000000000e+00
3603 3603 1.000000000000000000e+00
3603 3605 1.000000000000000000e+00
3603 3619 1.000000000000000000e+00
3604 1557 1.000000000000000000e+00
3604 3348 1.000000000000000000e+00
3604 3596 1.000000000000000000e+00
3604 3602 1.000000000000000000e+00
3604 3608 1.000000000000000000e+00
3604 3620 1.000000000000000000e+00
3605 3349 1.000000000000000000e+00
3605 3597 1.000000000000000000e+00
3605 3603 1.000000000000000000e+00
3605 3606 1.000000000000000000e+00
3605 3609 1.000000000000000000e+00
3605 3621 1.000000000000000000e+00
3606 1559 1.000000000000000000e+00
3606 3350 1.000000000000000000e+00
3606 3598 1.000000000000000000e+00
3606 3605 1.000000000000000000e+00
3606 3610 1.000000000000000000e+00
3606 3622 1.000000000000000000e+00
3607 3351 1.000000000000000000e+00
3607 3599 1.000000000000000000e+00
3607 3607 1.000000000000000000e+00
3607 3611 1.000000000000000000e+00
3607 3623 1.000000000000000000e+00
3608 1561 1.000000000000000000e+00
3608 3352 1.000000000000000000e+00
3608 3604 1.000000000000000000e+00
3608 3608 1.000000000000000000e+00
3608 3624 1.000000000000000000e+00
3609 3353 1.000000000000000000e+00
3609 3605 1.000000000000000000e+00
3609 3609 1.000000000000000000e+00
3609 3610 1.000000000000000000e+00
3609 3625 1.000000000000000000e+00
3610 1563 1.000000000000000000e+00
3610 3354 1.000000000000000000e+00
3610 3606 1.000000000000000000e+00
3610 3609 1.000000000000000000e+00
3610 3612 1.000000000000000000e+00
3610 3626 1.000000000000000000e+00
3611 3355 1.000000000000000000e+00
3611 3607 1.000000000000000000e+00
3611 3611 1.000000000000000000e+00
3611 3613 1.000000000000000000e+00
3611 3627 1.000000000000000000e+00
3612 1565 1.000000000000000000e+00
3612 3356 1.000000000000000000e+00
3612 3610 1.000000000000000000e+00
3612 3612 1.000000000000000000e+00
3612 3628 1.000000000000000000e+00
3613 3357 1.000000000000000000e+00
3613 3611 1.000000000000000000e+00
3613 3613 1.000000000000000000e+00
3613 3614 1.000000000000000000e+00
3613 3629 1.000000000000000000e+00
3614 1567 1.000000000000000000e+00
3614 3358 1.000000000000000000e+00
3614 3613 1.000000000000000000e+00
3614 3614 1.000000000000000000e+00
3614 3630 1.000000000000000000e+00
3615 3359 1.000000000000000000e+00
3615 3615 2.000000000000000000e+00
3615 3631 1.000000000000000000e+00
3616 1569 1.000000000000000000e+00
3616 3360 1.000000000000000000e+00
3616 3600 1.000000000000000000e+00
3616 3616 1.000000000000000000e+00
3616 3648 1.000000000000000000e+00
3617 3361 1.000000000000000000e+00
3617 3601 1.000000000000000000e+00
3617 3617 1.000000000000000000e+00
3617 3618 1.000000000000000000e+00
3617 3649 1.000000000000000000e+00
3618 1571 1.000000000000000000e+00
3618 3362 1.000000000000000000e+00
3618 3602 1.000000000000000000e+00
3618 3617 1.000000000000000000e+00
3618 3620 1.000000000000000000e+00
3618 3650 1.000000000000000000e+00
3619 3363 1.000000000000000000e+00
3619 3603 1.000000000000000000e+00
3619 3619 1.000000000000000000e+00
3619 3621 1.000000000000000000e+00
3619 3651 1.000000000000000000e+00
3620 1573 1.000000000000000000e+00
3620 3364 1.000000000000000000e+00
3620 3604 1.000000000000000000e+00
3620 3618 1.000000000000000000e+00
3620 3624 1.000000000000000000e+00
3620 3652 1.000000000000000000e+00
3621 3365 1.000000000000000000e+00
3621 3605 1.000000000000000000e+00
3621 3619 1.000000000000000000e+00
3621 3622 1.000000000000000000e+00
3621 3625 1.000000000000000000e+00
3621 3653 1.000000000000000000e+00
3622 1575 1.000000000000000000e+00
3622 3366 1.000000000000000000e+00
3622 3606 1.000000000000000000e+00
3622 3621 1.000000000000000000e+00
3622 3626 1.000000000000000000e+00
3622 3654 1.000000000000000000e+00
3623 3367 1.000000000000000000e+00
3623 3607 1.000000000000000000e+00
3623 3623 1.000000000000000000e+00
3623 3627 1.000000000000000000e+00
3623 3655 1.000000000000000000e+00
3624 1577 1.000000000000000000e+00
3624 3368 1.000000000000000000e+00
3624 3608 1.000000000000000000e+00
3624 3620 1.000000000000000000e+00
3624 3632 1.000000000000000000e+00
3624 3656 1.000000000000000000e+00
3625 3369 1.000000000000000000e+00
3625 3609 1.000000000000000000e+00
3625 3621 1.000000000000000000e+00
3625 3626 1.000000000000000000e+00
3625 3633 1.000000000000000000e+00
3625 3657 1.000000000000000000e+00
3626 1579 1.000000000000000000e+00
3626 3370 1.000000000000000000e+00
3626 3610 1.000000000000000000e+00
3626 3622 1.000000000000000000e+00
3626 3625 1.000000000000000000e+00
3626 3626 -1.000000000000000000e+00
3626 3628 1.000000000000000000e+00
3626 3634 1.000000000000000000e+00
3626 3658 1.000000000000000000e+00
3627 3371 1.000000000000000000e+00
3627 3611 1.000000000000000000e+00
3627 3623 1.000000000000000000e+00
3627 3629 1.000000000000000000e+00
3627 3635 1.000000000000000000e+00
3627 3659 1.000000000000000000e+00
3628 1581 1.000000000000000000e+00
3628 3372 1.000000000000000000e+00
3628 3612 1.000000000000000000e+00
3628 3626 1.000000000000000000e+00
3628 3636 1.000000000000000000e+00
3628 3660 1.000000000000000000e+00
3629 3373 1.000000000000000000e+00
3629 3613 1.000000000000000000e+00
3629 3627 1.000000000000000000e+00
3629 3630 1.000000000000000000e+00
3629 3637 1.000000000000000000e+00
3629 3661 1.000000000000000000e+00
3630 1583 1.000000000000000000e+00
3630 3374 1.000000000000000000e+00
3630 3614 1.000000000000000000e+00
3630 3629 1.000000000000000000e+00
3630 3638 1.000000000000000000e+00
3630 3662 1.000000000000000000e+00
3631 3375 1.000000000000000000e+00
3631 3615 1.000000000000000000e+00
3631 3631 1.000000000000000000e+00
3631 3639 1.000000000000000000e+00
3631 3663 1.000000000000000000e+00
3632 1585 1.000000000000000000e+00
3632 3376 1.000000000000000000e+00
3632 3624 1.000000000000000000e+00
3632 3632 1.000000000000000000e+00
3632 3664 1.000000000000000000e+00
3633 3377 1.000000000000000000e+00
3633 3625 1.000000000000000000e+00
3633 3633 1.000000000000000000e+00
3633 3634 1.000000000000000000e+00
3633 3665 1.000000000000000000e+00
3634 1587 1.000000000000000000e+00
3634 3378 1.000000000000000000e+00
3634 3626 1.000000000000000000e+00
3634 3633 1.000000000000000000e+00
3634 3636 1.000000000000000000e+00
3634 3666 1.000000000000000000e+00
3635 3379 1.000000000000000000e+00
3635 3627 1.000000000000000000e+00
3635 3635 1.000000000000000000e+00
3635 3637 1.000000000000000000e+00
3635 3667 1.000000000000000000e+00
3636 1589 1.000000000000000000e+00
3636 3380 1.000000000000000000e+00
3636 3628 1.000000000000000000e+00
3636 3634 1.000000000000000000e+00
3636 3640 1.000000000000000000e+00
3636 3668 1.000000000000000000e+00
3637 3381 1.000000000000000000e+00
3637 3629 1.000000000000000000e+00
3637 3635 1.000000000000000000e+00
3637 3638 1.000000000000000000e+00
3637 3641 1.000000000000000000e+00
3637 3669 1.000000000000000000e+00
3638 1591 1.000000000000000000e+00
3638 3382 1.000000000000000000e+00
3638 3630 1.000000000000000000e+00
3638 3637 1.000000000000000000e+00
3638 3642 1.000000000000000000e+00
3638 3670 1.000000000000000000e+00
3639 3383 1.000000000000000000e+00
3639 3631 1.000000000000000000e+00
3639 3639 1.000000000000000000e+00
3639 3643 1.000000000000000000e+00
3639 3671 1.000000000000000000e+00
3640 1593 1.000000000000000000e+00
3640 3384 1.000000000000000000e+00
3640 3636 1.000000000000000000e+00
3640 3640 1.000000000000000000e+00
3640 3672 1.000000000000000000e+00
3641 3385 1.000000000000000000e+00
3641 3637 1.000000000000000000e+00
3641 3641 1.000000000000000000e+00
3641 3642 1.000000000000000000e+00
3641 3673 1.000000000000000000e+00
3642 1595 1.000000000000000000e+00
3642 3386 1.000000000000000000e+00
3642 3638 1.000000000000000000e+00
3642 3641 1.000000000000000000e+00
3642 3644 1.000000000000000000e+00
3642 3674 1.000000000000000000e+00
3643 3387 1.000000000000000000e+00
3643 3639 1.000000000000000000e+00
3643 3643 1.000000000000000000e+00
3643 3645 1.000000000000000000e+00
3643 3675 1.000000000000000000e+00
3644 1597 1.000000000000000000e+00
3644 3388 1.000000000000000000e+00
3644 3642 1.000000000000000000e+00
3644 3644 1.000000000000000000e+00
3644 3676 1.000000000000000000e+00
3645 3389 1.000000000000000000e+00
3645 3643 1.000000000000000000e+00
3645 3645 1.000000000000000000e+00
3645 3646 1.000000000000000000e+00
3645 3677 1.000000000000000000e+00
3646 1599 1.000000000000000000e+00
3646 3390 1.000000000000000000e+00
3646 3645 1.000000000000000000e+00
3646 3646 1.000000000000000000e+00
3646 3678 1.000000000000000000e+00
3647 3391 1.000000000000000000e+00
3647 3647 2.000000000000000000e+00
3647 3679 1.000000000000000000e+00
3648 1601 1.000000000000000000e+00
3648 3392 1.000000000000000000e+00
3648 3616 1.000000000000000000e+00
3648 3648 1.000000000000000000e+00
3648 3712 1.000000000000000000e+00
3649 3393 1.000000000000000000e+00
3649 3617 1.000000000000000000e+00
3649 3649 1.000000000000000000e+00
3649 3650 1.000000000000000000e+00
3649 3713 1.000000000000000000e+00
3650 1603 1.000000000000000000e+00
3650 3394 1.000000000000000000e+00
3650 3618 1.000000000000000000e+00
3650 3649 1.000000000000000000e+00
3650 3652 1.000000000000000000e+00
3650 3714 1.000000000000000000e+00
3651 3395 1.000000000000000000e+00
3651 3619 1.000000000000000000e+00
3651 3651 1.000000000000000000e+00
3651 3653 1.000000000000000000e+00
3651 3715 1.000000000000000000e+00
3652 1605 1.000000000000000000e+00
3652 3396 1.000000000000000000e+00
3652 3620 1.000000000000000000e+00
3652 3650 1.000000000000000000e+00
3652 3656 1.000000000000000000e+00
3652 3716 1.000000000000000000e+00
3653 3397 1.000000000000000000e+00
3653 3621 1.000000000000000000e+00
3653 3651 1.000000000000000000e+00
3653 3654 1.000000000000000000e+00
3653 3657 1.000000000000000000e+00
3653 3717 1.000000000000000000e+00
3654 1607 1.000000000000000000e+00
3654 3398 1.000000000000000000e+00
3654 3622 1.000000000000000000e+00
3654 3653 1.000000000000000000e+00
3654 3658 1.000000000000000000e+00
3654 3718 1.000000000000000000e+00
3655 3399 1.000000000000000000e+00
3655 3623 1.000000000000000000e+00
3655 3655 1.000000000000000000e+00
3655 3659 1.000000000000000000e+00
3655 3719 1.000000000000000000e+00
3656 1609 1.000000000000000000e+00
3656 3400 1.000000000000000000e+00
3656 3624 1.000000000000000000e+00
3656 3652 1.000000000000000000e+00
3656 3664 1.000000000000000000e+00
3656 3720 1.000000000000000000e+00
3657 3401 1.000000000000000000e+00
3657 3625 1.000000000000000000e+00
3657 3653 1.000000000000000000e+00
3657 3658 1.000000000000000000e+00
3657 3665 1.000000000000000000e+00
3657 3721 1.000000000000000000e+00
3658 1611 1.000000000000000000e+00
3658 3402 1.000000000000000000e+00
3658 3626 1.000000000000000000e+00
3658 3654 1.000000000000000000e+00
3658 3657 1.000000000000000000e+00
3658 3658 -1.000000000000000000e+00
3658 3660 1.000000000000000000e+00
3658 3666 1.000000000000000000e+00
3658 3722 1.000000000000000000e+00
3659 3403 1.000000000000000000e+00
3659 3627 1.000000000000000000e+00
3659 3655 1.000000000000000000e+00
3659 3661 1.000000000000000000e+00
3659 3667 1.000000000000000000e+00
3659 3723 1.000000000000000000e+00
3660 1613 1.000000000000000000e+00
3660 3404 1.000000000000000000e+00
3660 3628 1.000000000000000000e+00
3660 3658 1.000000000000000000e+00
3660 3668 1.000000000000000000e+00
3660 3724 1.000000000000000000e+00
3661 3405 1.000000000000000000e+00
3661 3629 1.000000000000000000e+00
3661 3659 1.000000000000000000e+00
3661 3662 1.000000000000000000e+00
3661 3669 1.000000000000000000e+00
3661 3725 1.000000000000000000e+00
3662 1615 1.000000000000000000e+00
3662 3406 1.000000000000000000e+00
3662 3630 1.000000000000000000e+00
3662 3661 1.000000000000000000e+00
3662 3670 1.000000000000000000e+00
3662 3726 1.000000000000000000e+00
3663 3407 1.000000000000000000e+00
3663 3631 1.000000000000000000e+00
3663 3663 1.000000000000000000e+00
3663 3671 1.000000000000000000e+00
3663 3727 1.000000000000000000e+00
3664 1617 1.000000000000000000e+00
3664 3408 1.000000000000000000e+00
3664 3632 1.000000000000000000e+00
3664 3656 1.000000000000000000e+00
3664 3680 1.000000000000000000e+00
3664 3728 1.000000000000000000e+00
3665 3409 1.000000000000000000e+00
3665 3633 1.000000000000000000e+00
3665 3657 1.000000000000000000e+00
3665 3666 1.000000000000000000e+00
3665 3681 1.000000000000000000e+00
3665 3729 1.000000000000000000e+00
3666 1619 1.000000000000000000e+00
3666 3410 1.000000000000000000e+00
3666 3634 1.000000000000000000e+00
3666 3658 1.000000000000000000e+00
3666 3665 1.000000000000000000e+00
3666 3666 -1.000000000000000000e+00
3666 3668 1.000000000000000000e+00
3666 3682 1.000000000000000000e+00
3666 3730 1.000000000000000000e+00
3667 3411 1.000000000000000000e+00
3667 3635 1.000000000000000000e+00
3667 3659 1.000000000000000000e+00
3667 3669 1.000000000000000000e+00
3667 3683 1.000000000000000000e+00
3667 3731 1.000000000000000000e+00
3668 1621 1.000000000000000000e+00
3668 3412 1.000000000000000000e+00
3668 3636 1.000000000000000000e+00
3668 3660 1.000000000000000000e+00
3668 3666 1.000000000000000000e+00
3668 3668 -1.000000000000000000e+00
3668 3672 1.000000000000000000e+00
3668 3684 1.000000000000000000e+00
3668 3732 1.000000000000000000e+00
3669 3413 1.000000000000000000e+00
3669 3637 1.000000000000000000e+00
3669 3661 1.000000000000000000e+00
3669 3667 1.000000000000000000e+00
3669 3669 -1.000000000000000000e+00
3669 3670 1.000000000000000000e+00
3669 3673 1.000000000000000000e+00
3669 3685 1.000000000000000000e+00
3669 3733 1.000000000000000000e+00
3670 1623 1.000000000000000000e+00
3670 3414 1.000000000000000000e+00
3670 3638 1.000000000000000000e+00
3670 3662 1.000000000000000000e+00
3670 3669 1.000000000000000000e+00
3670 3670 -1.000000000000000000e+00
3670 3674 1.000000000000000000e+00
3670 3686 1.000000000000000000e+00
3670 3734 1.000000000000000000e+00
3671 3415 1.000000000000000000e+00
3671 3639 1.000000000000000000e+00
3671 3663 1.000000000000000000e+00
3671 3675 1.000000000000000000e+00
3671 3687 1.000000000000000000e+00
3671 3735 1.000000000000000000e+00
3672 1625 1.000000000000000000e+00
3672 3416 1.000000000000000000e+00
3672 3640 1.000000000000000000e+00
3672 3668 1.000000000000000000e+00
3672 3688 1.000000000000000000e+00
3672 3736 1.000000000000000000e+00
3673 3417 1.000000000000000000e+00
3673 3641 1.000000000000000000e+00
3673 3669 1.000000000000000000e+00
3673 3674 1.000000000000000000e+00
3673 3689 1.000000000000000000e+00
3673 3737 1.000000000000000000e+00
3674 1627 1.000000000000000000e+00
3674 3418 1.000000000000000000e+00
3674 3642 1.000000000000000000e+00
3674 3670 1.000000000000000000e+00
3674 3673 1.000000000000000000e+00
3674 3674 -1.000000000000000000e+00
3674 3676 1.000000000000000000e+00
3674 3690 1.000000000000000000e+00
3674 3738 1.000000000000000000e+00
3675 3419 1.000000000000000000e+00
3675 3643 1.000000000000000000e+00
3675 3671 1.000000000000000000e+00
3675 3677 1.000000000000000000e+00
3675 3691 1.000000000000000000e+00
3675 3739 1.000000000000000000e+00
3676 1629 1.000000000000000000e+00
3676 3420 1.000000000000000000e+00
3676 3644 1.000000000000000000e+00
3676 3674 1.000000000000000000e+00
3676 3692 1.000000000000000000e+00
3676 3740 1.000000000000000000e+00
3677 3421 1.000000000000000000e+00
3677 3645 1.000000000000000000e+00
3677 3675 1.000000000000000000e+00
3677 3678 1.000000000000000000e+00
3677 3693 1.000000000000000000e+00
3677 3741 1.000000000000000000e+00
3678 1631 1.000000000000000000e+00
3678 3422 1.000000000000000000e+00
3678 3646 1.000000000000000000e+00
3678 3677 1.000000000000000000e+00
3678 3694 1.000000000000000000e+00
3678 3742 1.000000000000000000e+00
3679 3423 1.000000000000000000e+00
3679 3647 1.000000000000000000e+00
3679 3679 1.000000000000000000e+00
3679 3695 1.000000000000000000e+00
3679 3743 1.000000000000000000e+00
3680 1633 1.000000000000000000e+00
3680 3424 1.000000000000000000e+00
3680 3664 1.000000000000000000e+00
3680 3680 1.000000000000000000e+00
3680 3744 1.000000000000000000e+00
3681 3425 1.000000000000000000e+00
3681 3665 1.000000000000000000e+00
3681 3681 1.000000000000000000e+00
3681 3682 1.000000000000000000e+00
3681 3745 1.000000000000000000e+00
3682 1635 1.000000000000000000e+00
3682 3426 1.000000000000000000e+00
3682 3666 1.000000000000000000e+00
3682 3681 1.000000000000000000e+00
3682 3684 1.000000000000000000e+00
3682 3746 1.000000000000000000e+00
3683 3427 1.000000000000000000e+00
3683 3667 1.000000000000000000e+00
3683 3683 1.000000000000000000e+00
3683 3685 1.000000000000000000e+00
3683 3747 1.000000000000000000e+00
3684 1637 1.000000000000000000e+00
3684 3428 1.000000000000000000e+00
3684 3668 1.000000000000000000e+00
3684 3682 1.000000000000000000e+00
3684 3688 1.000000000000000000e+00
3684 3748 1.000000000000000000e+00
3685 3429 1.000000000000000000e+00
3685 3669 1.000000000000000000e+00
3685 3683 1.000000000000000000e+00
3685 3686 1.000000000000000000e+00
3685 3689 1.000000000000000000e+00
3685 3749 1.000000000000000000e+00
3686 1639 1.000000000000000000e+00
3686 3430 1.000000000000000000e+00
3686 3670 1.000000000000000000e+00
3686 3685 1.000000000000000000e+00
3686 3690 1.000000000000000000e+00
3686 3750 1.000000000000000000e+00
3687 3431 1.000000000000000000e+00
3687 3671 1.000000000000000000e+00
3687 3687 1.000000000000000000e+00
3687 3691 1.000000000000000000e+00
3687 3751 1.000000000000000000e+00
3688 1641 1.000000000000000000e+00
3688 3432 1.000000000000000000e+00
3688 3672 1.000000000000000000e+00
3688 3684 1.000000000000000000e+00
3688 3696 1.000000000000000000e+00
3688 3752 1.000000000000000000e+00
3689 3433 1.000000000000000000e+00
3689 3673 1.000000000000000000e+00
3689 3685 1.000000000000000000e+00
3689 3690 1.000000000000000000e+00
3689 3697 1.000000000000000000e+00
3689 3753 1.000000000000000000e+00
3690 1643 1.000000000000000000e+00
3690 3434 1.000000000000000000e+00
3690 3674 1.000000000000000000e+00
3690 3686 1.000000000000000000e+00
3690 3689 1.000000000000000000e+00
3690 3690 -1.000000000000000000e+00
3690 3692 1.000000000000000000e+00
3690 3698 1.000000000000000000e+00
3690 3754 1.000000000000000000e+00
3691 3435 1.000000000000000000e+00
3691 3675 1.000000000000000000e+00
3691 3687 1.000000000000000000e+00
3691 3693 1.000000000000000000e+00
3691 3699 1.000000000000000000e+00
3691 3755 1.000000000000000000e+00
3692 1645 1.000000000000000000e+00
3692 3436 1.000000000000000000e+00
3692 3676 1.000000000000000000e+00
3692 3690 1.000000000000000000e+00
3692 3700 1.000000000000000000e+00
3692 3756 1.000000000000000000e+00
3693 3437 1.000000000000000000e+00
3693 3677 1.000000000000000000e+00
3693 3691 1.000000000000000000e+00
3693 3694 1.000000000000000000e+00
3693 3701 1.000000000000000000e+00
3693 3757 1.000000000000000000e+00
3694 1647 1.000000000000000000e+00
3694 3438 1.000000000000000000e+00
3694 3678 1.000000000000000000e+00
3694 3693 1.000000000000000000e+00
3694 3702 1.000000000000000000e+00
3694 3758 1.000000000000000000e+00
3695 3439 1.000000000000000000e+00
3695 3679 1.000000000000000000e+00
3695 3695 1.000000000000000000e+00
3695 3703 1.000000000000000000e+00
3695 3759 1.000000000000000000e+00
3696 1649 1.000000000000000000e+00
3696 3440 1.000000000000000000e+00
3696 3688 1.000000000000000000e+00
3696 3696 1.000000000000000000e+00
3696 3760 1.000000000000000000e+00
3697 3441 1.000000000000000000e+00
3697 3689 1.000000000000000000e+00
3697 3697 1.000000000000000000e+00
3697 3698 1.000000000000000000e+00
3697 3761 1.000000000000000000e+00
3698 1651 1.000000000000000000e+00
3698 3442 1.000000000000000000e+00
3698 3690 1.000000000000000000e+00
3698 3697 1.000000000000000000e+00
3698 3700 1.000000000000000000e+00
3698 3762 1.000000000000000000e+00
3699 3443 1.000000000000000000e+00
3699 3691 1.000000000000000000e+00
3699 3699 1.000000000000000000e+00
3699 3701 1.000000000000000000e+00
3699 3763 1.000000000000000000e+00
3700 1653 1.000000000000000000e+00
3700 3444 1.000000000000000000e+00
3700 3692 1.000000000000000000e+00
3700 3698 1.000000000000000000e+00
3700 3704 1.000000000000000000e+00
3700 3764 1.000000000000000000e+00
3701 3445 1.000000000000000000e+00
3701 3693 1.000000000000000000e+00
3701 3699 1.000000000000000000e+00
3701 3702 1.000000000000000000e+00
3701 3705 1.000000000000000000e+00
3701 3765 1.000000000000000000e+00
3702 1655 1.000000000000000000e+00
3702 3446 1.000000000000000000e+00
3702 3694 1.000000000000000000e+00
3702 3701 1.000000000000000000e+00
3702 3706 1.000000000000000000e+00
3702 3766 1.000000000000000000e+00
3703 3447 1.000000000000000000e+00
3703 3695 1.000000000000000000e+00
3703 3703 1.000000000000000000e+00
3703 3707 1.000000000000000000e+00
3703 3767 1.000000000000000000e+00
3704 1657 1.000000000000000000e+00
3704 3448 1.000000000000000000e+00
3704 3700 1.000000000000000000e+00
3704 3704 1.000000000000000000e+00
3704 3768 1.000000000000000000e+00
3705 3449 1.000000000000000000e+00
3705 3701 1.000000000000000000e+00
3705 3705 1.000000000000000000e+00
3705 3706 1.000000000000000000e+00
3705 3769 1.000000000000000000e+00
3706 1659 1.000000000000000000e+00
3706 3450 1.000000000000000000e+00
3706 3702 1.000000000000000000e+00
3706 3705 1.000000000000000000e+00
3706 3708 1.000000000000000000e+00
3706 3770 1.000000000000000000e+00
3707 3451 1.000000000000000000e+00
3707 3703 1.000000000000000000e+00
3707 3707 1.000000000000000000e+00
3707 3709 1.000000000000000000e+00
3707 3771 1.000000000000000000e+00
3708 1661 1.000000000000000000e+00
3708 3452 1.000000000000000000e+00
3708 3706 1.000000000000000000e+00
3708 3708 1.000000000000000000e+00
3708 3772 1.000000000000000000e+00
3709 3453 1.000000000000000000e+00
3709 3707 1.000000000000000000e+00
3709 3709 1.000000000000000000e+00
3709 3710 1.000000000000000000e+00
3709 3773 1.000000000000000000e+00
3710 1663 1.000000000000000000e+00
3710 3454 1.000000000000000000e+00
3710 3709 1.000000000000000000e+00
3710 3710 1.000000000000000000e+00
3710 3774 1.000000000000000000e+00
3711 3455 1.000000000000000000e+00
3711 3711 2.000000000000000000e+00
3711 3775 1.000000000000000000e+00
3712 1665 1.000000000000000000e+00
3712 3456 1.000000000000000000e+00
3712 3648 1.000000000000000000e+00
3712 3712 1.000000000000000000e+00
3712 3840 1.000000000000000000e+00
3713 3457 1.000000000000000000e+00
3713 3649 1.000000000000000000e+00
3713 3713 1.000000000000000000e+00
3713 3714 1.000000000000000000e+00
3713 3841 1.000000000000000000e+00
3714 1667 1.000000000000000000e+00
3714 3458 1.000000000000000000e+00
3714 3650 1.000000000000000000e+00
3714 3713 1.000000000000000000e+00
3714 3716 1.000000000000000000e+00
3714 3842 1.000000000000000000e+00
3715 3459 1.000000000000000000e+00
3715 3651 1.000000000000000000e+00
3715 3715 1.000000000000000000e+00
3715 3717 1.000000000000000000e+00
3715 3843 1.000000000000000000e+00
3716 1669 1.000000000000000000e+00
3716 3460 1.000000000000000000e+00
3716 3652 1.000000000000000000e+00
3716 3714 1.000000000000000000e+00
3716 3720 1.000000000000000000e+00
3716 3844 1.000000000000000000e+00
3717 3461 1.000000000000000000e+00
3717 3653 1.000000000000000000e+00
3717 3715 1.000000000000000000e+00
3717 3718 1.000000000000000000e+00
3717 3721 1.000000000000000000e+00
3717 3845 1.000000000000000000e+00
3718 1671 1.000000000000000000e+00
3718 3462 1.000000000000000000e+00
3718 3654 1.000000000000000000e+00
3718 3717 1.000000000000000000e+00
3718 3722 1.000000000000000000e+00
3718 3846 1.000000000000000000e+00
3719 3463 1.000000000000000000e+00
3719 3655 1.000000000000000000e+00
3719 3719 1.000000000000000000e+00
3719 3723 1.000000000000000000e+00
3719 3847 1.000000000000000000e+00
3720 1673 1.000000000000000000e+00
3720 3464 1.000000000000000000e+00
3720 3656 1.000000000000000000e+00
3720 3716 1.000000000000000000e+00
3720 3728 1.000000000000000000e+00
3720 3848 1.000000000000000000e+00
3721 3465 1.000000000000000000e+00
3721 3657 1.000000000000000000e+00
3721 3717 1.000000000000000000e+00
3721 3722 1.000000000000000000e+00
3721 3729 1.000000000000000000e+00
3721 3849 1.000000000000000000e+00
3722 1675 1.000000000000000000e+00
3722 3466 1.000000000000000000e+00
3722 3658 1.000000000000000000e+00
3722 3718 1.000000000000000000e+00
3722 3721 1.000000000000000000e+00
3722 3722 -1.000000000000000000e+00
3722 3724 1.000000000000000000e+00
3722 3730 1.000000000000000000e+00
3722 3850 1.000000000000000000e+00
3723 3467 1.000000000000000000e+00
3723 3659 1.000000000000000000e+00
3723 3719 1.000000000000000000e+00
3723 3725 1.000000000000000000e+00
3723 3731 1.000000000000000000e+00
3723 3851 1.000000000000000000e+00
3724 1677 1.000000000000000000e+00
3724 3468 1.000000000000000000e+00
3724 3660 1.000000000000000000e+00
3724 3722 1.000000000000000000e+00
3724 3732 1.000000000000000000e+00
3724 3852 1.000000000000000000e+00
3725 3469 1.000000000000000000e+00
3725 3661 1.000000000000000000e+00
3725 3723 1.000000000000000000e+00
3725 3726 1.000000000000000000e+00
3725 3733 1.000000000000000000e+00
3725 3853 1.000000000000000000e+00
3726 1679 1.000000000000000000e+00
3726 3470 1.000000000000000000e+00
3726 3662 1.000000000000000000e+00
3726 3725 1.000000000000000000e+00
3726 3734 1.000000000000000000e+00
3726 3854 1.000000000000000000e+00
3727 3471 1.000000000000000000e+00
3727 3663 1.000000000000000000e+00
3727 3727 1.000000000000000000e+00
3727 3735 1.000000000000000000e+00
3727 3855 1.000000000000000000e+00
3728 1681 1.000000000000000000e+00
3728 3472 1.000000000000000000e+00
3728 3664 1.000000000000000000e+00
3728 3720 1.000000000000000000e+00
3728 3744 1.000000000000000000e+00
3728 3856 1.000000000000000000e+00
3729 3473 1.000000000000000000e+00
3729 3665 1.000000000000000000e+00
3729 3721 1.000000000000000000e+00
3729 3730 1.000000000000000000e+00
3729 3745 1.000000000000000000e+00
3729 3857 1.000000000000000000e+00
3730 1683 1.000000000000000000e+00
3730 3474 1.000000000000000000e+00
3730 3666 1.000000000000000000e+00
3730 3722 1.000000000000000000e+00
3730 3729 1.000000000000000000e+00
3730 3730 -1.000000000000000000e+00
3730 3732 1.000000000000000000e+00
3730 3746 1.000000000000000000e+00
3730 3858 1.000000000000000000e+00
3731 3475 1.000000000000000000e+00
3731 3667 1.000000000000000000e+00
3731 3723 1.000000000000000000e+00
3731 3733 1.000000000000000000e+00
3731 3747 1.000000000000000000e+00
3731 3859 1.000000000000000000e+00
3732 1685 1.000000000000000000e+00
3732 3476 1.000000000000000000e+00
3732 3668 1.000000000000000000e+00
3732 3724 1.000000000000000000e+00
3732 3730 1.000000000000000000e+00
3732 3732 -1.000000000000000000e+00
3732 3736 1.000000000000000000e+00
3732 3748 1.000000000000000000e+00
3732 3860 1.000000000000000000e+00
3733 3477 1.000000000000000000e+00
3733 3669 1.000000000000000000e+00
3733 3725 1.000000000000000000e+00
3733 3731 1.000000000000000000e+00
3733 3733 -1.000000000000000000e+00
3733 3734 1.000000000000000000e+00
3733 3737 1.000000000000000000e+00
3733 3749 1.000000000000000000e+00
3733 3861 1.000000000000000000e+00
3734 1687 1.000000000000000000e+00
3734 3478 1.000000000000000000e+00
3734 3670 1.000000000000000000e+00
3734 3726 1.000000000000000000e+00
3734 3733 1.000000000000000000e+00
3734 3734 -1.000000000000000000e+00
3734 3738 1.000000000000000000e+00
3734 3750 1.000000000000000000e+00
3734 3862 1.000000000000000000e+00
3735 3479 1.000000000000000000e+00
3735 3671 1.000000000000000000e+00
3735 3727 1.000000000000000000e+00
3735 3739 1.000000000000000000e+00
3735 3751 1.000000000000000000e+00
3735 3863 1.000000000000000000e+00
3736 1689 1.000000000000000000e+00
3736 3480 1.000000000000000000e+00
3736 3672 1.000000000000000000e+00
3736 3732 1.000000000000000000e+00
3736 3752 1.000000000000000000e+00
3736 3864 1.000000000000000000e+00
3737 3481 1.000000000000000000e+00
3737 3673 1.000000000000000000e+00
3737 3733 1.000000000000000000e+00
3737 3738 1.000000000000000000e+00
3737 3753 1.000000000000000000e+00
3737 3865 1.000000000000000000e+00
3738 1691 1.000000000000000000e+00
3738 3482 1.000000000000000000e+00
3738 3674 1.000000000000000000e+00
3738 3734 1.000000000000000000e+00
3738 3737 1.000000000000000000e+00
3738 3738 -1.000000000000000000e+00
3738 3740 1.000000000000000000e+00
3738 3754 1.000000000000000000e+00
3738 3866 1.000000000000000000e+00
3739 3483 1.000000000000000000e+00
3739 3675 1.000000000000000000e+00
3739 3735 1.000000000000000000e+00
3739 3741 1.000000000000000000e+00
3739 3755 1.000000000000000000e+00
3739 3867 1.000000000000000000e+00
3740 1693 1.000000000000000000e+00
3740 3484 1.000000000000000000e+00
3740 3676 1.000000000000000000e+00
3740 3738 1.000000000000000000e+00
3740 3756 1.000000000000000000e+00
3740 3868 1.000000000000000000e+00
3741 3485 1.000000000000000000e+00
3741 3677 1.000000000000000000e+00
3741 3739 1.000000000000000000e+00
3741 3742 1.000000000000000000e+00
3741 3757 1.000000000000000000e+00
3741 3869 1.000000000000000000e+00
3742 1695 1.000000000000000000e+00
3742 3486 1.000000000000000000e+00
3742 3678 1.000000000000000000e+00
3742 3741 1.000000000000000000e+00
3742 3758 1.000000000000000000e+00
3742 3870 1.000000000000000000e+00
3743 3487 1.000000000000000000e+00
3743 3679 1.000000000000000000e+00
3743 3743 1.000000000000000000e+00
3743 3759 1.000000000000000000e+00
3743 3871 1.000000000000000000e+00
3744 1697 1.000000000000000000e+00
3744 3488 1.000000000000000000e+00
3744 3680 1.000000000000000000e+00
3744 3728 1.000000000000000000e+00
3744 3776 1.000000000000000000e+00
3744 3872 1.000000000000000000e+00
3745 3489 1.000000000000000000e+00
3745 3681 1.000000000000000000e+00
3745 3729 1.000000000000000000e+00
3745 3746 1.000000000000000000e+00
3745 3777 1.000000000000000000e+00
3745 3873 1.000000000000000000e+00
3746 1699 1.000000000000000000e+00
3746 3490 1.000000000000000000e+00
3746 3682 1.000000000000000000e+00
3746 3730 1.000000000000000000e+00
3746 3745 1.000000000000000000e+00
3746 3746 -1.000000000000000000e+00
3746 3748 1.000000000000000000e+00
3746 3778 1.000000000000000000e+00
3746 3874 1.000000000000000000e+00
3747 3491 1.000000000000000000e+00
3747 3683 1.000000000000000000e+00
3747 3731 1.000000000000000000e+00
3747 3749 1.000000000000000000e+00
3747 3779 1.000000000000000000e+00
3747 3875 1.000000000000000000e+00
3748 1701 1.000000000000000000e+00
3748 3492 1.000000000000000000e+00
3748 3684 1.000000000000000000e+00
3748 3732 1.000000000000000000e+00
3748 3746 1.000000000000000000e+00
3748 3748 -1.000000000000000000e+00
3748 3752 1.000000000000000000e+00
3748 3780 1.000000000000000000e+00
3748 3876 1.000000000000000000e+00
3749 3493 1.000000000000000000e+00
3749 3685 1.000000000000000000e+00
3749 3733 1.000000000000000000e+00
3749 3747 1.000000000000000000e+00
3749 3749 -1.000000000000000000e+00
3749 3750 1.000000000000000000e+00
3749 3753 1.000000000000000000e+00
3749 3781 1.000000000000000000e+00
3749 3877 1.000000000000000000e+00
3750 1703 1.000000000000000000e+00
3750 3494 1.000000000000000000e+00
3750 3686 1.000000000000000000e+00
3750 3734 1.000000000000000000e+00
3750 3749 1.000000000000000000e+00
3750 3750 -1.000000000000000000e+00
3750 3754 1.000000000000000000e+00
3750 3782 1.000000000000000000e+00
3750 3878 1.000000000000000000e+00
3751 3495 1.000000000000000000e+00
3751 3687 1.000000000000000000e+00
3751 3735 1.000000000000000000e+00
3751 3755 1.000000000000000000e+00
3751 3783 1.000000000000000000e+00
3751 3879 1.000000000000000000e+00
3752 1705 1.000000000000000000e+00
3752 3496 1.000000000000000000e+00
3752 3688 1.000000000000000000e+00
3752 3736 1.000000000000000000e+00
3752 3748 1.000000000000000000e+00
3752 3752 -1.000000000000000000e+00
3752 3760 1.000000000000000000e+00
3752 3784 1.000000000000000000e+00
3752 3880 1.000000000000000000e+00
3753 3497 1.000000000000000000e+00
3753 3689 1.000000000000000000e+00
3753 3737 1.000000000000000000e+00
3753 3749 1.000000000000000000e+00
3753 3753 -1.000000000000000000e+00
3753 3754 1.000000000000000000e+00
3753 3761 1.000000000000000000e+00
3753 3785 1.000000000000000000e+00
3753 3881 1.000000000000000000e+00
3754 1707 1.000000000000000000e+00
3754 3498 1.000000000000000000e+00
3754 3690 1.000000000000000000e+00
3754 3738 1.000000000000000000e+00
3754 3750 1.000000000000000000e+00
3754 3753 1.000000000000000000e+00
3754 3754 -2.000000000000000000e+00
3754 3756 1.000000000000000000e+00
3754 3762 1.000000000000000000e+00
3754 3786 1.000000000000000000e+00
3754 3882 1.000000000000000000e+00
3755 3499 1.000000000000000000e+00
3755 3691 1.000000000000000000e+00
3755 3739 1.000000000000000000e+00
3755 3751 1.000000000000000000e+00
3755 3755 -1.000000000000000000e+00
3755 3757 1.000000000000000000e+00
3755 3763 1.000000000000000000e+00
3755 3787 1.000000000000000000e+00
3755 3883 1.000000000000000000e+00
3756 1709 1.000000000000000000e+00
3756 3500 1.000000000000000000e+00
3756 3692 1.000000000000000000e+00
3756 3740 1.000000000000000000e+00
3756 3754 1.000000000000000000e+00
3756 3756 -1.000000000000000000e+00
3756 3764 1.000000000000000000e+00
3756 3788 1.000000000000000000e+00
3756 3884 1.000000000000000000e+00
3757 3501 1.000000000000000000e+00
3757 3693 1.000000000000000000e+00
3757 3741 1.000000000000000000e+00
3757 3755 1.000000000000000000e+00
3757 3757 -1.000000000000000000e+00
3757 3758 1.000000000000000000e+00
3757 3765 1.000000000000000000e+00
3757 3789 1.000000000000000000e+00
3757 3885 1.000000000000000000e+00
3758 1711 1.000000000000000000e+00
3758 3502 1.000000000000000000e+00
3758 3694 1.000000000000000000e+00
3758 3742 1.000000000000000000e+00
3758 3757 1.000000000000000000e+00
3758 3758 -1.000000000000000000e+00
3758 3766 1.000000000000000000e+00
3758 3790 1.000000000000000000e+00
3758 3886 1.000000000000000000e+00
3759 3503 1.000000000000000000e+00
3759 3695 1.000000000000000000e+00
3759 3743 1.000000000000000000e+00
3759 3767 1.000000000000000000e+00
3759 3791 1.000000000000000000e+00
3759 3887 1.000000000000000000e+00
3760 1713 1.000000000000000000e+00
3760 3504 1.000000000000000000e+00
3760 3696 1.000000000000000000e+00
3760 3752 1.000000000000000000e+00
3760 3792 1.000000000000000000e+00
3760 3888 1.000000000000000000e+00
3761 3505 1.000000000000000000e+00
3761 3697 1.000000000000000000e+00
3761 3753 1.000000000000000000e+00
3761 3762 1.000000000000000000e+00
3761 3793 1.000000000000000000e+00
3761 3889 1.000000000000000000e+00
3762 1715 1.000000000000000000e+00
3762 3506 1.000000000000000000e+00
3762 3698 1.000000000000000000e+00
3762 3754 1.000000000000000000e+00
3762 3761 1.000000000000000000e+00
3762 3762 -1.000000000000000000e+00
3762 3764 1.000000000000000000e+00
3762 3794 1.000000000000000000e+00
3762 3890 1.000000000000000000e+00
3763 3507 1.000000000000000000e+00
3763 3699 1.000000000000000000e+00
3763 3755 1.000000000000000000e+00
3763 3765 1.000000000000000000e+00
3763 3795 1.000000000000000000e+00
3763 3891 1.000000000000000000e+00
3764 1717 1.000000000000000000e+00
3764 3508 1.000000000000000000e+00
3764 3700 1.000000000000000000e+00
3764 3756 1.000000000000000000e+00
3764 3762 1.000000000000000000e+00
3764 3764 -1.000000000000000000e+00
3764 3768 1.000000000000000000e+00
3764 3796 1.000000000000000000e+00
3764 3892 1.000000000000000000e+00
3765 3509 1.000000000000000000e+00
3765 3701 1.000000000000000000e+00
3765 3757 1.000000000000000000e+00
3765 3763 1.000000000000000000e+00
3765 3765 -1.000000000000000000e+00
3765 3766 1.000000000000000000e+00
3765 3769 1.000000000000000000e+00
3765 3797 1.000000000000000000e+00
3765 3893 1.000000000000000000e+00
3766 1719 1.000000000000000000e+00
3766 3510 1.000000000000000000e+00
3766 3702 1.000000000000000000e+00
3766 3758 1.000000000000000000e+00
3766 3765 1.000000000000000000e+00
3766 3766 -1.000000000000000000e+00
3766 3770 1.000000000000000000e+00
3766 3798 1.000000000000000000e+00
3766 3894 1.000000000000000000e+00
3767 3511 1.000000000000000000e+00
3767 3703 1.000000000000000000e+00
3767 3759 1.000000000000000000e+00
3767 3771 1.000000000000000000e+00
3767 3799 1.000000000000000000e+00
3767 3895 1.000000000000000000e+00
3768 1721 1.000000000000000000e+00
3768 3512 1.000000000000000000e+00
3768 3704 1.000000000000000000e+00
3768 3764 1.000000000000000000e+00
3768 3800 1.000000000000000000e+00
3768 3896 1.000000000000000000e+00
3769 3513 1.000000000000000000e+00
3769 3705 1.000000000000000000e+00
3769 3765 1.000000000000000000e+00
3769 3770 1.000000000000000000e+00
3769 3801 1.000000000000000000e+00
3769 3897 1.000000000000000000e+00
3770 1723 1.000000000000000000e+00
3770 3514 1.000000000000000000e+00
3770 3706 1.000000000000000000e+00
3770 3766 1.000000000000000000e+00
3770 3769 1.000000000000000000e+00
3770 3770 -1.000000000000000000e+00
3770 3772 1.000000000000000000e+00
3770 3802 1.000000000000000000e+00
3770 3898 1.000000000000000000e+00
3771 3515 1.000000000000000000e+00
3771 3707 1.000000000000000000e+00
3771 3767 1.000000000000000000e+00
3771 3773 1.000000000000000000e+00
3771 3803 1.000000000000000000e+00
3771 3899 1.000000000000000000e+00
3772 1725 1.000000000000000000e+00
3772 3516 1.000000000000000000e+00
3772 3708 1.000000000000000000e+00
3772 3770 1.000000000000000000e+00
3772 3804 1.000000000000000000e+00
3772 3900 1.000000000000000000e+00
3773 3517 1.000000000000000000e+00
3773 3709 1.000000000000000000e+00
3773 3771 1.000000000000000000e+00
3773 3774 1.000000000000000000e+00
3773 3805 1.000000000000000000e+00
3773 3901 1.000000000000000000e+00
3774 1727 1.000000000000000000e+00
3774 3518 1.000000000000000000e+00
3774 3710 1.000000000000000000e+00
3774 3773 1.000000000000000000e+00
3774 3806 1.000000000000000000e+00
3774 3902 1.000000000000000000e+00
3775 3519 1.000000000000000000e+00
3775 3711 1.000000000000000000e+00
3775 3775 1.000000000000000000e+00
3775 3807 1.000000000000000000e+00
3775 3903 1.000000000000000000e+00
3776 1729 1.000000000000000000e+00
3776 3520 1.000000000000000000e+00
3776 3744 1.000000000000000000e+00
3776 3776 1.000000000000000000e+00
3776 3904 1.000000000000000000e+00
3777 3521 1.000000000000000000e+00
3777 3745 1.000000000000000000e+00
3777 3777 1.000000000000000000e+00
3777 3778 1.000000000000000000e+00
3777 3905 1.000000000000000000e+00
3778 1731 1.000000000000000000e+00
3778 3522 1.000000000000000000e+00
3778 3746 1.000000000000000000e+00
3778 3777 1.000000000000000000e+00
3778 3780 1.000000000000000000e+00
3778 3906 1.000000000000000000e+00
3779 3523 1.000000000000000000e+00
3779 3747 1.000000000000000000e+00
3779 3779 1.000000000000000000e+00
3779 3781 1.000000000000000000e+00
3779 3907 1.000000000000000000e+00
3780 1733 1.000000000000000000e+00
3780 3524 1.000000000000000000e+00
3780 3748 1.000000000000000000e+00
3780 3778 1.000000000000000000e+00
3780 3784 1.000000000000000000e+00
3780 3908 1.000000000000000000e+00
3781 3525 1.000000000000000000e+00
3781 3749 1.000000000000000000e+00
3781 3779 1.000000000000000000e+00
3781 3782 1.000000000000000000e+00
3781 3785 1.000000000000000000e+00
3781 3909 1.000000000000000000e+00
3782 1735 1.000000000000000000e+00
3782 3526 1.000000000000000000e+00
3782 3750 1.000000000000000000e+00
3782 3781 1.000000000000000000e+00
3782 3786 1.000000000000000000e+00
3782 3910 1.000000000000000000e+00
3783 3527 1.000000000000000000e+00
3783 3751 1.000000000000000000e+00
3783 3783 1.000000000000000000e+00
3783 3787 1.000000000000000000e+00
3783 3911 1.000000000000000000e+00
3784 1737 1.000000000000000000e+00
3784 3528 1.000000000000000000e+00
3784 3752 1.000000000000000000e+00
3784 3780 1.000000000000000000e+00
3784 3792 1.000000000000000000e+00
3784 3912 1.000000000000000000e+00
3785 3529 1.000000000000000000e+00
3785 3753 1.000000000000000000e+00
3785 3781 1.000000000000000000e+00
3785 3786 1.000000000000000000e+00
3785 3793 1.000000000000000000e+00
3785 3913 1.000000000000000000e+00
3786 1739 1.000000000000000000e+00
3786 3530 1.000000000000000000e+00
3786 3754 1.000000000000000000e+00
3786 3782 1.000000000000000000e+00
3786 3785 1.000000000000000000e+00
3786 3786 -1.000000000000000000e+00
3786 3788 1.000000000000000000e+00
3786 3794 1.000000000000000000e+00
3786 3914 1.000000000000000000e+00
3787 3531 1.000000000000000000e+00
3787 3755 1.000000000000000000e+00
3787 3783 1.000000000000000000e+00
3787 3789 1.000000000000000000e+00
3787 3795 1.000000000000000000e+00
3787 3915 1.000000000000000000e+00
3788 1741 1.000000000000000000e+00
3788 3532 1.000000000000000000e+00
3788 3756 1.000000000000000000e+00
3788 3786 1.000000000000000000e+00
3788 3796 1.000000000000000000e+00
3788 3916 1.000000000000000000e+00
3789 3533 1.000000000000000000e+00
3789 3757 1.000000000000000000e+00
3789 3787 1.000000000000000000e+00
3789 3790 1.000000000000000000e+00
3789 3797 1.000000000000000000e+00
3789 3917 1.000000000000000000e+00
3790 1743 1.000000000000000000e+00
3790 3534 1.000000000000000000e+00
3790 3758 1.000000000000000000e+00
3790 3789 1.000000000000000000e+00
3790 3798 1.000000000000000000e+00
3790 3918 1.000000000000000000e+00
3791 3535 1.000000000000000000e+00
3791 3759 1.000000000000000000e+00
3791 3791 1.000000000000000000e+00
3791 3799 1.000000000000000000e+00
3791 3919 1.000000000000000000e+00
3792 1745 1.000000000000000000e+00
3792 3536 1.000000000000000000e+00
3792 3760 1.000000000000000000e+00
3792 3784 1.000000000000000000e+00
3792 3808 1.000000000000000000e+00
3792 3920 1.000000000000000000e+00
3793 3537 1.000000000000000000e+00
3793 3761 1.000000000000000000e+00
3793 3785 1.000000000000000000e+00
3793 3794 1.000000000000000000e+00
3793 3809 1.000000000000000000e+00
3793 3921 1.000000000000000000e+00
3794 1747 1.000000000000000000e+00
3794 3538 1.000000000000000000e+00
3794 3762 1.000000000000000000e+00
3794 3786 1.000000000000000000e+00
3794 3793 1.000000000000000000e+00
3794 3794 -1.000000000000000000e+00
3794 3796 1.000000000000000000e+00
3794 3810 1.000000000000000000e+00
3794 3922 1.000000000000000000e+00
3795 3539 1.000000000000000000e+00
3795 3763 1.000000000000000000e+00
3795 3787 1.000000000000000000e+00
3795 3797 1.000000000000000000e+00
3795 3811 1.000000000000000000e+00
3795 3923 1.000000000000000000e+00
3796 1749 1.000000000000000000e+00
3796 3540 1.000000000000000000e+00
3796 3764 1.000000000000000000e+00
3796 3788 1.000000000000000000e+00
3796 3794 1.000000000000000000e+00
3796 3796 -1.000000000000000000e+00
3796 3800 1.000000000000000000e+00
3796 3812 1.000000000000000000e+00
3796 3924 1.000000000000000000e+00
3797 3541 1.000000000000000000e+00
3797 3765 1.000000000000000000e+00
3797 3789 1.000000000000000000e+00
3797 3795 1.000000000000000000e+00
3797 3797 -1.000000000000000000e+00
3797 3798 1.000000000000000000e+00
3797 3801 1.000000000000000000e+00
3797 3813 1.000000000000000000e+00
3797 3925 1.000000000000000000e+00
3798 1751 1.000000000000000000e+00
3798 3542 1.000000000000000000e+00
3798 3766 1.000000000000000000e+00
3798 3790 1.000000000000000000e+00
3798 3797 1.000000000000000000e+00
3798 3798 -1.000000000000000000e+00
3798 3802 1.000000000000000000e+00
3798 3814 1.000000000000000000e+00
3798 3926 1.000000000000000000e+00
3799 3543 1.000000000000000000e+00
3799 3767 1.000000000000000000e+00
3799 3791 1.000000000000000000e+00
3799 3803 1.000000000000000000e+00
3799 3815 1.000000000000000000e+00
3799 3927 1.000000000000000000e+00
3800 1753 1.000000000000000000e+00
3800 3544 1.000000000000000000e+00
3800 3768 1.000000000000000000e+00
3800 3796 1.000000000000000000e+00
3800 3816 1.000000000000000000e+00
3800 3928 1.000000000000000000e+00
3801 3545 1.000000000000000000e+00
3801 3769 1.000000000000000000e+00
3801 3797 1.000000000000000000e+00
3801 3802 1.000000000000000000e+00
3801 3817 1.000000000000000000e+00
3801 3929 1.000000000000000000e+00
3802 1755 1.000000000000000000e+00
3802 3546 1.000000000000000000e+00
3802 3770 1.000000000000000000e+00
3802 3798 1.000000000000000000e+00
3802 3801 1.000000000000000000e+00
3802 3802 -1.000000000000000000e+00
3802 3804 1.000000000000000000e+00
3802 3818 1.000000000000000000e+00
3802 3930 1.000000000000000000e+00
3803 3547 1.000000000000000000e+00
3803 3771 1.000000000000000000e+00
3803 3799 1.000000000000000000e+00
3803 3805 1.000000000000000000e+00
3803 3819 1.000000000000000000e+00
3803 3931 1.000000000000000000e+00
3804 1757 1.000000000000000000e+00
3804 3548 1.000000000000000000e+00
3804 3772 1.000000000000000000e+00
3804 3802 1.000000000000000000e+00
3804 3820 1.000000000000000000e+00
3804 3932 1.000000000000000000e+00
3805 3549 1.000000000000000000e+00
3805 3773 1.000000000000000000e+00
3805 3803 1.000000000000000000e+00
3805 3806 1.000000000000000000e+00
3805 3821 1.000000000000000000e+00
3805 3933 1.000000000000000000e+00
3806 1759 1.000000000000000000e+00
3806 3550 1.000000000000000000e+00
3806 3774 1.000000000000000000e+00
3806 3805 1.000000000000000000e+00
3806 3822 1.000000000000000000e+00
3806 3934 1.000000000000000000e+00
3807 3551 1.000000000000000000e+00
3807 3775 1.000000000000000000e+00
3807 3807 1.000000000000000000e+00
3807 3823 1.000000000000000000e+00
3807 3935 1.000000000000000000e+00
3808 1761 1.000000000000000000e+00
3808 3552 1.000000000000000000e+00
3808 3792 1.000000000000000000e+00
3808 3808 1.000000000000000000e+00
3808 3936 1.000000000000000000e+00
3809 3553 1.000000000000000000e+00
3809 3793 1.000000000000000000e+00
3809 3809 1.000000000000000000e+00
3809 3810 1.000000000000000000e+00
3809 3937 1.000000000000000000e+00
3810 1763 1.000000000000000000e+00
3810 3554 1.000000000000000000e+00
3810 3794 1.000000000000000000e+00
3810 3809 1.000000000000000000e+00
3810 3812 1.000000000000000000e+00
3810 3938 1.000000000000000000e+00
3811 3555 1.000000000000000000e+00
3811 3795 1.000000000000000000e+00
3811 3811 1.000000000000000000e+00
3811 3813 1.000000000000000000e+00
3811 3939 1.000000000000000000e+00
3812 1765 1.000000000000000000e+00
3812 3556 1.000000000000000000e+00
3812 3796 1.000000000000000000e+00
3812 3810 1.000000000000000000e+00
3812 3816 1.000000000000000000e+00
3812 3940 1.000000000000000000e+00
3813 3557 1.000000000000000000e+00
3813 3797 1.000000000000000000e+00
3813 3811 1.000000000000000000e+00
3813 3814 1.000000000000000000e+00
3813 3817 1.000000000000000000e+00
3813 3941 1.000000000000000000e+00
3814 1767 1.000000000000000000e+00
3814 3558 1.000000000000000000e+00
3814 3798 1.000000000000000000e+00
3814 3813 1.000000000000000000e+00
3814 3818 1.000000000000000000e+00
3814 3942 1.000000000000000000e+00
3815 3559 1.000000000000000000e+00
3815 3799 1.000000000000000000e+00
3815 3815 1.000000000000000000e+00
3815 3819 1.000000000000000000e+00
3815 3943 1.000000000000000000e+00
3816 1769 1.000000000000000000e+00
3816 3560 1.000000000000000000e+00
3816 3800 1.000000000000000000e+00
3816 3812 1.000000000000000000e+00
3816 3824 1.000000000000000000e+00
3816 3944 1.000000000000000000e+00
3817 3561 1.000000000000000000e+00
3817 3801 1.000000000000000000e+00
3817 3813 1.000000000000000000e+00
3817 3818 1.000000000000000000e+00
3817 3825 1.000000000000000000e+00
3817 3945 1.000000000000000000e+00
3818 1771 1.000000000000000000e+00
3818 3562 1.000000000000000000e+00
3818 3802 1.000000000000000000e+00
3818 3814 1.000000000000000000e+00
3818 3817 1.000000000000000000e+00
3818 3818 -1.000000000000000000e+00
3818 3820 1.000000000000000000e+00
3818 3826 1.000000000000000000e+00
3818 3946 1.000000000000000000e+00
3819 3563 1.000000000000000000e+00
3819 3803 1.000000000000000000e+00
3819 3815 1.000000000000000000e+00
3819 3821 1.000000000000000000e+00
3819 3827 1.000000000000000000e+00
3819 3947 1.000000000000000000e+00
3820 1773 1.000000000000000000e+00
3820 3564 1.000000000000000000e+00
3820 3804 1.000000000000000000e+00
3820 3818 1.000000000000000000e+00
3820 3828 1.000000000000000000e+00
3820 3948 1.000000000000000000e+00
3821 3565 1.000000000000000000e+00
3821 3805 1.000000000000000000e+00
3821 3819 1.000000000000000000e+00
3821 3822 1.000000000000000000e+00
3821 3829 1.000000000000000000e+00
3821 3949 1.000000000000000000e+00
3822 1775 1.000000000000000000e+00
3822 3566 1.000000000000000000e+00
3822 3806 1.000000000000000000e+00
3822 3821 1.000000000000000000e+00
3822 3830 1.000000000000000000e+00
3822 3950 1.000000000000000000e+00
3823 3567 1.000000000000000000e+00
3823 3807 1.000000000000000000e+00
3823 3823 1.000000000000000000e+00
3823 3831 1.000000000000000000e+00
3823 3951 1.000000000000000000e+00
3824 1777 1.000000000000000000e+00
3824 3568 1.000000000000000000e+00
3824 3816 1.000000000000000000e+00
3824 3824 1.000000000000000000e+00
3824 3952 1.000000000000000000e+00
3825 3569 1.000000000000000000e+00
3825 3817 1.000000000000000000e+00
3825 3825 1.000000000000000000e+00
3825 3826 1.000000000000000000e+00
3825 3953 1.000000000000000000e+00
3826 1779 1.000000000000000000e+00
3826 3570 1.000000000000000000e+00
3826 3818 1.000000000000000000e+00
3826 3825 1.000000000000000000e+00
3826 3828 1.000000000000000000e+00
3826 3954 1.000000000000000000e+00
3827 3571 1.000000000000000000e+00
3827 3819 1.000000000000000000e+00
3827 3827 1.000000000000000000e+00
3827 3829 1.000000000000000000e+00
3827 3955 1.000000000000000000e+00
3828 1781 1.000000000000000000e+00
3828 3572 1.000000000000000000e+00
3828 3820 1.000000000000000000e+00
3828 3826 1.000000000000000000e+00
3828 3832 1.000000000000000000e+00
3828 3956 1.000000000000000000e+00
3829 3573 1.000000000000000000e+00
3829 3821 1.000000000000000000e+00
3829 3827 1.000000000000000000e+00
3829 3830 1.000000000000000000e+00
3829 3833 1.000000000000000000e+00
3829 3957 1.000000000000000000e+00
3830 1783 1.000000000000000000e+00
3830 3574 1.000000000000000000e+00
3830 3822 1.000000000000000000e+00
3830 3829 1.000000000000000000e+00
3830 3834 1.000000000000000000e+00
3830 3958 1.000000000000000000e+00
3831 3575 1.000000000000000000e+00
3831 3823 1.000000000000000000e+00
3831 3831 1.000000000000000000e+00
3831 3835 1.000000000000000000e+00
3831 3959 1.000000000000000000e+00
3832 1785 1.000000000000000000e+00
3832 3576 1.000000000000000000e+00
3832 3828 1.000000000000000000e+00
3832 3832 1.000000000000000000e+00
3832 3960 1.000000000000000000e+00
3833 3577 1.000000000000000000e+00
3833 3829 1.000000000000000000e+00
3833 3833 1.000000000000000000e+00
3833 3834 1.000000000000000000e+00
3833 3961 1.000000000000000000e+00
3834 1787 1.000000000000000000e+00
3834 3578 1.000000000000000000e+00
3834 3830 1.000000000000000000e+00
3834 3833 1.000000000000000000e+00
3834 3836 1.000000000000000000e+00
3834 3962 1.000000000000000000e+00
3835 3579 1.000000000000000000e+00
3835 3831 1.000000000000000000e+00
3835 3835 1.000000000000000000e+00
3835 3837 1.000000000000000000e+00
3835 3963 1.000000000000000000e+00
3836 1789 1.000000000000000000e+00
3836 3580 1.000000000000000000e+00
3836 3834 1.000000000000000000e+00
3836 3836 1.000000000000000000e+00
3836 3964 1.000000000000000000e+00
3837 3581 1.000000000000000000e+00
3837 3835 1.000000000000000000e+00
3837 3837 1.000000000000000000e+00
3837 3838 1.000000000000000000e+00
3837 3965 1.000000000000000000e+00
3838 1791 1.000000000000000000e+00
3838 3582 1.000000000000000000e+00
3838 3837 1.000000000000000000e+00
3838 3838 1.000000000000000000e+00
3838 3966 1.000000000000000000e+00
3839 3583 1.000000000000000000e+00
3839 3839 2.000000000000000000e+00
3839 3967 1.000000000000000000e+00
3840 1793 1.000000000000000000e+00
3840 3712 1.000000000000000000e+00
3840 3840 2.000000000000000000e+00
3841 3713 1.000000000000000000e+00
3841 3841 2.000000000000000000e+00
3841 3842 1.000000000000000000e+00
3842 1795 1.000000000000000000e+00
3842 3714 1.000000000000000000e+00
3842 3841 1.000000000000000000e+00
3842 3842 1.000000000000000000e+00
3842 3844 1.000000000000000000e+00
3843 3715 1.000000000000000000e+00
3843 3843 2.000000000000000000e+00
3843 3845 1.000000000000000000e+00
3844 1797 1.000000000000000000e+00
3844 3716 1.000000000000000000e+00
3844 3842 1.000000000000000000e+00
3844 3844 1.000000000000000000e+00
3844 3848 1.000000000000000000e+00
3845 3717 1.000000000000000000e+00
3845 3843 1.000000000000000000e+00
3845 3845 1.000000000000000000e+00
3845 3846 1.000000000000000000e+00
3845 3849 1.000000000000000000e+00
3846 1799 1.000000000000000000e+00
3846 3718 1.000000000000000000e+00
3846 3845 1.000000000000000000e+00
3846 3846 1.000000000000000000e+00
3846 3850 1.000000000000000000e+00
3847 3719 1.000000000000000000e+00
3847 3847 2.000000000000000000e+00
3847 3851 1.000000000000000000e+00
3848 1801 1.000000000000000000e+00
3848 3720 1.000000000000000000e+00
3848 3844 1.000000000000000000e+00
3848 3848 1.000000000000000000e+00
3848 3856 1.000000000000000000e+00
3849 3721 1.000000000000000000e+00
3849 3845 1.000000000000000000e+00
3849 3849 1.000000000000000000e+00
3849 3850 1.000000000000000000e+00
3849 3857 1.000000000000000000e+00
3850 1803 1.000000000000000000e+00
3850 3722 1.000000000000000000e+00
3850 3846 1.000000000000000000e+00
3850 3849 1.000000000000000000e+00
3850 3852 1.000000000000000000e+00
3850 3858 1.000000000000000000e+00
3851 3723 1.000000000000000000e+00
3851 3847 1.000000000000000000e+00
3851 3851 1.000000000000000000e+00
3851 3853 1.000000000000000000e+00
3851 3859 1.000000000000000000e+00
3852 1805 1.000000000000000000e+00
3852 3724 1.000000000000000000e+00
3852 3850 1.000000000000000000e+00
3852 3852 1.000000000000000000e+00
3852 3860 1.000000000000000000e+00
3853 3725 1.000000000000000000e+00
3853 3851 1.000000000000000000e+00
3853 3853 1.000000000000000000e+00
3853 3854 1.000000000000000000e+00
3853 3861 1.000000000000000000e+00
3854 1807 1.000000000000000000e+00
3854 3726 1.000000000000000000e+00
3854 3853 1.000000000000000000e+00
3854 3854 1.000000000000000000e+00
3854 3862 1.000000000000000000e+00
3855 3727 1.000000000000000000e+00
3855 3855 2.000000000000000000e+00
3855 3863 1.000000000000000000e+00
3856 1809 1.000000000000000000e+00
3856 3728 1.000000000000000000e+00
3856 3848 1.000000000000000000e+00
3856 3856 1.000000000000000000e+00
3856 3872 1.000000000000000000e+00
3857 3729 1.000000000000000000e+00
3857 3849 1.000000000000000000e+00
3857 3857 1.000000000000000000e+00
3857 3858 1.000000000000000000e+00
3857 3873 1.000000000000000000e+00
3858 1811 1.000000000000000000e+00
3858 3730 1.000000000000000000e+00
3858 3850 1.000000000000000000e+00
3858 3857 1.000000000000000000e+00
3858 3860 1.000000000000000000e+00
3858 3874 1.000000000000000000e+00
3859 3731 1.000000000000000000e+00
3859 3851 1.000000000000000000e+00
3859 3859 1.000000000000000000e+00
3859 3861 1.000000000000000000e+00
3859 3875 1.000000000000000000e+00
3860 1813 1.000000000000000000e+00
3860 3732 1.000000000000000000e+00
3860 3852 1.000000000000000000e+00
3860 3858 1.000000000000000000e+00
3860 3864 1.000000000000000000e+00
3860 3876 1.000000000000000000e+00
3861 3733 1.000000000000000000e+00
3861 3853 1.000000000000000000e+00
3861 3859 1.000000000000000000e+00
3861 3862 1.000000000000000000e+00
3861 3865 1.000000000000000000e+00
3861 3877 1.000000000000000000e+00
3862 1815 1.000000000000000000e+00
3862 3734 1.000000000000000000e+00
3862 3854 1.000000000000000000e+00
3862 3861 1.000000000000000000e+00
3862 3866 1.000000000000000000e+00
3862 3878 1.000000000000000000e+00
3863 3735 1.000000000000000000e+00
3863 3855 1.000000000000000000e+00
3863 3863 1.000000000000000000e+00
3863 3867 1.000000000000000000e+00
3863 3879 1.000000000000000000e+00
3864 1817 1.000000000000000000e+00
3864 3736 1.000000000000000000e+00
3864 3860 1.000000000000000000e+00
3864 3864 1.000000000000000000e+00
3864 3880 1.000000000000000000e+00
3865 3737 1.000000000000000000e+00
3865 3861 1.000000000000000000e+00
3865 3865 1.000000000000000000e+00
3865 3866 1.000000000000000000e+00
3865 3881 1.000000000000000000e+00
3866 1819 1.000000000000000000e+00
3866 3738 1.000000000000000000e+00
3866 3862 1.000000000000000000e+00
3866 3865 1.000000000000000000e+00
3866 3868 1.000000000000000000e+00
3866 3882 1.000000000000000000e+00
3867 3739 1.000000000000000000e+00
3867 3863 1.000000000000000000e+00
3867 3867 1.000000000000000000e+00
3867 3869 1.000000000000000000e+00
3867 3883 1.000000000000000000e+00
3868 1821 1.000000000000000000e+00
3868 3740 1.000000000000000000e+00
3868 3866 1.000000000000000000e+00
3868 3868 1.000000000000000000e+00
3868 3884 1.000000000000000000e+00
3869 3741 1.000000000000000000e+00
3869 3867 1.000000000000000000e+00
3869 3869 1.000000000000000000e+00
3869 3870 1.000000000000000000e+00
3869 3885 1.000000000000000000e+00
3870 1823 1.000000000000000000e+00
3870 3742 1.000000000000000000e+00
3870 3869 1.000000000000000000e+00
3870 3870 1.000000000000000000e+00
3870 3886 1.000000000000000000e+00
3871 3743 1.000000000000000000e+00
3871 3871 2.000000000000000000e+00
3871 3887 1.000000000000000000e+00
3872 1825 1.000000000000000000e+00
3872 3744 1.000000000000000000e+00
3872 3856 1.000000000000000000e+00
3872 3872 1.000000000000000000e+00
3872 3904 1.000000000000000000e+00
3873 3745 1.000000000000000000e+00
3873 3857 1.000000000000000000e+00
3873 3873 1.000000000000000000e+00
3873 3874 1.000000000000000000e+00
3873 3905 1.000000000000000000e+00
3874 1827 1.000000000000000000e+00
3874 3746 1.000000000000000000e+00
3874 3858 1.000000000000000000e+00
3874 3873 1.000000000000000000e+00
3874 3876 1.000000000000000000e+00
3874 3906 1.000000000000000000e+00
3875 3747 1.000000000000000000e+00
3875 3859 1.000000000000000000e+00
3875 3875 1.000000000000000000e+00
3875 3877 1.000000000000000000e+00
3875 3907 1.000000000000000000e+00
3876 1829 1.000000000000000000e+00
3876 3748 1.000000000000000000e+00
3876 3860 1.000000000000000000e+00
3876 3874 1.000000000000000000e+00
3876 3880 1.000000000000000000e+00
3876 3908 1.000000000000000000e+00
3877 3749 1.000000000000000000e+00
3877 3861 1.000000000000000000e+00
3877 3875 1.000000000000000000e+00
3877 3878 1.000000000000000000e+00
3877 3881 1.000000000000000000e+00
3877 3909 1.000000000000000000e+00
3878 1831 1.000000000000000000e+00
3878 3750 1.000000000000000000e+00
3878 3862 1.000000000000000000e+00
3878 3877 1.000000000000000000e+00
3878 3882 1.000000000000000000e+00
3878 3910 1.000000000000000000e+00
3879 3751 1.000000000000000000e+00
3879 3863 1.000000000000000000e+00
3879 3879 1.000000000000000000e+00
3879 3883 1.000000000000000000e+00
3879 3911 1.000000000000000000e+00
3880 1833 1.000000000000000000e+00
3880 3752 1.000000000000000000e+00
3880 3864 1.000000000000000000e+00
3880 3876 1.000000000000000000e+00
3880 3888 1.000000000000000000e+00
3880 3912 1.000000000000000000e+00
3881 3753 1.000000000000000000e+00
3881 3865 1.000000000000000000e+00
3881 3877 1.000000000000000000e+00
3881 3882 1.000000000000000000e+00
3881 3889 1.000000000000000000e+00
3881 3913 1.000000000000000000e+00
3882 1835 1.000000000000000000e+00
3882 3754 1.000000000000000000e+00
3882 3866 1.000000000000000000e+00
3882 3878 1.000000000000000000e+00
3882 3881 1.000000000000000000e+00
3882 3882 -1.000000000000000000e+00
3882 3884 1.000000000000000000e+00
3882 3890 1.000000000000000000e+00
3882 3914 1.000000000000000000e+00
3883 3755 1.000000000000000000e+00
3883 3867 1.000000000000000000e+00
3883 3879 1.000000000000000000e+00
3883 3885 1.000000000000000000e+00
3883 3891 1.000000000000000000e+00
3883 3915 1.000000000000000000e+00
3884 1837 1.000000000000000000e+00
3884 3756 1.000000000000000000e+00
3884 3868 1.000000000000000000e+00
3884 3882 1.000000000000000000e+00
3884 3892 1.000000000000000000e+00
3884 3916 1.000000000000000000e+00
3885 3757 1.000000000000000000e+00
3885 3869 1.000000000000000000e+00
3885 3883 1.000000000000000000e+00
3885 3886 1.000000000000000000e+00
3885 3893 1.000000000000000000e+00
3885 3917 1.000000000000000000e+00
3886 1839 1.000000000000000000e+00
3886 3758 1.000000000000000000e+00
3886 3870 1.000000000000000000e+00
3886 3885 1.000000000000000000e+00
3886 3894 1.000000000000000000e+00
3886 3918 1.000000000000000000e+00
3887 3759 1.000000000000000000e+00
3887 3871 1.000000000000000000e+00
3887 3887 1.000000000000000000e+00
3887 3895 1.000000000000000000e+00
3887 3919 1.000000000000000000e+00
3888 1841 1.000000000000000000e+00
3888 3760 1.000000000000000000e+00
3888 3880 1.000000000000000000e+00
3888 3888 1.000000000000000000e+00
3888 3920 1.000000000000000000e+00
3889 3761 1.000000000000000000e+00
3889 3881 1.000000000000000000e+00
3889 3889 1.000000000000000000e+00
3889 3890 1.000000000000000000e+00
3889 3921 1.000000000000000000e+00
3890 1843 1.000000000000000000e+00
3890 3762 1.000000000000000000e+00
3890 3882 1.000000000000000000e+00
3890 3889 1.000000000000000000e+00
3890 3892 1.000000000000000000e+00
3890 3922 1.000000000000000000e+00
3891 3763 1.000000000000000000e+00
3891 3883 1.000000000000000000e+00
3891 3891 1.000000000000000000e+00
3891 3893 1.000000000000000000e+00
3891 3923 1.000000000000000000e+00
3892 1845 1.000000000000000000e+00
3892 3764 1.000000000000000000e+00
3892 3884 1.000000000000000000e+00
3892 3890 1.000000000000000000e+00
3892 3896 1.000000000000000000e+00
3892 3924 1.000000000000000000e+00
3893 3765 1.000000000000000000e+00
3893 3885 1.000000000000000000e+00
3893 3891 1.000000000000000000e+00
3893 3894 1.000000000000000000e+00
3893 3897 1.000000000000000000e+00
3893 3925 1.000000000000000000e+00
3894 1847 1.000000000000000000e+00
3894 3766 1.000000000000000000e+00
3894 3886 1.000000000000000000e+00
3894 3893 1.000000000000000000e+00
3894 3898 1.000000000000000000e+00
3894 3926 1.000000000000000000e+00
3895 3767 1.000000000000000000e+00
3895 3887 1.000000000000000000e+00
3895 3895 1.000000000000000000e+00
3895 3899 1.000000000000000000e+00
3895 3927 1.000000000000000000e+00
3896 1849 1.000000000000000000e+00
3896 3768 1.000000000000000000e+00
3896 3892 1.000000000000000000e+00
3896 3896 1.000000000000000000e+00
3896 3928 1.000000000000000000e+00
3897 3769 1.000000000000000000e+00
3897 3893 1.000000000000000000e+00
3897 3897 1.000000000000000000e+00
3897 3898 1.000000000000000000e+00
3897 3929 1.000000000000000000e+00
3898 1851 1.000000000000000000e+00
3898 3770 1.000000000000000000e+00
3898 3894 1.000000000000000000e+00
3898 3897 1.000000000000000000e+00
3898 3900 1.000000000000000000e+00
3898 3930 1.000000000000000000e+00
3899 3771 1.000000000000000000e+00
3899 3895 1.000000000000000000e+00
3899 3899 1.000000000000000000e+00
3899 3901 1.000000000000000000e+00
3899 3931 1.000000000000000000e+00
3900 1853 1.000000000000000000e+00
3900 3772 1.000000000000000000e+00
3900 3898 1.000000000000000000e+00
3900 3900 1.000000000000000000e+00
3900 3932 1.000000000000000000e+00
3901 3773 1.000000000000000000e+00
3901 3899 1.000000000000000000e+00
3901 3901 1.000000000000000000e+00
3901 3902 1.000000000000000000e+00
3901 3933 1.000000000000000000e+00
3902 1855 1.000000000000000000e+00
3902 3774 1.000000000000000000e+00
3902 3901 1.000000000000000000e+00
3902 3902 1.000000000000000000e+00
3902 3934 1.000000000000000000e+00
3903 3775 1.000000000000000000e+00
3903 3903 2.000000000000000000e+00
3903 3935 1.000000000000000000e+00
3904 1857 1.000000000000000000e+00
3904 3776 1.000000000000000000e+00
3904 3872 1.000000000000000000e+00
3904 3904 1.000000000000000000e+00
3904 3968 1.000000000000000000e+00
3905 3777 1.000000000000000000e+00
3905 3873 1.000000000000000000e+00
3905 3905 1.000000000000000000e+00
3905 3906 1.000000000000000000e+00
3905 3969 1.000000000000000000e+00
3906 1859 1.000000000000000000e+00
3906 3778 1.000000000000000000e+00
3906 3874 1.000000000000000000e+00
3906 3905 1.000000000000000000e+00
3906 3908 1.000000000000000000e+00
3906 3970 1.000000000000000000e+00
3907 3779 1.000000000000000000e+00
3907 3875 1.000000000000000000e+00
3907 3907 1.000000000000000000e+00
3907 3909 1.000000000000000000e+00
3907 3971 1.000000000000000000e+00
3908 1861 1.000000000000000000e+00
3908 3780 1.000000000000000000e+00
3908 3876 1.000000000000000000e+00
3908 3906 1.000000000000000000e+00
3908 3912 1.000000000000000000e+00
3908 3972 1.000000000000000000e+00
3909 3781 1.000000000000000000e+00
3909 3877 1.000000000000000000e+00
3909 3907 1.000000000000000000e+00
3909 3910 1.000000000000000000e+00
3909 3913 1.000000000000000000e+00
3909 3973 1.000000000000000000e+00
3910 1863 1.000000000000000000e+00
3910 3782 1.000000000000000000e+00
3910 3878 1.000000000000000000e+00
3910 3909 1.000000000000000000e+00
3910 3914 1.000000000000000000e+00
3910 3974 1.000000000000000000e+00
3911 3783 1.000000000000000000e+00
3911 3879 1.000000000000000000e+00
3911 3911 1.000000000000000000e+00
3911 3915 1.000000000000000000e+00
3911 3975 1.000000000000000000e+00
3912 1865 1.000000000000000000e+00
3912 3784 1.000000000000000000e+00
3912 3880 1.000000000000000000e+00
3912 3908 1.000000000000000000e+00
3912 3920 1.000000000000000000e+00
3912 3976 1.000000000000000000e+00
3913 3785 1.000000000000000000e+00
3913 3881 1.000000000000000000e+00
3913 3909 1.000000000000000000e+00
3913 3914 1.000000000000000000e+00
3913 3921 1.000000000000000000e+00
3913 3977 1.000000000000000000e+00
3914 1867 1.000000000000000000e+00
3914 3786 1.000000000000000000e+00
3914 3882 1.000000000000000000e+00
3914 3910 1.000000000000000000e+00
3914 3913 1.000000000000000000e+00
3914 3914 -1.000000000000000000e+00
3914 3916 1.000000000000000000e+00
3914 3922 1.000000000000000000e+00
3914 3978 1.000000000000000000e+00
3915 3787 1.000000000000000000e+00
3915 3883 1.000000000000000000e+00
3915 3911 1.000000000000000000e+00
3915 3917 1.000000000000000000e+00
3915 3923 1.000000000000000000e+00
3915 3979 1.000000000000000000e+00
3916 1869 1.000000000000000000e+00
3916 3788 1.000000000000000000e+00
3916 3884 1.000000000000000000e+00
3916 3914 1.000000000000000000e+00
3916 3924 1.000000000000000000e+00
3916 3980 1.000000000000000000e+00
3917 3789 1.000000000000000000e+00
3917 3885 1.000000000000000000e+00
3917 3915 1.000000000000000000e+00
3917 3918 1.000000000000000000e+00
3917 3925 1.000000000000000000e+00
3917 3981 1.000000000000000000e+00
3918 1871 1.000000000000000000e+00
3918 3790 1.000000000000000000e+00
3918 3886 1.000000000000000000e+00
3918 3917 1.000000000000000000e+00
3918 3926 1.000000000000000000e+00
3918 3982 1.000000000000000000e+00
3919 3791 1.000000000000000000e+00
3919 3887 1.000000000000000000e+00
3919 3919 1.000000000000000000e+00
3919 3927 1.000000000000000000e+00
3919 3983 1.000000000000000000e+00
3920 1873 1.000000000000000000e+00
3920 3792 1.000000000000000000e+00
3920 3888 1.000000000000000000e+00
3920 3912 1.000000000000000000e+00
3920 3936 1.000000000000000000e+00
3920 3984 1.000000000000000000e+00
3921 3793 1.000000000000000000e+00
3921 3889 1.000000000000000000e+00
3921 3913 1.000000000000000000e+00
3921 3922 1.000000000000000000e+00
3921 3937 1.000000000000000000e+00
3921 3985 1.000000000000000000e+00
3922 1875 1.000000000000000000e+00
3922 3794 1.000000000000000000e+00
3922 3890 1.000000000000000000e+00
3922 3914 1.000000000000000000e+00
3922 3921 1.000000000000000000e+00
3922 3922 -1.000000000000000000e+00
3922 3924 1.000000000000000000e+00
3922 3938 1.000000000000000000e+00
3922 3986 1.000000000000000000e+00
3923 3795 1.000000000000000000e+00
3923 3891 1.000000000000000000e+00
3923 3915 1.000000000000000000e+00
3923 3925 1.000000000000000000e+00
3923 3939 1.000000000000000000e+00
3923 3987 1.000000000000000000e+00
3924 1877 1.000000000000000000e+00
3924 3796 1.000000000000000000e+00
3924 3892 1.000000000000000000e+00
3924 3916 1.000000000000000000e+00
3924 3922 1.000000000000000000e+00
3924 3924 -1.000000000000000000e+00
3924 3928 1.000000000000000000e+00
3924 3940 1.000000000000000000e+00
3924 3988 1.000000000000000000e+00
3925 3797 1.000000000000000000e+00
3925 3893 1.000000000000000000e+00
3925 3917 1.000000000000000000e+00
3925 3923 1.000000000000000000e+00
3925 3925 -1.000000000000000000e+00
3925 3926 1.000000000000000000e+00
3925 3929 1.000000000000000000e+00
3925 3941 1.000000000000000000e+00
3925 3989 1.000000000000000000e+00
3926 1879 1.000000000000000000e+00
3926 3798 1.000000000000000000e+00
3926 3894 1.000000000000000000e+00
3926 3918 1.000000000000000000e+00
3926 3925 1.000000000000000000e+00
3926 3926 -1.000000000000000000e+00
3926 3930 1.000000000000000000e+00
3926 3942 1.000000000000000000e+00
3926 3990 1.000000000000000000e+00
3927 3799 1.000000000000000000e+00
3927 3895 1.000000000000000000e+00
3927 3919 1.000000000000000000e+00
3927 3931 1.000000000000000000e+00
3927 3943 1.000000000000000000e+00
3927 3991 1.000000000000000000e+00
3928 1881 1.000000000000000000e+00
3928 3800 1.000000000000000000e+00
3928 3896 1.000000000000000000e+00
3928 3924 1.000000000000000000e+00
3928 3944 1.000000000000000000e+00
3928 3992 1.000000000000000000e+00
3929 3801 1.000000000000000000e+00
3929 3897 1.000000000000000000e+00
3929 3925 1.000000000000000000e+00
3929 3930 1.000000000000000000e+00
3929 3945 1.000000000000000000e+00
3929 3993 1.000000000000000000e+00
3930 1883 1.000000000000000000e+00
3930 3802 1.000000000000000000e+00
3930 3898 1.000000000000000000e+00
3930 3926 1.000000000000000000e+00
3930 3929 1.000000000000000000e+00
3930 3930 -1.000000000000000000e+00
3930 3932 1.000000000000000000e+00
3930 3946 1.000000000000000000e+00
3930 3994 1.000000000000000000e+00
3931 3803 1.000000000000000000e+00
3931 3899 1.000000000000000000e+00
3931 3927 1.000000000000000000e+00
3931 3933 1.000000000000000000e+00
3931 3947 1.000000000000000000e+00
3931 3995 1.000000000000000000e+00
3932 1885 1.000000000000000000e+00
3932 3804 1.000000000000000000e+00
3932 3900 1.000000000000000000e+00
3932 3930 1.000000000000000000e+00
3932 3948 1.000000000000000000e+00
3932 3996 1.000000000000000000e+00
3933 3805 1.000000000000000000e+00
3933 3901 1.000000000000000000e+00
3933 3931 1.000000000000000000e+00
3933 3934 1.000000000000000000e+00
3933 3949 1.000000000000000000e+00
3933 3997 1.000000000000000000e+00
3934 1887 1.000000000000000000e+00
3934 3806 1.000000000000000000e+00
3934 3902 1.000000000000000000e+00
3934 3933 1.000000000000000000e+00
3934 3950 1.000000000000000000e+00
3934 3998 1.000000000000000000e+00
3935 3807 1.000000000000000000e+00
3935 3903 1.000000000000000000e+00
3935 3935 1.000000000000000000e+00
3935 3951 1.000000000000000000e+00
3935 3999 1.000000000000000000e+00
3936 1889 1.000000000000000000e+00
3936 3808 1.000000000000000000e+00
3936 3920 1.000000000000000000e+00
3936 3936 1.000000000000000000e+00
3936 4000 1.000000000000000000e+00
3937 3809 1.000000000000000000e+00
3937 3921 1.000000000000000000e+00
3937 3937 1.000000000000000000e+00
3937 3938 1.000000000000000000e+00
3937 4001 1.000000000000000000e+00
3938 1891 1.000000000000000000e+00
3938 3810 1.000000000000000000e+00
3938 3922 1.000000000000000000e+00
3938 3937 1.000000000000000000e+00
3938 3940 1.000000000000000000e+00
3938 4002 1.000000000000000000e+00
3939 3811 1.000000000000000000e+00
3939 3923 1.000000000000000000e+00
3939 3939 1.000000000000000000e+00
3939 3941 1.000000000000000000e+00
3939 4003 1.000000000000000000e+00
3940 1893 1.000000000000000000e+00
3940 3812 1.000000000000000000e+00
3940 3924 1.000000000000000000e+00
3940 3938 1.000000000000000000e+00
3940 3944 1.000000000000000000e+00
3940 4004 1.000000000000000000e+00
3941 3813 1.000000000000000000e+00
3941 3925 1.000000000000000000e+00
3941 3939 1.000000000000000000e+00
3941 3942 1.000000000000000000e+00
3941 3945 1.000000000000000000e+00
3941 4005 1.000000000000000000e+00
3942 1895 1.000000000000000000e+00
3942 3814 1.000000000000000000e+00
3942 3926 1.000000000000000000e+00
3942 3941 1.000000000000000000e+00
3942 3946 1.000000000000000000e+00
3942 4006 1.000000000000000000e+00
3943 3815 1.000000000000000000e+00
3943 3927 1.000000000000000000e+00
3943 3943 1.000000000000000000e+00
3943 3947 1.000000000000000000e+00
3943 4007 1.000000000000000000e+00
3944 1897 1.000000000000000000e+00
3944 3816 1.000000000000000000e+00
3944 3928 1.000000000000000000e+00
3944 3940 1.000000000000000000e+00
3944 3952 1.000000000000000000e+00
3944 4008 1.000000000000000000e+00
3945 3817 1.000000000000000000e+00
3945 3929 1.000000000000000000e+00
3945 3941 1.000000000000000000e+00
3945 3946 1.000000000000000000e+00
3945 3953 1.000000000000000000e+00
3945 4009 1.000000000000000000e+00
3946 1899 1.000000000000000000e+00
3946 3818 1.000000000000000000e+00
3946 3930 1.000000000000000000e+00
3946 3942 1.000000000000000000e+00
3946 3945 1.000000000000000000e+00
3946 3946 -1.000000000000000000e+00
3946 3948 1.000000000000000000e+00
3946 3954 1.000000000000000000e+00
3946 4010 1.000000000000000000e+00
3947 3819 1.000000000000000000e+00
3947 3931 1.000000000000000000e+00
3947 3943 1.000000000000000000e+00
3947 3949 1.000000000000000000e+00
3947 3955 1.000000000000000000e+00
3947 4011 1.000000000000000000e+00
3948 1901 1.000000000000000000e+00
3948 3820 1.000000000000000000e+00
3948 3932 1.000000000000000000e+00
3948 3946 1.000000000000000000e+00
3948 3956 1.000000000000000000e+00
3948 4012 1.000000000000000000e+00
3949 3821 1.000000000000000000e+00
3949 3933 1.000000000000000000e+00
3949 3947 1.000000000000000000e+00
3949 3950 1.000000000000000000e+00
3949 3957 1.000000000000000000e+00
3949 4013 1.000000000000000000e+00
3950 1903 1.000000000000000000e+00
3950 3822 1.000000000000000000e+00
3950 3934 1.000000000000000000e+00
3950 3949 1.000000000000000000e+00
3950 3958 1.000000000000000000e+00
3950 4014 1.000000000000000000e+00
3951 3823 1.000000000000000000e+00
3951 3935 1.000000000000000000e+00
3951 3951 1.000000000000000000e+00
3951 3959 1.000000000000000000e+00
3951 4015 1.000000000000000000e+00
3952 1905 1.000000000000000000e+00
3952 3824 1.000000000000000000e+00
3952 3944 1.000000000000000000e+00
3952 3952 1.000000000000000000e+00
3952 4016 1.000000000000000000e+00
3953 3825 1.000000000000000000e+00
3953 3945 1.000000000000000000e+00
3953 3953 1.000000000000000000e+00
3953 3954 1.000000000000000000e+00
3953 4017 1.000000000000000000e+00
3954 1907 1.000000000000000000e+00
3954 3826 1.000000000000000000e+00
3954 3946 1.000000000000000000e+00
3954 3953 1.000000000000000000e+00
3954 3956 1.000000000000000000e+00
3954 4018 1.000000000000000000e+00
3955 3827 1.000000000000000000e+00
3955 3947 1.000000000000000000e+00
3955 3955 1.000000000000000000e+00
3955 3957 1.000000000000000000e+00
3955 4019 1.000000000000000000e+00
3956 1909 1.000000000000000000e+00
3956 3828 1.000000000000000000e+00
3956 3948 1.000000000000000000e+00
3956 3954 1.000000000000000000e+00
3956 3960 1.000000000000000000e+00
3956 4020 1.000000000000000000e+00
3957 3829 1.000000000000000000e+00
3957 3949 1.000000000000000000e+00
3957 3955 1.000000000000000000e+00
3957 3958 1.000000000000000000e+00
3957 3961 1.000000000000000000e+00
3957 4021 1.000000000000000000e+00
3958 1911 1.000000000000000000e+00
3958 3830 1.000000000000000000e+00
3958 3950 1.000000000000000000e+00
3958 3957 1.000000000000000000e+00
3958 3962 1.000000000000000000e+00
3958 4022 1.000000000000000000e+00
3959 3831 1.000000000000000000e+00
3959 3951 1.000000000000000000e+00
3959 3959 1.000000000000000000e+00
3959 3963 1.000000000000000000e+00
3959 4023 1.000000000000000000e+00
3960 1913 1.000000000000000000e+00
3960 3832 1.000000000000000000e+00
3960 3956 1.000000000000000000e+00
3960 3960 1.000000000000000000e+00
3960 4024 1.000000000000000000e+00
3961 3833 1.000000000000000000e+00
3961 3957 1.000000000000000000e+00
3961 3961 1.000000000000000000e+00
3961 3962 1.000000000000000000e+00
3961 4025 1.000000000000000000e+00
3962 1915 1.000000000000000000e+00
3962 3834 1.000000000000000000e+00
3962 3958 1.000000000000000000e+00
3962 3961 1.000000000000000000e+00
3962 3964 1.000000000000000000e+00
3962 4026 1.000000000000000000e+00
3963 3835 1.000000000000000000e+00
3963 3959 1.000000000000000000e+00
3963 3963 1.000000000000000000e+00
3963 3965 1.000000000000000000e+00
3963 4027 1.000000000000000000e+00
3964 1917 1.000000000000000000e+00
3964 3836 1.000000000000000000e+00
3964 3962 1.000000000000000000e+00
3964 3964 1.000000000000000000e+00
3964 4028 1.000000000000000000e+00
3965 3837 1.000000000000000000e+00
3965 3963 1.000000000000000000e+00
3965 3965 1.000000000000000000e+00
3965 3966 1.000000000000000000e+00
3965 4029 1.000000000000000000e+00
3966 1919 1.000000000000000000e+00
3966 3838 1.000000000000000000e+00
3966 3965 1.000000000000000000e+00
3966 3966 1.000000000000000000e+00
3966 4030 1.000000000000000000e+00
3967 3839 1.000000000000000000e+00
3967 3967 2.000000000000000000e+00
3967 4031 1.000000000000000000e+00
3968 1921 1.000000000000000000e+00
3968 3904 1.000000000000000000e+00
3968 3968 2.000000000000000000e+00
3969 3905 1.000000000000000000e+00
3969 3969 2.000000000000000000e+00
3969 3970 1.000000000000000000e+00
3970 1923 1.000000000000000000e+00
3970 3906 1.000000000000000000e+00
3970 3969 1.000000000000000000e+00
3970 3970 1.000000000000000000e+00
3970 3972 1.000000000000000000e+00
3971 3907 1.000000000000000000e+00
3971 3971 2.000000000000000000e+00
3971 3973 1.000000000000000000e+00
3972 1925 1.000000000000000000e+00
3972 3908 1.000000000000000000e+00
3972 3970 1.000000000000000000e+00
3972 3972 1.000000000000000000e+00
3972 3976 1.000000000000000000e+00
3973 3909 1.000000000000000000e+00
3973 3971 1.000000000000000000e+00
3973 3973 1.000000000000000000e+00
3973 3974 1.000000000000000000e+00
3973 3977 1.000000000000000000e+00
3974 1927 1.000000000000000000e+00
3974 3910 1.000000000000000000e+00
3974 3973 1.000000000000000000e+00
3974 3974 1.000000000000000000e+00
3974 3978 1.000000000000000000e+00
3975 3911 1.000000000000000000e+00
3975 3975 2.000000000000000000e+00
3975 3979 1.000000000000000000e+00
3976 1929 1.000000000000000000e+00
3976 3912 1.000000000000000000e+00
3976 3972 1.000000000000000000e+00
3976 3976 1.000000000000000000e+00
3976 3984 1.000000000000000000e+00
3977 3913 1.000000000000000000e+00
3977 3973 1.000000000000000000e+00
3977 3977 1.000000000000000000e+00
3977 3978 1.000000000000000000e+00
3977 3985 1.000000000000000000e+00
3978 1931 1.000000000000000000e+00
3978 3914 1.000000000000000000e+00
3978 3974 1.000000000000000000e+00
3978 3977 1.000000000000000000e+00
3978 3980 1.000000000000000000e+00
3978 3986 1.000000000000000000e+00
3979 3915 1.000000000000000000e+00
3979 3975 1.000000000000000000e+00
3979 3979 1.000000000000000000e+00
3979 3981 1.000000000000000000e+00
3979 3987 1.000000000000000000e+00
3980 1933 1.000000000000000000e+00
3980 3916 1.000000000000000000e+00
3980 3978 1.000000000000000000e+00
3980 3980 1.000000000000000000e+00
3980 3988 1.000000000000000000e+00
3981 3917 1.000000000000000000e+00
3981 3979 1.000000000000000000e+00
3981 3981 1.000000000000000000e+00
3981 3982 1.000000000000000000e+00
3981 3989 1.000000000000000000e+00
3982 1935 1.000000000000000000e+00
3982 3918 1.000000000000000000e+00
3982 3981 1.000000000000000000e+00
3982 3982 1.000000000000000000e+00
3982 3990 1.000000000000000000e+00
3983 3919 1.000000000000000000e+00
3983 3983 2.000000000000000000e+00
3983 3991 1.000000000000000000e+00
3984 1937 1.000000000000000000e+00
3984 3920 1.000000000000000000e+00
3984 3976 1.000000000000000000e+00
3984 3984 1.000000000000000000e+00
3984 4000 1.000000000000000000e+00
3985 3921 1.000000000000000000e+00
3985 3977 1.000000000000000000e+00
3985 3985 1.000000000000000000e+00
3985 3986 1.000000000000000000e+00
3985 4001 1.000000000000000000e+00
3986 1939 1.000000000000000000e+00
3986 3922 1.000000000000000000e+00
3986 3978 1.000000000000000000e+00
3986 3985 1.000000000000000000e+00
3986 3988 1.000000000000000000e+00
3986 4002 1.000000000000000000e+00
3987 3923 1.000000000000000000e+00
3987 3979 1.000000000000000000e+00
3987 3987 1.000000000000000000e+00
3987 3989 1.000000000000000000e+00
3987 4003 1.000000000000000000e+00
3988 1941 1.000000000000000000e+00
3988 3924 1.000000000000000000e+00
3988 3980 1.000000000000000000e+00
3988 3986 1.000000000000000000e+00
3988 3992 1.000000000000000000e+00
3988 4004 1.000000000000000000e+00
3989 3925 1.000000000000000000e+00
3989 3981 1.000000000000000000e+00
3989 3987 1.000000000000000000e+00
3989 3990 1.000000000000000000e+00
3989 3993 1.000000000000000000e+00
3989 4005 1.000000000000000000e+00
3990 1943 1.000000000000000000e+00
3990 3926 1.000000000000000000e+00
3990 3982 1.000000000000000000e+00
3990 3989 1.000000000000000000e+00
3990 3994 1.000000000000000000e+00
3990 4006 1.000000000000000000e+00
3991 3927 1.000000000000000000e+00
3991 3983 1.000000000000000000e+00
3991 3991 1.000000000000000000e+00
3991 3995 1.000000000000000000e+00
3991 4007 1.000000000000000000e+00
3992 1945 1.000000000000000000e+00
3992 3928 1.000000000000000000e+00
3992 3988 1.000000000000000000e+00
3992 3992 1.000000000000000000e+00
3992 4008 1.000000000000000000e+00
3993 3929 1.000000000000000000e+00
3993 3989 1.000000000000000000e+00
3993 3993 1.000000000000000000e+00
3993 3994 1.000000000000000000e+00
3993 4009 1.000000000000000000e+00
3994 1947 1.000000000000000000e+00
3994 3930 1.000000000000000000e+00
3994 3990 1.000000000000000000e+00
3994 3993 1.000000000000000000e+00
3994 3996 1.000000000000000000e+00
3994 4010 1.000000000000000000e+00
3995 3931 1.000000000000000000e+00
3995 3991 1.000000000000000000e+00
3995 3995 1.000000000000000000e+00
3995 3997 1.000000000000000000e+00
3995 4011 1.000000000000000000e+00
3996 1949 1.000000000000000000e+00
3996 3932 1.000000000000000000e+00
3996 3994 1.000000000000000000e+00
3996 3996 1.000000000000000000e+00
3996 4012 1.000000000000000000e+00
3997 3933 1.000000000000000000e+00
3997 3995 1.000000000000000000e+00
3997 3997 1.000000000000000000e+00
3997 3998 1.000000000000000000e+00
3997 4013 1.000000000000000000e+00
3998 1951 1.000000000000000000e+00
3998 3934 1.000000000000000000e+00
3998 3997 1.000000000000000000e+00
3998 3998 1.000000000000000000e+00
3998 4014 1.000000000000000000e+00
3999 3935 1.000000000000000000e+00
3999 3999 2.000000000000000000e+00
3999 4015 1.000000000000000000e+00
4000 1953 1.000000000000000000e+00
4000 3936 1.000000000000000000e+00
4000 3984 1.000000000000000000e+00
4000 4000 1.000000000000000000e+00
4000 4032 1.000000000000000000e+00
4001 3937 1.000000000000000000e+00
4001 3985 1.000000000000000000e+00
4001 4001 1.000000000000000000e+00
4001 4002 1.000000000000000000e+00
4001 4033 1.000000000000000000e+00
4002 1955 1.000000000000000000e+00
4002 3938 1.000000000000000000e+00
4002 3986 1.000000000000000000e+00
4002 4001 1.000000000000000000e+00
4002 4004 1.000000000000000000e+00
4002 4034 1.000000000000000000e+00
4003 3939 1.000000000000000000e+00
4003 3987 1.000000000000000000e+00
4003 4003 1.000000000000000000e+00
4003 4005 1.000000000000000000e+00
4003 4035 1.000000000000000000e+00
4004 1957 1.000000000000000000e+00
4004 3940 1.000000000000000000e+00
4004 3988 1.000000000000000000e+00
4004 4002 1.000000000000000000e+00
4004 4008 1.000000000000000000e+00
4004 4036 1.000000000000000000e+00
4005 3941 1.000000000000000000e+00
4005 3989 1.000000000000000000e+00
4005 4003 1.000000000000000000e+00
4005 4006 1.000000000000000000e+00
4005 4009 1.000000000000000000e+00
4005 4037 1.000000000000000000e+00
4006 1959 1.000000000000000000e+00
4006 3942 1.000000000000000000e+00
4006 3990 1.000000000000000000e+00
4006 4005 1.000000000000000000e+00
4006 4010 1.000000000000000000e+00
4006 4038 1.000000000000000000e+00
4007 3943 1.000000000000000000e+00
4007 3991 1.000000000000000000e+00
4007 4007 1.000000000000000000e+00
4007 4011 1.000000000000000000e+00
4007 4039 1.000000000000000000e+00
4008 1961 1.000000000000000000e+00
4008 3944 1.000000000000000000e+00
4008 3992 1.000000000000000000e+00
4008 4004 1.000000000000000000e+00
4008 4016 1.000000000000000000e+00
4008 4040 1.000000000000000000e+00
4009 3945 1.000000000000000000e+00
4009 3993 1.000000000000000000e+00
4009 4005 1.000000000000000000e+00
4009 4010 1.000000000000000000e+00
4009 4017 1.000000000000000000e+00
4009 4041 1.000000000000000000e+00
4010 1963 1.000000000000000000e+00
4010 3946 1.000000000000000000e+00
4010 3994 1.000000000000000000e+00
4010 4006 1.000000000000000000e+00
4010 4009 1.000000000000000000e+00
4010 4010 -1.000000000000000000e+00
4010 4012 1.000000000000000000e+00
4010 4018 1.000000000000000000e+00
4010 4042 1.000000000000000000e+00
4011 3947 1.000000000000000000e+00
4011 3995 1.000000000000000000e+00
4011 4007 1.000000000000000000e+00
4011 4013 1.000000000000000000e+00
4011 4019 1.000000000000000000e+00
4011 4043 1.000000000000000000e+00
4012 1965 1.000000000000000000e+00
4012 3948 1.000000000000000000e+00
4012 3996 1.000000000000000000e+00
4012 4010 1.000000000000000000e+00
4012 4020 1.000000000000000000e+00
4012 4044 1.000000000000000000e+00
4013 3949 1.000000000000000000e+00
4013 3997 1.000000000000000000e+00
4013 4011 1.000000000000000000e+00
4013 4014 1.000000000000000000e+00
4013 4021 1.000000000000000000e+00
4013 4045 1.000000000000000000e+00
4014 1967 1.000000000000000000e+00
4014 3950 1.000000000000000000e+00
4014 3998 1.000000000000000000e+00
4014 4013 1.000000000000000000e+00
4014 4022 1.000000000000000000e+00
4014 4046 1.000000000000000000e+00
4015 3951 1.000000000000000000e+00
4015 3999 1.000000000000000000e+00
4015 4015 1.000000000000000000e+00
4015 4023 1.000000000000000000e+00
4015 4047 1.000000000000000000e+00
4016 1969 1.000000000000000000e+00
4016 3952 1.000000000000000000e+00
4016 4008 1.000000000000000000e+00
4016 4016 1.000000000000000000e+00
4016 4048 1.000000000000000000e+00
4017 3953 1.000000000000000000e+00
4017 4009 1.000000000000000000e+00
4017 4017 1.000000000000000000e+00
4017 4018 1.000000000000000000e+00
4017 4049 1.000000000000000000e+00
4018 1971 1.000000000000000000e+00
4018 3954 1.000000000000000000e+00
4018 4010 1.000000000000000000e+00
4018 4017 1.000000000000000000e+00
4018 4020 1.000000000000000000e+00
4018 4050 1.000000000000000000e+00
4019 3955 1.000000000000000000e+00
4019 4011 1.000000000000000000e+00
4019 4019 1.000000000000000000e+00
4019 4021 1.000000000000000000e+00
4019 4051 1.000000000000000000e+00
4020 1973 1.000000000000000000e+00
4020 3956 1.000000000000000000e+00
4020 4012 1.000000000000000000e+00
4020 4018 1.000000000000000000e+00
4020 4024 1.000000000000000000e+00
4020 4052 1.000000000000000000e+00
4021 3957 1.000000000000000000e+00
4021 4013 1.000000000000000000e+00
4021 4019 1.000000000000000000e+00
4021 4022 1.000000000000000000e+00
4021 4025 1.000000000000000000e+00
4021 4053 1.000000000000000000e+00
4022 1975 1.000000000000000000e+00
4022 3958 1.000000000000000000e+00
4022 4014 1.000000000000000000e+00
4022 4021 1.000000000000000000e+00
4022 4026 1.000000000000000000e+00
4022 4054 1.000000000000000000e+00
4023 3959 1.000000000000000000e+00
4023 4015 1.000000000000000000e+00
4023 4023 1.000000000000000000e+00
4023 4027 1.000000000000000000e+00
4023 4055 1.000000000000000000e+00
4024 1977 1.000000000000000000e+00
4024 3960 1.000000000000000000e+00
4024 4020 1.000000000000000000e+00
4024 4024 1.000000000000000000e+00
4024 4056 1.000000000000000000e+00
4025 3961 1.000000000000000000e+00
4025 4021 1.000000000000000000e+00
4025 4025 1.000000000000000000e+00
4025 4026 1.000000000000000000e+00
4025 4057 1.000000000000000000e+00
4026 1979 1.000000000000000000e+00
4026 3962 1.000000000000000000e+00
4026 4022 1.000000000000000000e+00
4026 4025 1.000000000000000000e+00
4026 4028 1.000000000000000000e+00
4026 4058 1.000000000000000000e+00
4027 3963 1.000000000000000000e+00
4027 4023 1.000000000000000000e+00
4027 4027 1.000000000000000000e+00
4027 4029 1.000000000000000000e+00
4027 4059 1.000000000000000000e+00
4028 1981 1.000000000000000000e+00
4028 3964 1.000000000000000000e+00
4028 4026 1.000000000000000000e+00
4028 4028 1.000000000000000000e+00
4028 4060 1.000000000000000000e+00
4029 3965 1.000000000000000000e+00
4029 4027 1.000000000000000000e+00
4029 4029 1.000000000000000000e+00
4029 4030 1.000000000000000000e+00
4029 4061 1.000000000000000000e+00
4030 1983 1.000000000000000000e+00
4030 3966 1.000000000000000000e+00
4030 4029 1.000000000000000000e+00
4030 4030 1.000000000000000000e+00
4030 4062 1.000000000000000000e+00
4031 3967 1.000000000000000000e+00
4031 4031 2.000000000000000000e+00
4031 4063 1.000000000000000000e+00
4032 1985 1.000000000000000000e+00
4032 4000 1.000000000000000000e+00
4032 4032 2.000000000000000000e+00
4033 4001 1.000000000000000000e+00
4033 4033 2.000000000000000000e+00
4033 4034 1.000000000000000000e+00
4034 1987 1.000000000000000000e+00
4034 4002 1.000000000000000000e+00
4034 4033 1.000000000000000000e+00
4034 4034 1.000000000000000000e+00
4034 4036 1.000000000000000000e+00
4035 4003 1.000000000000000000e+00
4035 4035 2.000000000000000000e+00
4035 4037 1.000000000000000000e+00
4036 1989 1.000000000000000000e+00
4036 4004 1.000000000000000000e+00
4036 4034 1.000000000000000000e+00
4036 4036 1.000000000000000000e+00
4036 4040 1.000000000000000000e+00
4037 4005 1.000000000000000000e+00
4037 4035 1.000000000000000000e+00
4037 4037 1.000000000000000000e+00
4037 4038 1.000000000000000000e+00
4037 4041 1.000000000000000000e+00
4038 1991 1.000000000000000000e+00
4038 4006 1.000000000000000000e+00
4038 4037 1.000000000000000000e+00
4038 4038 1.000000000000000000e+00
4038 4042 1.000000000000000000e+00
4039 4007 1.000000000000000000e+00
4039 4039 2.000000000000000000e+00
4039 4043 1.000000000000000000e+00
4040 1993 1.000000000000000000e+00
4040 4008 1.000000000000000000e+00
4040 4036 1.000000000000000000e+00
4040 4040 1.000000000000000000e+00
4040 4048 1.000000000000000000e+00
4041 4009 1.000000000000000000e+00
4041 4037 1.000000000000000000e+00
4041 4041 1.000000000000000000e+00
4041 4042 1.000000000000000000e+00
4041 4049 1.000000000000000000e+00
4042 1995 1.000000000000000000e+00
4042 4010 1.000000000000000000e+00
4042 4038 1.000000000000000000e+00
4042 4041 1.000000000000000000e+00
4042 4044 1.000000000000000000e+00
4042 4050 1.000000000000000000e+00
4043 4011 1.000000000000000000e+00
4043 4039 1.000000000000000000e+00
4043 4043 1.000000000000000000e+00
4043 4045 1.000000000000000000e+00
4043 4051 1.000000000000000000e+00
4044 1997 1.000000000000000000e+00
4044 4012 1.000000000000000000e+00
4044 4042 1.000000000000000000e+00
4044 4044 1.000000000000000000e+00
4044 4052 1.000000000000000000e+00
4045 4013 1.000000000000000000e+00
4045 4043 1.000000000000000000e+00
4045 4045 1.000000000000000000e+00
4045 4046 1.000000000000000000e+00
4045 4053 1.000000000000000000e+00
4046 1999 1.000000000000000000e+00
4046 4014 1.000000000000000000e+00
4046 4045 1.000000000000000000e+00
4046 4046 1.000000000000000000e+00
4046 4054 1.000000000000000000e+00
4047 4015 1.000000000000000000e+00
4047 4047 2.000000000000000000e+00
4047 4055 1.000000000000000000e+00
4048 2001 1.000000000000000000e+00
4048 4016 1.000000000000000000e+00
4048 4040 1.000000000000000000e+00
4048 4048 1.000000000000000000e+00
4048 4064 1.000000000000000000e+00
4049 4017 1.000000000000000000e+00
4049 4041 1.000000000000000000e+00
4049 4049 1.000000000000000000e+00
4049 4050 1.000000000000000000e+00
4049 4065 1.000000000000000000e+00
4050 2003 1.000000000000000000e+00
4050 4018 1.000000000000000000e+00
4050 4042 1.000000000000000000e+00
4050 4049 1.000000000000000000e+00
4050 4052 1.000000000000000000e+00
4050 4066 1.000000000000000000e+00
4051 4019 1.000000000000000000e+00
4051 4043 1.000000000000000000e+00
4051 4051 1.000000000000000000e+00
4051 4053 1.000000000000000000e+00
4051 4067 1.000000000000000000e+00
4052 2005 1.000000000000000000e+00
4052 4020 1.000000000000000000e+00
4052 4044 1.000000000000000000e+00
4052 4050 1.000000000000000000e+00
4052 4056 1.000000000000000000e+00
4052 4068 1.000000000000000000e+00
4053 4021 1.000000000000000000e+00
4053 4045 1.000000000000000000e+00
4053 4051 1.000000000000000000e+00
4053 4054 1.000000000000000000e+00
4053 4057 1.000000000000000000e+00
4053 4069 1.000000000000000000e+00
4054 2007 1.000000000000000000e+00
4054 4022 1.000000000000000000e+00
4054 4046 1.000000000000000000e+00
4054 4053 1.000000000000000000e+00
4054 4058 1.000000000000000000e+00
4054 4070 1.000000000000000000e+00
4055 4023 1.000000000000000000e+00
4055 4047 1.000000000000000000e+00
4055 4055 1.000000000000000000e+00
4055 4059 1.000000000000000000e+00
4055 4071 1.000000000000000000e+00
4056 2009 1.000000000000000000e+00
4056 4024 1.000000000000000000e+00
4056 4052 1.000000000000000000e+00
4056 4056 1.000000000000000000e+00
4056 4072 1.000000000000000000e+00
4057 4025 1.000000000000000000e+00
4057 4053 1.000000000000000000e+00
4057 4057 1.000000000000000000e+00
4057 4058 1.000000000000000000e+00
4057 4073 1.000000000000000000e+00
4058 2011 1.000000000000000000e+00
4058 4026 1.000000000000000000e+00
4058 4054 1.000000000000000000e+00
4058 4057 1.000000000000000000e+00
4058 4060 1.000000000000000000e+00
4058 4074 1.000000000000000000e+00
4059 4027 1.000000000000000000e+00
4059 4055 1.000000000000000000e+00
4059 4059 1.000000000000000000e+00
4059 4061 1.000000000000000000e+00
4059 4075 1.000000000000000000e+00
4060 2013 1.000000000000000000e+00
4060 4028 1.000000000000000000e+00
4060 4058 1.000000000000000000e+00
4060 4060 1.000000000000000000e+00
4060 4076 1.000000000000000000e+00
4061 4029 1.000000000000000000e+00
4061 4059 1.000000000000000000e+00
4061 4061 1.000000000000000000e+00
4061 4062 1.000000000000000000e+00
4061 4077 1.000000000000000000e+00
4062 2015 1.000000000000000000e+00
4062 4030 1.000000000000000000e+00
4062 4061 1.000000000000000000e+00
4062 4062 1.000000000000000000e+00
4062 4078 1.000000000000000000e+00
4063 4031 1.000000000000000000e+00
4063 4063 2.000000000000000000e+00
4063 4079 1.000000000000000000e+00
4064 2017 1.000000000000000000e+00
4064 4048 1.000000000000000000e+00
4064 4064 2.000000000000000000e+00
4065 4049 1.000000000000000000e+00
4065 4065 2.000000000000000000e+00
4065 4066 1.000000000000000000e+00
4066 2019 1.000000000000000000e+00
4066 4050 1.000000000000000000e+00
4066 4065 1.000000000000000000e+00
4066 4066 1.000000000000000000e+00
4066 4068 1.000000000000000000e+00
4067 4051 1.000000000000000000e+00
4067 4067 2.000000000000000000e+00
4067 4069 1.000000000000000000e+00
4068 2021 1.000000000000000000e+00
4068 4052 1.000000000000000000e+00
4068 4066 1.000000000000000000e+00
4068 4068 1.000000000000000000e+00
4068 4072 1.000000000000000000e+00
4069 4053 1.000000000000000000e+00
4069 4067 1.000000000000000000e+00
4069 4069 1.000000000000000000e+00
4069 4070 1.000000000000000000e+00
4069 4073 1.000000000000000000e+00
4070 2023 1.000000000000000000e+00
4070 4054 1.000000000000000000e+00
4070 4069 1.000000000000000000e+00
4070 4070 1.000000000000000000e+00
4070 4074 1.000000000000000000e+00
4071 4055 1.000000000000000000e+00
4071 4071 2.000000000000000000e+00
4071 4075 1.000000000000000000e+00
4072 2025 1.000000000000000000e+00
4072 4056 1.000000000000000000e+00
4072 4068 1.000000000000000000e+00
4072 4072 1.000000000000000000e+00
4072 4080 1.000000000000000000e+00
4073 4057 1.000000000000000000e+00
4073 4069 1.000000000000000000e+00
4073 4073 1.000000000000000000e+00
4073 4074 1.000000000000000000e+00
4073 4081 1.000000000000000000e+00
4074 2027 1.000000000000000000e+00
4074 4058 1.000000000000000000e+00
4074 4070 1.000000000000000000e+00
4074 4073 1.000000000000000000e+00
4074 4076 1.000000000000000000e+00
4074 4082 1.000000000000000000e+00
4075 4059 1.000000000000000000e+00
4075 4071 1.000000000000000000e+00
4075 4075 1.000000000000000000e+00
4075 4077 1.000000000000000000e+00
4075 4083 1.000000000000000000e+00
4076 2029 1.000000000000000000e+00
4076 4060 1.000000000000000000e+00
4076 4074 1.000000000000000000e+00
4076 4076 1.000000000000000000e+00
4076 4084 1.000000000000000000e+00
4077 4061 1.000000000000000000e+00
4077 4075 1.000000000000000000e+00
4077 4077 1.000000000000000000e+00
4077 4078 1.000000000000000000e+00
4077 4085 1.000000000000000000e+00
4078 2031 1.000000000000000000e+00
4078 4062 1.000000000000000000e+00
4078 4077 1.000000000000000000e+00
4078 4078 1.000000000000000000e+00
4078 4086 1.000000000000000000e+00
4079 4063 1.000000000000000000e+00
4079 4079 2.000000000000000000e+00
4079 4087 1.000000000000000000e+00
4080 2033 1.000000000000000000e+00
4080 4072 1.000000000000000000e+00
4080 4080 2.000000000000000000e+00
4081 4073 1.000000000000000000e+00
4081 4081 2.000000000000000000e+00
4081 4082 1.000000000000000000e+00
4082 2035 1.000000000000000000e+00
4082 4074 1.000000000000000000e+00
4082 4081 1.000000000000000000e+00
4082 4082 1.000000000000000000e+00
4082 4084 1.000000000000000000e+00
4083 4075 1.000000000000000000e+00
4083 4083 2.000000000000000000e+00
4083 4085 1.000000000000000000e+00
4084 2037 1.000000000000000000e+00
4084 4076 1.000000000000000000e+00
4084 4082 1.000000000000000000e+00
4084 4084 1.000000000000000000e+00
4084 4088 1.000000000000000000e+00
4085 4077 1.000000000000000000e+00
4085 4083 1.000000000000000000e+00
4085 4085 1.000000000000000000e+00
4085 4086 1.000000000000000000e+00
4085 4089 1.000000000000000000e+00
4086 2039 1.000000000000000000e+00
4086 4078 1.000000000000000000e+00
4086 4085 1.000000000000000000e+00
4086 4086 1.000000000000000000e+00
4086 4090 1.000000000000000000e+00
4087 4079 1.000000000000000000e+00
4087 4087 2.000000000000000000e+00
4087 4091 1.000000000000000000e+00
4088 2041 1.000000000000000000e+00
4088 4084 1.000000000000000000e+00
4088 4088 2.000000000000000000e+00
4089 4085 1.000000000000000000e+00
4089 4089 2.000000000000000000e+00
4089 4090 1.000000000000000000e+00
4090 2043 1.000000000000000000e+00
4090 4086 1.000000000000000000e+00
4090 4089 1.000000000000000000e+00
4090 4090 1.000000000000000000e+00
4090 4092 1.000000000000000000e+00
4091 4087 1.000000000000000000e+00
4091 4091 2.000000000000000000e+00
4091 4093 1.000000000000000000e+00
4092 2045 1.000000000000000000e+00
4092 4090 1.000000000000000000e+00
4092 4092 2.000000000000000000e+00
4093 4091 1.000000000000000000e+00
4093 4093 2.000000000000000000e+00
4093 4094 1.000000000000000000e+00
4094 2047 1.000000000000000000e+00
4094 4093 1.000000000000000000e+00
4094 4094 2.000000000000000000e+00
4095 4095 3.000000000000000000e+00
